e6e3e0dedfdfdedededfdfdededddcdb
dbdadadadadadadadadadadadadadada
dadadbdcdcdcdcdcdcdcdcdadadadada
dadadadadadadbdbdcdddededfdfdfde
dedddddcdcd9d8d7d6d4d2d0cfcfcece
cececececececdcdcdcdcbcac8c5c4c0
c0bfbebdbcbcbbb9b8b6b4b3b2b1afae
aaa8a7a6a4a3a2a1a09e9d9c9c9c9b9a
98989a9a9a9a9a9b9b9b999796949393
93949590909191919192929394939291
8f8e8d8c8c8c8b8a8a89898888888888
88888888888684848484848484848384
84848484848585858585858585858583
8282828180807f7f8181818181818181
8180807f7f7e7e7d7d7d7d7d7d7c7b7b
7a7a7979787877777676767676767574
74737374747474747474747472727272
72727272727171717171717171717170
706f6f6f6e6e6d6d6c6c6b6a6a6a6867
67676666656564636363626161616060
5f5d5c5c5c5c5b5a5959595958585757
56565555545453535353545453535252
515150504f4f4f4e4d4d4d4d4d4d4d4d
4d4d4d4c4a4a4a4a4a4a4a4a4c4c4c4c
4c4c4c4c4c4a4a4a4a4a4a4a4a4b4c4c
4c4d4e4e4f4f52535252515150505050
505050505050504f4f50505151525253
50515152535454545658565358555456
4e412e1b0f1b371c182d34140f1d3645
3d33302d3a412c36333e424332303426
1b2d3d3242443e3a3f4d544b46484c5b
462e36333a38303a2f15081224233b3b
e5e3e0dededededddddededddddcdcdb
dbdad9d9d9d9d9d9d9d9dadadadadada
dadadadcdcdcdcdcdcdcdcdadadadada
dadadadad9dadbdbdbdcdddddedededd
dddcdcdcdcd9d8d7d6d4d2d0cfcfcdcd
cdcdcdcdcdcdcdcdcdcdcbcac8c5c4c0
bfbfbebdbcbbbab9b7b5b3b2b1b1afad
a9a7a7a6a4a2a1a09f9f9d9c9c9c9c9a
98989a9a9a9a9a9b9b9b989795949393
93949490909191919191919293929190
8e8d8c8b8b8b8b8a8988888888878787
87878787878684848484848484848384
84848484848585858585858585858583
8282818180807f7f8181818181818181
80807f7f7f7e7e7d7d7d7d7d7c7b7b7b
7a7a7979787877777676767676767574
74737373747474747474747372727272
72727272717171717171717171717170
706f6f6e6e6d6d6d6c6c6b6a6a6a6867
6766666565656463636362616160605f
5e5d5c5c5c5c5b595959595858575757
56565555545453535253545353535252
515150504f4f4e4d4d4d4d4d4d4d4d4d
4d4d4d4c4a4a4a4a4a4a4a4a4b4c4c4c
4c4c4c4c4b4a4a4a4a4a4a4a4a4b4c4c
4c4d4e4e4f4f52535252515050505050
505050505050504f4f50505151525253
50515152535354545657555358555457
4d402f1c0f1b351d1a2b3413101e3644
3c33302d3a412f32313d424232303326
1c2d3c3442403e3b404c514b46484f5b
463136333936303a2e14091324233b3b
e4e1dedddddddddddcdddcdcdbdbdad9
d9d8d8d8d8d8d8d8d8d8d9d9d9d9d9d9
d9d9d9dadadadadadadadad9d9d9d9d9
d9d9d9d9d8d9d9dadbdbdcdcdddddddc
dcdbdbdadad9d8d7d5d4d2d0cfcecccc
cccccccccccccdcdcdcdcccbc9c7c5bf
bebdbcbbbabab9b7b6b4b2b1b0afadac
a8a6a5a4a2a09f9d9ca19f9d9c9c9c9b
9b9a9a9a9a9a9a9b9b9b979594949392
9292938f8f8f8f8f8f8f8f909191908e
8d8c8b8a8a8a89898988878787868686
86868686868483838383838383838383
83838383838383848484848484848483
8282818180807f7f8080808080808080
807f7f7f7e7d7d7c7c7d7c7c7c7b7b7a
7a797878787777767676757675757474
73737373737373737373737371717171
7171717171707070707070707070706f
6f6e6e6e6d6d6c6c6b6b6a6a69696766
66666565646463626262616060605f5f
5e5c5b5b5c5c5a595959595858575656
56565555545453535352535353525151
50504f4f4e4e4e4d4d4c4c4c4c4c4c4c
4c4c4c4b4a4a4a4a4a4a4a4a4b4b4b4b
4b4b4b4b4b49494949494949494a4c4c
4c4d4d4e4e4f5252515150504f4f4f4f
4f4f4f4f4f4f4f4f4f4f4f5051515252
51515252535454545353555457555759
4e3d33200e1b32222424341312223841
3a34322d3a4239252c3b433d33323127
232e393c41313f41434a494b48485a5c
4a3a37353432323829100a1723223b3b
e3e0dddcdcdcdcdbdbdbdbdbdadad9d9
d8d7d7d7d7d7d7d7d7d7d8d8d8d8d8d8
d8d8d9d9d9d9d9d9d9d9d9d8d8d8d8d8
d8d8d8d8d7d8d8d9dadadbdbdbdcdbdb
dadad9d9d9d6d5d4d3d1cfcecdcccbcb
cbcbcbcbcbcbcccdcdcdcdcbcac8c6c0
bfbebdbdbbbabab8b7b5b3b2b1b0aead
aaa8a7a5a3a19f9d9ca09e9c9a9a9a9a
99989898979797989898959493939292
9191918e8e8e8e8e8e8e8e8f8f8f8e8d
8c8b8a89898989888887868686858585
85858585858483838383838383838383
83838383838383838383838383838382
8281818080807f7f7f7f7f7f7f7f7f7f
7f7e7e7e7d7d7d7c7b7c7c7b7b7a7a7a
79787777777776767675757574747373
73737372727272727272727270707070
70707070707070707070707070706f6f
6e6e6d6d6d6c6b6b6a6a6a6969686665
6565646463636261616161605f5f5e5e
5d5b5a5a5b5b5a595858585757565555
55565555545453535252525252515151
504f4f4e4e4e4d4c4c4b4b4b4b4b4b4b
4b4b4b4b4a4a4a4a4a4a4a4a4a4a4a4a
4a4a4a4a4a49494949494949494a4b4c
4c4c4d4e4e4e51515150504f4e4e4e4e
4e4e4e4e4e4e4e4e4e4f4f5051515151
51515252525354545353565456555655
452d2a21121d2d252f2e2a0f16293c43
3b363532383a37222f3a3a3d3731291e
1e2a3842412d322e394c4947484c584f
3f35313335353636240d0a1921223b3b
e2dfdcdbdbdbdadad9dadad9d9d8d8d8
d8d7d6d6d6d6d6d6d6d6d8d8d8d8d8d8
d8d8d8d8d8d8d8d8d8d8d8d7d7d7d7d7
d7d7d7d7d7d7d7d8d8d9d9d9dadadad9
d9d8d7d7d7d3d1d0cfcecccbcac9c9c9
c9c9c9c9c9c9cbcececececdcbcac8c1
c1c0bfbebdbcbcbab9b7b5b3b3b2b0ae
acaaa9a7a4a1a09e9da09d9a97979797
97969595949494949494939293939392
91908f8d8d8d8d8d8d8d8c8d8e8d8d8c
8a898988888888878787868686848484
84848484848382828282828282828282
82828282828282838383838383838382
8282818180807f7f7e7e7e7e7e7e7e7e
7e7e7e7e7d7c7c7b7b7c7b7b7b7a7a79
79787777777676757575747574747373
72727271717171717171717170707070
70707070706f6f6f6f6f6f6f6f6f6e6e
6d6d6d6c6c6c6b6a6a69696868676665
65646463636262616160605f5f5f5e5e
5d5b5a5a5b5b59585858585757565555
55565555545453535352525252515050
4f4f4e4e4e4e4d4c4c4b4b4b4b4b4b4b
4b4b4b4b4a4a4a4a4a4a4a4a49494949
494949494949494949494949494a4b4b
4c4c4d4e4e4e5050504f4f4f4e4e4d4e
4e4e4e4e4e4e4e4e4e4e4f4f50505151
51525252535353545454585555555650
3a171e211720272a3f3c1c0b1b344245
3e393a383530351e33382f3d3d301d12
17253749422921132d4f49424953563e
302f2830353a3c331e090b1d1f223b3b
e1dedbdadadad9d8d8d9d9d9d9d9d8d8
d8d7d7d7d7d7d7d7d7d7d7d7d7d7d7d7
d7d7d7d7d7d7d7d7d7d7d7d7d6d6d6d6
d6d6d6d6d6d6d6d7d7d7d7d7d8d8d8d7
d7d6d5d5d5d1cfcecdcccbc9c8c8c8c8
c8c8c8c8c8c8cbcecfcfcfcfcdcccac6
c6c5c4c3c2c1c1bfbdbcbab9b8b7b5b3
b1afaeaca9a6a3a2a1a19d9996959596
96959393929292919191919192929391
908f8d8d8c8c8c8c8c8b8b8b8c8c8b8a
89888887878787878786868686848484
84848484848382828282828282828282
82828282828182838383838383838383
828281818080807f7d7d7d7d7d7d7d7d
7d7e7d7d7c7c7b7b7b7b7b7b7a7a7978
78787777767675747474747474737372
7271717070707070707070706f6f6f6f
6f6f6f6f6f6e6e6e6e6e6e6e6e6e6d6d
6d6c6c6b6b6a6a696968686767666564
6463636262616160605f5f5e5e5e5d5d
5c5b59595a5a59585757575656555554
5456555554545353525252515150504f
4f4f4e4d4d4d4c4c4b4b4a4b4b4b4b4b
4b4b4b4a4a4a4a4a4a4a4a4a49484848
484848484848484848484848484a4b4b
4b4c4c4d4d4e4f4f4f4f4e4d4d4d4c4d
4d4d4d4d4d4d4d4d4d4e4e4f4f505050
52525252535353535354595452555448
2d1826261b1f222d393421192b3a3e40
3f3f3c353731302133362b37392d1b12
1b2c3a442b1f140f314a3c36454d4532
2e353234393f3b2712050b1919223a3a
e0dddad9d9d9d8d8d8d9d9d9d9d9d8d8
d8d7d7d7d7d7d7d7d7d7d7d7d7d7d7d7
d7d7d7d7d7d7d7d7d7d7d7d6d6d6d6d6
d6d6d6d6d6d6d6d6d6d6d6d6d7d7d7d6
d6d5d4d4d4d0cecdcccbcac9c8c8c8c8
c8c8c8c8c8c8cccfcfd0d0d0cfcdccc9
c9c8c7c6c5c5c4c2c1bfbdbcbbbab8b7
b4b2b1afaca8a6a4a3a19d9996949596
96949292919191909090909192929391
8f8e8d8d8c8c8c8b8b8a8a8a8b8b8a89
89888787878787878787868686848484
84848484848383838383838383838383
83828282828181838383838383838383
828282818180807f7d7d7d7d7d7d7d7d
7d7e7d7d7c7c7b7b7b7b7b7a7a7a7978
78787777767675747474747474737372
7271717070707070707070706f6f6f6f
6f6f6f6f6e6d6d6d6d6d6d6d6d6d6d6d
6c6c6c6b6b6a69696968676766666564
64636362616161605f5f5e5e5d5d5d5d
5c5b59595a5a59585757575656555554
5456555554545353535252515150504f
4f4f4e4d4d4d4c4c4b4b4a4b4b4b4b4b
4b4b4b4b4a4a4a4a4a4a4a4a48484848
48484848484848484848484848494b4b
4b4c4c4d4d4e4f4f4f4e4d4d4d4c4c4d
4d4d4d4d4d4d4d4d4d4d4e4e4f505050
52525253535353535354595351555344
25192a2a1d1f1f2f35302422353e3c3d
41423c3439312d2333352933362c1a12
1d303c421e1a0d0c33473430434a3b2b
2e3938373b423b210c030b1716223a3a
dfdddad8d8d8d8d7d8dadadadadbdada
dad9d9d9d9d9d9d9d9d9d7d7d7d7d7d7
d7d7d7d7d7d7d7d7d7d7d7d6d6d6d6d6
d6d6d6d6d6d6d6d5d5d5d5d5d5d5d5d4
d4d3d3d2d2d2d1d0d0cfcecdcccbc9c9
c9c9c9c9c9c9cccfd0d1d2d2d1d0cfd0
cfcecdcccbcacac9c6c4c3c2c1c0bebc
bab8b7b5b2afacaaa9a7a39e9b9a9a9b
9b999696959594939393919192939392
918f8e8e8d8d8c8c8b8a8a8a8a8a8a89
89888888888888888888888888858585
85858585858585858585858585858686
85858484838283848484848484848484
84838382818181817e7e7e7e7e7e7e7e
7e7e7d7d7c7c7b7b7b7b7b7a7a7a7978
78787777767675747474747474737372
727171706f6f6f6f6f6f6f6f6e6e6e6e
6e6e6e6e6d6d6d6d6d6d6d6d6d6d6d6c
6c6b6b6a6a6a69686867676666666463
636362616160605f5f5e5e5d5d5c5c5c
5c5b59595a5a59585757565656555554
5456555554545353535252515150504f
4f4f4e4d4d4c4c4c4b4b4a4b4b4b4b4b
4b4b4b4a4a4a4a4a4a4a4a4a48484848
48484848484848484848484848494a4a
4b4b4c4c4d4d4f4e4e4d4d4c4c4c4b4d
4d4d4d4d4d4d4d4d4d4d4e4e4f505050
5253535353525252525257514f524f42
2a2e301b0c121f371f14232d3d3d3538
3c382e314f4a2d251e23251f1e1e1816
263d3e300d171e313c2b233b4e43322f
2c35463b3233260f0404090e11293737
dfdddad8d8d8d8d8d8dadadadadbdbdb
dbd9d9d9d9d9d9d9d9d9d7d7d7d7d7d7
d7d7d7d7d7d7d7d7d7d7d7d6d6d6d6d6
d6d6d6d6d6d6d6d5d5d5d5d5d5d5d5d4
d4d3d3d2d2d2d2d1d0cfcececdccc9c9
c9c9c9c9c9c9cdcfd0d1d2d3d2d1d0d1
d0cfcecdcccccbcac8c6c4c3c2c1c0be
bcbab8b6b3b0adabaaa8a49f9c9b9b9c
9b999797969695949493929293949493
91908e8e8e8d8c8c8b8a8a8a8a8a8a89
89888888888888888989898989868686
86868686868686868686868686868786
86868484848383848484848484848484
84838383828181817e7e7e7e7e7e7e7e
7e7e7d7d7c7c7b7b7b7b7b7a7a797978
78787777767675747474747474737372
7271716f6f6f6f6f6f6f6f6f6e6e6e6e
6e6e6e6e6d6d6d6d6d6d6d6d6d6d6d6c
6c6b6a6a6a6a69686867676666666463
636362616160605f5f5e5e5d5d5d5c5c
5c5b59595a5a59585757575656555554
5456555554545353535252515150504f
4f4f4e4d4d4d4c4b4b4b4a4b4b4b4b4b
4b4b4b4a4a4a4a4a4a4a4a4a48484848
48484848484848484848484848494a4a
4b4b4c4c4d4d4f4e4e4d4d4c4c4c4b4d
4d4d4d4d4d4d4d4d4d4d4e4e4f505050
5353535353525252515257514f514e41
2b312f1809101f381a0f232f3f3c3437
3b362b31534f2c261a1f231a191b1817
28403e2c0b18233a3e26213e51423030
2b32483b2f2f210b0305090d112b3636
e0dddad9d9d9d8d8d9dbdbdbdcdcdddd
dddcdbdbdbdbdbdbdbdbd9d9d9d9d9d9
d9d9d9d8d8d8d8d8d8d8d8d7d7d7d7d7
d7d7d7d7d7d7d7d6d6d5d5d5d5d5d4d4
d3d3d2d2d1d2d1d1d0cfcfcfcecdcbcb
cbcbcbcbcbcbcdd0d1d3d4d5d5d5d4d4
d4d3d2d1d0d0cfcdcccac8c7c6c5c3c2
bfbdbcbab7b4b3b1b0aca8a5a2a09f9f
9f9d9b9b9a9998979696969696969695
9493939191908f8e8d8c8c8c8b8b8b8b
8b8b8b8b8b8b8c8c8c8c8d8d8d8b8b8b
8b8b8b8b8b8b8b8b8b8b8b8b8b8b8c8b
8b8a8988878786868686868686868686
85858584848383828080808080808080
7f7e7e7e7d7c7c7b7b7c7b7b7b7a7a79
79787777777676757575747574747373
7272727070707070707070706e6e6e6e
6e6e6e6e6e6d6d6d6d6d6d6d6d6d6d6c
6c6b6b6b6a6a69696868676666666463
636362616160605f5f5f5e5d5d5d5c5c
5d5b5a5a5b5b59585858585757565555
55565555545453535352525252515050
4f4f4e4e4e4e4d4c4c4b4b4b4b4b4b4b
4b4b4b4b4a4a4a4a4a4a4a4a48484848
4848484848494949494949494949494a
4a4b4b4c4c4c4f4e4e4d4d4d4c4c4c4e
4e4e4e4e4e4e4e4e4e4e4f4f50505151
5454535352525252525659514d493f39
331f0f0603091629090e23333d3d3b3b
34262339594c242e1814110a0d15181d
304131182037454931263e514c3f3634
150f362e1b140b040912120d16312323
e0dedbdad9d9d9d8d9dbdbdbdcdcdddd
dddbdbdbdbdbdbdbdbdbdadadadadada
dadad9d8d8d8d8d8d8d8d8d8d7d7d7d7
d7d7d7d7d7d7d7d6d6d6d5d5d5d5d4d4
d3d3d2d2d1d1d1d0d0cfcececdcdcccc
ccccccccccccced0d1d3d5d5d6d6d5d5
d5d4d3d2d1d0cfcecccac8c8c7c6c4c2
bfbebcbab8b5b4b2b1aca9a5a3a2a0a0
9f9d9c9c9b9a99989796979797969695
959494929291908f8e8d8d8c8c8c8c8c
8c8c8c8c8c8c8d8d8d8e8e8e8e8d8d8d
8d8d8d8d8d8c8c8c8c8c8c8c8c8c8d8c
8c8b8a89888887878787878787878786
86858584848383828080808080808080
807e7e7e7d7c7c7b7b7c7b7b7b7a7a79
79787777777676757575757574747373
7272727070707070707070706e6e6e6e
6e6e6e6e6d6d6d6d6d6d6d6d6d6d6d6c
6c6b6b6b6a6a69696868676666666463
636362616160605f5f5f5e5d5d5d5c5c
5d5b5a5a5b5b5a585858585757565555
55565555545453535252525252515050
4f4f4f4e4e4d4d4c4c4b4b4b4b4b4b4b
4b4b4b4b4a4a4a4a4a4a4a4a48484848
4848484848494949494949494949494a
4a4b4b4c4c4c4e4e4e4e4d4c4c4c4c4e
4e4e4e4e4e4e4e4e4e4e4f4f50505151
54545353525252515256574e4b463a33
2e1d1008050a14240b142d383f3e3d39
3126263b5849272f1b16110b10181b21
34402d17253d4847332f434a433b3633
130c302a191109060b14140e162f2323
e1dfdcdadadbdadad9dadadadbdcdddd
dddcdbdbdbdbdbdbdbdbdcdcdcdcdcdc
dcdcdbdadadadadadadadad9d9d9d9d9
d9d9d9d9d9d9d9d8d7d7d6d6d5d5d5d4
d4d3d3d2d2cfcfcfcecececdcdcccece
cececececececfd1d2d5d6d7d8d8d7d7
d7d6d5d4d2d2d1d0cfcdcac9c9c8c6c4
c1bfbebcbab8b7b6b5aeaca9a6a5a4a2
a09f9f9f9e9d9b9a99989a9a99999898
9798989595949391908f8e8e8e8e8e8e
8e8e8e8e8f8f8f909091919292919191
91919191919090909090909090909190
908f8d8d8c8b8a898989898989898988
87878786868585848282828282828282
817f7f7f7e7d7d7c7c7d7c7c7c7b7b7a
7a797878787777767676757675757474
7373737170707070707070706f6f6f6f
6f6f6f6f6e6d6d6d6d6d6d6d6d6d6d6d
6c6c6c6b6b6a69696968676766666564
64636362616161605f5f5e5e5d5d5d5d
5e5c5b5b5c5c5a595959595858575656
56565555545453535352535353525151
50504f4f4e4e4e4d4d4c4c4c4c4c4c4c
4c4c4c4b4a4a4a4a4a4a4a4a48484848
48484848484949494949494949494949
4a4a4b4b4c4c4f4f4f4e4d4d4d4c4d4f
4f4f4f4f4f4f4f4f4f4f4f5051515252
545454535252525153565145443f2c23
2116130e080b0d140f23494843424136
2927314355412d33251b110e1923242d
3f3e2315334e5341394951392730372e
0d041d1f1408050a11191a1218282323
e1e0dddbdadbdbdad9d9d9dadadbdcdc
dddbdbdbdbdbdbdbdbdbdcdcdcdcdcdc
dcdcdcdbdbdbdbdbdbdbdbdad9d9d9d9
d9d9d9dadadad9d9d8d7d7d6d6d5d5d4
d4d3d3d2d2d0d0d0cfcfcfcecececfcf
cfcfcfcfcfcfd0d1d2d5d7d8d8d8d8d8
d8d7d6d5d4d3d2d1cfcdcbcacac9c7c5
c2c0bfbebcbab9b8b7b1afacaaa9a7a5
a3a2a2a2a1a09e9d9c9b9c9c9b999998
999999969695949291908f8f8e8e8e8f
8f8f8f8f909090919292939393929292
92929292929291919191919191919292
92908f8e8c8c8b8a8a8a8a8a8a8a8a89
87878786868585848383838383838383
827f7f7f7e7d7d7c7c7d7d7c7c7b7b7a
7a797878787877777676767675757474
7373737170707070707070706f6f6f6f
6f6f6f6f6e6d6d6d6d6d6d6d6d6d6d6d
6d6c6b6b6b6a69696968686767666564
6463636261616160605f5f5e5e5d5d5d
5e5c5b5b5c5c5b595959595858575656
56565555545453535252535353525151
5150504f4f4e4e4d4d4c4c4c4c4c4c4c
4c4c4c4b4a4a4a4a4a4a4a4a49484848
48484848494949494949494949494949
4a4a4a4b4c4c4f4f4f4e4e4d4d4c4d4f
4f4f4f4f4f4f4f4f4f4f505051515252
54545453525251515152493c3f3d271a
171d2113050a121d2135494641444434
2326374d61503e2f211a181722251f27
3c3b2320394a4d41444c422b242f3525
0a0410161308050c10161911141c1a1a
e2e0dddbdbdcdbdbd9d8d9d9dadbdcdc
dddcdbdbdbdbdbdbdbdbdddddddddddd
dddddddcdcdcdcdcdcdcdcdadadadada
dadadadadbdbdad9d8d7d7d7d6d6d6d5
d5d4d3d3d3d1d1d1d0d0d0d0cfcfd1d1
d1d1d1d1d1d1d0d1d3d5d7d8d9d9d9da
d9d8d7d6d5d5d4d3d1cfcdcccbcac8c7
c3c1c0c0bebcbbbabab5b2b0aeadaca9
a6a5a6a6a5a3a2a19f9f9f9e9c9b9a99
9a9b9c9897969593929190908f8f8f90
90909090919192939394949595949494
94949494949393939393939393939494
9392908f8e8d8d8b8b8b8b8b8b8b8b8a
88888887878686858484848484848484
8380807f7f7e7e7d7d7d7d7d7d7c7b7b
7a7a7979787877777676767676767574
7473737170707070707070706f6f6f6f
6f6f6f6f6f6e6e6e6e6e6e6e6e6e6e6d
6d6c6c6b6b6b6a6a6969686767676564
6464636262616160605f5f5e5e5e5d5e
5f5d5c5c5c5c5b5a5959595958585757
56565555545453535353545453535252
515150504f4f4f4e4d4d4d4d4d4d4d4d
4d4d4d4c4a4a4a4a4a4a4a4a49494949
49494949494a4a4a4a4a4a4a4a4a4949
494a4a4b4c4c4f4f4f4e4e4e4d4d4e50
505050505050504f4f50505151525253
5554545352515151504c4132393a2110
0b26321902091928374849433e464831
1e263f586f60522a1c1a20222d281922
3937232c3f4646405151311c202e331c
0804010c1309050f0f1318100f0e1010
e4e2dfdddddddddddbdbdbdadbdadbda
dadddddddddddddddddedcdcdcdcdcdc
dcdcdcdddddddddddddddddcdbdbdbdb
dbdbdbdbd9d9d8d8d8d8d7d7d6d5d5d4
d4d3d3d2d2d1d0d0d0cfcfcececfd2d2
d2d2d2d2d2d2d1d0d1d3d5d7d9dadadc
dcdad9d8d7d6d5d5d4d3d1d0cecdcbca
c9c6c3c1bfbdbdbbbbb9b7b5b3b1afad
aba9a7a7a6a5a5a4a3a2a09f9e9d9c9b
9b9b9a99989898989797979694939292
92939495939394949596979798989797
96959594949494949494949495959594
9493929191908f8d8c8b8b8a89888888
89898887878787868484848483838382
828180807f7e7d7c7c7c7c7c7b7b7a7a
79797878777776767575757575757473
73727272717171717070706f6f6f6f6f
6f6f6f6f6f6e6e6e6e6e6e6e6e6e6e6d
6d6c6c6b6b6b6a6a6969686867676564
6464636362616162626161605f5e5d5d
5d5c5c5b5b5b5a595858585857565655
55565656555554535353535252515151
505050504f4f4f4e4d4d4d4d4d4c4c4c
4c4b4b4b4b4b4b4b4b4b4b4b4a494949
494949494a494949494949494949494a
4a4b4b4c4c4c4f504f4f4e4d4d4c4d4f
50505050505152504f51525251515253
5459554f4e4e50504738311f3836170c
1e2a210f0a1b2f3b3e3f4c40454c463e
3e3f4a697c603d1c1e1f2b2f2b1d172a
3f3629394d433e4b43361e101f383214
05020a14141007080b0d131912060606
e5e3e0dededfdededddcdcdbdbdadad9
d9dddfdfdfdfdfdfdfdfdcdcdcdcdcdc
dcdcdcdddddddddddddddddcdcdcdcdc
dcdcdcdbd8d8d8d8d8d8d8d8d6d5d5d4
d4d3d3d2d2d1d0d0cfcfcfcececed2d2
d2d2d2d2d2d2d1d0d1d3d5d7d9dadbdd
dddbdad9d8d7d6d6d6d6d4d2d0cecdcc
cbc9c5c2bfbebebcbbbbbab8b6b3b1af
aeaba7a7a7a6a6a5a5a4a1a09f9f9e9c
9b9b9a9999999a9a9a9a9a9997959493
939596989594959696979898999a9998
97969594949494959595959596969594
949393939292918e8d8c8b8988878688
89898988888887878585858483838382
828281807f7e7d7c7b7c7c7b7b7b7a7a
79797878777776757575757575757473
73727272727271717170706f70707070
707070706f6e6e6e6e6e6e6e6e6e6e6d
6d6c6c6c6b6b6a6a6969686867676564
6464636362626163636261605f5f5e5d
5c5c5c5b5b5a5a595858585757565655
55575756565554545454535252515150
505050504f4f4f4e4d4d4d4d4d4c4c4b
4b4a4a4b4c4c4c4c4c4c4c4c4a4a4a4a
4a4a4a4a4a4949494949494949494a4a
4b4b4c4d4d4d50504f4f4e4e4d4c4c4e
50515150515253504f52545352515254
545b554d4c4c4f50432f2a163834130b
272d1a0a0e243a44413b4e3f49504544
4e4c4f7283613415202131362b18162e
41362c4054423a513d2a160a1f3d3211
04020e1915130805090a111e14030101
e6e3e0dfdfdfdfdedddddddcdcdcdbda
dadddfdfdfdfdfdfdfdfdddddddddddd
dddddddededededededededcdcdcdcdc
dcdcdcdcdadadadadadadadad8d6d6d5
d5d5d4d4d3d2d1d1d0d0cfcfcecfd2d2
d2d2d3d3d3d3d2d2d3d4d5d7d9dadadd
dddcdbdad9d7d7d7d7d6d5d4d2d1d0cf
cdcbc8c5c3c2c1bfbebebebcbab8b6b4
b3b2b2b1b0afaeacabaaa8a6a6a5a4a3
a2a1a09c9c9c9c9b9a9a999998979695
95969798979798999a9b9c9c9c9b9b9a
99989796959595959595959596969595
9494939292929190908e8e8d8b8a8a8a
8a8a8a89898988888686858584838383
838281807f7e7d7c7c7c7c7b7b7a7a7a
79797878777776757575757575757473
73727272727271717170706f70707070
707070706f6e6e6e6e6e6e6e6e6e6e6e
6d6d6c6c6b6b6a6a6a69686867676665
6464636362626263636261605f5e5d5d
5c5c5c5b5b5a5a595858585757575655
55575756565554545454535352525150
505050504f4f4f4e4e4d4d4d4d4d4c4c
4b4a4a4b4c4c4c4c4c4c4c4c4a4a4a4a
4a4a4a4a4a4949494949494949494a4a
4b4b4c4d4d4d4f4f4f4e4e4d4d4c4c4e
4f515150505152535250505252505052
555450524d4f52452b1b21192f2a1315
2c1f162032404443403b48444d554e41
3e47555b514229192834252826202535
3c3333474b453e42241208081c32270e
090509161e0a04030505090f0b0e1b1b
e6e3e0dfdfdfdfdededddddddcdcdbda
dadedfdfdfdfdfdfdfdfdddddddddddd
dddddddededededededededcdcdcdcdc
dcdcdcdcdadadadadadadadad8d6d6d6
d5d5d4d4d3d2d1d1d0d0d0cfcfcfd2d2
d2d2d3d3d3d4d3d3d4d5d6d7d9dadade
dddcdbdad9d8d7d7d7d6d5d4d2d1d0cf
ceccc9c6c4c3c2bfbebfbebdbbb9b7b5
b4b4b5b4b3b1b0aeadacaaa8a8a7a5a5
a4a3a29e9e9e9d9c9b9a9a9999989795
959697989798999a9b9c9c9d9d9c9b9a
99989797969595959595959596969595
9494939292929291908f8e8d8c8b8a8b
8b8a8a8a898988888686858584838383
838281807f7e7d7c7c7c7c7b7b7b7a7a
79797878777776757575757575757473
73727272727271717170706f70707070
707070706f6e6e6e6e6e6e6e6e6e6e6e
6d6d6c6c6b6b6a6a6a69686867676665
6464636362626263636261605f5f5d5d
5c5c5c5b5b5a5a595858585857575655
55575756565554545453535352525150
505050504f4f4f4e4e4d4d4d4d4d4c4c
4b4a4a4b4c4c4c4c4c4c4c4c4a4a4a4a
4a4a4a4a4a4949494949494949494a4a
4b4b4c4d4d4d4e4f4f4e4d4d4c4c4c4e
4f515150505152535250505252505052
545350524e4f51422719211b2d291317
2c1e182638434442403c45454e565041
3b455356483c271f2b35242726222735
3a33364949463f3e1f0e07081b2e240d
0c0608151c0903030404080c09101e1e
e7e4e1e0e0e0dfdfdfe0dfdfdededddd
dddedfdfdfdfdfdfdfdfdededededede
dedededededededededededddddddddd
dddddddddcdcdcdcdcdcdcdcdad9d9d8
d7d7d6d6d6d3d3d3d2d1d1d1d0d0d1d2
d2d3d4d5d5d6d6d6d6d6d7d8d9d9dade
dedddcdbdadad9d9d8d7d7d6d5d4d3d3
d1cfcdcccbc9c7c4c2c1c0bfbebdbcba
babcbebdbbbab8b6b5b4b3b1b0b0afae
adacaba6a6a4a3a1a09f9e9e9e9d9c9a
9999999a9a9b9b9c9d9e9fa0a19f9e9d
9c9b9a99999796969696969696969595
959493939392929494939291908f8e8d
8d8d8c8b8b8a89898786868585848484
83828281807f7d7c7c7c7c7b7b7b7a7a
79797878777776757575757575757473
73727272727271717170706f70707070
70707070706f6f6f6f6f6f6f6f6f6f6e
6e6d6d6c6c6c6b6a6a69696868686665
6565646363626263636261605f5f5e5d
5c5c5c5b5b5a5a595959595858575656
56575756565554545454535353525151
5050515050504f4f4e4e4d4e4e4d4d4c
4b4b4b4b4c4c4c4c4c4c4c4c4a4a4a4a
4a4a4a4a4a4949494949494949494a4a
4b4b4c4d4d4d4e4e4e4d4d4d4c4c4c4d
4f505050505152515050535654514f52
544f504c4d4a412f1a202b2e2b25141c
2427303e47433c3d4345344a555a5740
2c3142413528244c362523302d282b2e
2f36475440494635100508101110120e
17110a08040103020203070606182121
e7e5e2e1e0e0e0dfe0e0e0dfdfdedede
dedfdfdfdfdfdfdfdfdfdededededede
dedededededededededededddddddddd
dddddddddcdcdcdcdcdcdcdcdbd9d9d8
d8d8d7d6d6d4d4d4d3d2d2d1d1d1d1d2
d2d3d4d5d5d6d6d7d7d7d8d8d9d9dade
dedddddcdbdad9d9d8d7d7d6d5d5d4d4
d2cfcecdcccbc9c5c3c1c0c0bfbebdbc
bbbcbebdbbbbb9b8b7b6b4b3b2b2b0af
aeaeada9a9a7a6a4a3a2a1a1a09f9d9c
9b9a9a9b9b9b9c9c9e9fa0a1a1a09f9e
9d9c9b9a9a9897979797969696969595
95949493929293949493929191908f8e
8e8d8c8b8b8a89898787868685858484
83828281807f7d7c7c7c7c7b7b7a7a7a
79797878777776757575757575757473
73727272727271717070706f70707070
707070706f6f6f6f6f6f6f6f6f6f6f6e
6e6e6d6c6c6c6b6a6a69696868686665
6564646363626263636261605f5e5e5d
5c5c5c5b5b5a5a595959595858575656
56575756565554545454535353525151
5050515050504f4f4e4e4d4e4e4d4d4c
4b4b4b4b4c4c4c4c4c4c4c4c4a4a4a4a
4a4a4a4a4a4949494949494949494a4a
4b4b4c4d4d4d4d4e4e4d4d4c4c4c4c4d
4f505050505152515052545654525153
504d4845464237291d1e272f2d2c1e27
2d30364046423d3f4443374e5554513f
2e313e3b3027284d312024322d272a2d
2f38484f3d4643300e04060d0f10120f
17120f0c040204030203060605121a1a
e8e5e2e1e1e1e1e1e1e2e2e1e1e0e0df
dfe0e0e0e0e0e0e0e0e0e0e0e0e0e0e0
e0e0e0dfdfdfdfdfdfdfdfdedededede
dededededcdcdcdcdcdcdcdcdbdbdbda
dad9d9d8d8d6d5d5d4d4d4d3d3d2d2d3
d3d4d5d6d7d7d8d9d9d9d9d9d9d9d9df
dfdedddddcdcdbdad8d8d8d7d7d7d6d6
d3d1d0d0d0ceccc9c6c1c1c1c0c0bfbf
bfbebebebdbdbcbcbbbbb9b8b7b7b5b4
b3b2b2afafaeadabaaa9a9a7a5a3a2a1
9f9e9e9d9c9d9d9e9fa0a1a2a2a2a2a1
a09f9d9d9c9a99999898989797979696
95959494939393959594939392919190
8f8f8e8d8c8b8b8a8888878786858585
84838281807f7e7d7d7c7c7b7b7b7a7a
79797878777776757575757575757473
73727272727271717170706f70707070
70707070706f6f6f6f6f6f6f6f6f6f6f
6e6e6e6d6c6c6b6b6b6a696968686766
6665646463636363636261605f5f5e5d
5c5c5c5b5b5a5a595959595958585756
56575756565554545454545453535251
515151515050504f4f4e4e4e4e4e4d4d
4c4b4b4b4c4c4c4c4c4c4c4c4a4a4a4a
4a4a4a4a4a4949494949494949494a4a
4b4b4c4d4d4d4d4d4d4d4d4d4d4d4d4d
4f50504f4f5052515256585655555556
474a38363832231c231b2032333d3441
4344444444414044443e3f565447443d
3333362f26233251261429372b24282c
303e4a44383f3d25090203070a0f1210
17141b16060405040404050602060909
e8e6e4e2e1e1e1e1e1e3e3e2e2e1e0e0
e0e0e0e0e0e0e0e0e0e0e0e0e0e0e0e0
e0e0dfdfdfdfdfdfdfdfdfdfdfdfdfdf
dfdfdfdedcdcdcdcdcdcdcdcdcdcdbdb
dbdadad9d9d7d7d6d6d5d5d4d4d3d3d4
d4d5d5d6d7d7d8d9d9d9d9d9d9d9d9df
dfdededddddcdcdad8d8d8d7d7d7d7d6
d4d2d1d1d1d0cdcac7c2c2c2c2c2c1c1
c1c0bfbfbebebdbdbcbcbab9b8b7b6b5
b4b3b3b1b1b0b0afafaeaeaba8a7a6a5
a3a2a1a09f9fa0a0a1a2a3a3a3a3a3a2
a1a19f9e9e9c9a9a9999999898979696
96959594939393949493939292929191
90908f8d8c8b8b8a8888878787868685
8583828180807f7e7d7c7c7b7b7a7a7a
79797878777776757575757575757473
73727272727271717170706f70707070
70707070706f6f6f6f6f6f6f6f6f6f6f
6f6e6e6d6c6c6b6b6b6a696969686766
6665646463636363636261605f5e5d5c
5c5c5c5b5b5a5a595959595958585756
56575756565554545454545453535251
515151515150504f4f4e4e4e4e4e4d4d
4d4c4b4c4c4c4c4c4c4c4c4c4a4a4a4a
4a4a4a4a4a4949494949494949494a4a
4b4b4c4d4d4d4d4d4d4d4d4d4d4d4d4e
4f50504f4f515251525555535354514b
3d3a2f2f362a1718272425393b3f2f35
3741454443434346453f4a5145393a3d
3d3f3e30212a413a2728302f24242f36
3942453732312f1a0703060a0f111111
1a171e1c0e0604050705070b05040909
e9e7e4e2e2e2e2e2e2e4e4e3e3e2e1e1
e1e1e1e1e1e1e1e1e1e1e0e0e0e0e0e0
e0e0e0dfdfdfdfdfdfdfdfe0e0e0e0e0
e0e0e0dfdcdcdcdcdcdcdcdcdddddddc
dcdbdbdadad8d8d7d7d6d6d6d5d5d4d5
d5d6d6d7d7d7d9dadadadad9d9d9d9df
dfdededddddddddbd9d9d8d8d8d7d7d7
d4d2d2d2d2d1ceccc9c4c4c4c4c4c3c3
c3c2c0c0bfbfbebebdbdbcbab9b9b8b7
b6b5b5b3b3b3b3b3b3b3b3afabaaaaa9
a7a6a4a3a2a2a3a3a3a4a4a4a5a5a5a4
a3a2a1a09f9d9c9c9b9b9a9999989696
96959595949493949393939292929192
9191908e8d8c8b8b8989888887878786
8583838281807f7e7d7c7c7b7b7b7a7a
79797878777776757575757575757473
73727272727271717170706f70707070
7070707070707070707070707070706f
6f6e6e6e6d6d6c6c6b6b6a6969696766
6666656564636363636261605f5f5e5d
5c5c5c5b5b5a5a595a5a5a5959585857
57575756565554545454545454535352
52515252515150504f4f4f4f4f4e4e4d
4d4c4c4c4c4c4c4c4c4c4c4c4a4a4a4a
4a4a4a4a4a4949494949494949494a4a
4b4b4c4d4d4d4d4d4d4e4e4e4e4e4e4e
4f515150505152515255535052534e42
342a272935240c152b2d294042422b2a
2b3e4644434446484641544c382d313e
474b46311c314e25273a37291e253640
4247412b2d2523100404080e14141012
1e1a2121160902060b08081009030a0a
eae8e5e3e3e3e3e2e3e4e4e4e3e3e2e2
e2e1e1e1e1e1e1e1e1e1e0e0e0e0e0e0
e0e0e0e0e0e0e0e0e0e0e0e0e1e1e1e1
e1e1e1e0dcdcdcdcdcdcdcdcdddedddd
dcdcdcdbdbdad9d9d9d8d7d7d6d6d6d6
d6d7d7d7d7d7d9dadadad9d9d9d9d9de
dedededddddddddcd9d9d8d8d7d6d5d5
d4d2d1d0d0d0cecccac7c7c7c7c7c6c6
c6c5c5c4c3c2c1bfbebebdbcbbbbb9b8
b7b6b6b4b4b4b4b5b5b5b5b2aeaeaeae
adabaaa9a9a8a9a8a8a8a7a7a7a7a6a5
a5a4a3a2a19f9f9e9e9d9c9b9a999797
96969595949493929292929291919192
9291908f8d8c8b8a8a8a898988888787
8684838281807f7e7e7c7c7b7b7a7a7a
79797878777776757575757575757473
73727272727271717070706f70707070
70707070707070707070707070717070
6f6f6e6e6e6d6c6c6c6b6b6a6a696867
6666656564646463636261605f5f5e5d
5c5c5c5b5b5a5a595a5a5a5959595857
57575756565554545454555454545353
52525252525150504f4f4f504f4f4e4e
4d4d4c4c4c4c4c4c4c4c4c4c4a4a4a4a
4a4a4a4a4a4949494949494949494a4a
4b4b4c4d4d4d4e4e4e4e4f4f4f4f4f4f
5052525151525353545656565854422a
3d282231311d0f1a2c232641473d2620
273f4a4b49433e404648372b262e3b44
45423828232e3c192d3a2f2625314249
484944342c1b1a090509121f1e0f0915
2a1e16130f0501070d0808110d040505
eae8e5e3e3e4e3e3e3e5e5e4e4e3e2e2
e2e1e1e1e1e1e1e1e1e1e0e0e0e0e0e0
e0e0e0e0e0e0e0e0e0e0e0e1e1e1e1e1
e1e1e1e0dcdcdcdcdcdcdcdcdddededd
dddcdcdbdbdadadad9d8d8d8d7d7d7d7
d7d7d7d7d7d7d9dadadad9d9d9d9d9de
dedededddddddddcd9d9d8d8d7d6d5d5
d4d2d0d0d0cfcecccac9c9c9c8c8c7c7
c7c7c7c6c5c3c2c0bfbebdbdbcbcbab9
b8b7b7b4b5b5b5b6b6b6b7b4b0b0b0b0
afadacababababaaaaa9a9a8a8a8a7a6
a5a4a3a2a1a0a0a09f9e9d9c9b9a9797
96969595959494929292929291919192
9292908f8e8c8b8a8a8a8a8988888887
8684848381807f7e7e7d7c7b7b7b7a7a
79797878777776757575757575757473
73727272727271717170706f70707070
70707070707070707070707070717070
6f6f6f6e6e6d6c6c6c6b6b6a6a696867
6766666564646463636261605f5f5e5d
5c5c5c5b5b5a5a595a5a5a5a59595858
57575756565554545454555554545353
5252525252525150504f4f504f4f4e4e
4d4d4c4c4c4c4c4c4c4c4c4c4a4a4a4a
4a4a4a4a4a4949494949494949494a4a
4b4b4c4d4d4d4e4e4e4f4f4f5050504f
5152525151525454555657585b553e21
412821332f1b111c2c1f2542493b241c
263f4c4e4c433b3d464b2d1f202f3f46
443e3325262d35152f3a2c262836474c
4a4a45372c181706060b1726220d0716
2e1f120d0c0300070d0908110f040303
ebe9e6e4e4e4e4e3e4e5e5e5e4e3e3e2
e2e2e2e2e2e2e2e2e2e2e0e0e0e0e0e0
e0e0e0e0e0e0e0e0e0e0e0e1e2e2e2e2
e2e2e2e1dededededededededededede
dddddcdcdbdcdcdbdbdadad9d9d9dbda
d9d8d7d6d6d5d7d8d8d9d9d9d9d9d9dd
dddddddddddddddcdad9d8d6d5d3d2d2
d1d0cecccccccccac9cbcbcac9c8c8c7
c7c8cac9c8c7c5c3c2c1c1c1c0bfbebc
bbbbbbbab9b9b9b8b8b8b7b5b3b4b5b6
b5b3b2b2b1b1afaeadaba9a9a8a9a8a8
a6a5a4a3a3a3a3a2a1a09f9e9d9c9897
97969695959593929292929292929293
9392918f8d8c8a8a8b8b8a8a89898888
868484838281807f7e7d7c7b7b7a7a7a
79797878777776757575757575757473
73727272727271717170706f70707070
70707070707171717171717171717170
706f6f6e6e6e6d6d6c6c6b6a6a6a6867
6766666665646463636261605f5e5d5d
5c5c5c5b5b5a5a595a5b5a5a5a595958
58575756565554545454555555545453
535252535251515150505050504f4f4e
4e4d4d4d4c4c4c4c4c4c4c4c4a4a4a4a
4a4a4a4a4a4949494949494949494a4a
4b4b4c4d4d4d4e4f4f4f505151525150
52535353535355595855555755462e19
4c2e2b30281a1a2c311d2d484a332b26
3a4a51534e423a3d403b151b293f4c47
382d25283c3529333a2e31394045484a
4a49484539201e0909080d181a0e0714
24130f0d070302060906060b09091414
ebe9e6e4e4e4e4e3e3e5e5e5e4e3e3e2
e2e2e2e2e2e2e2e2e2e2e0e0e0e0e0e0
e0e0e0e0e0e0e0e0e0e0e0e1e2e2e2e2
e2e2e2e1dededededededededededede
dddddcdcdbdcdcdbdbdbdadad9d9dbda
d9d8d7d6d6d5d6d8d8d9d9d9d9d9d9dd
dddddddddddddddcdad9d8d6d5d3d2d1
d1d0cdcbcbcccbcac9cbcbcac9c8c8c7
c7c8cacac8c7c5c3c3c2c1c1c1c0bebd
bcbcbbbbbababab9b8b8b7b5b4b5b6b6
b6b5b3b3b1b1b0aeadaba9a8a8a9a8a8
a6a5a4a3a3a3a3a3a2a19f9e9d9c9897
97969695959594929292929292929293
9392908f8d8b8a8a8b8b8a8a89898888
878484838281807f7e7d7c7b7b7b7a7a
79797878777776757575757575757473
73727272727271717170706f70707070
70707070707171717171717171717170
706f6f6f6e6e6d6d6c6c6b6a6a6a6867
6767666665646463636261605f5e5e5d
5c5c5c5b5b5a5a595a5b5a5a5a595958
58575756565554545454555555545453
535253535252515150505050504f4f4e
4e4d4d4d4c4c4c4c4c4c4c4c4a4a4a4a
4a4a4a4a4a4949494949494949494a4a
4b4b4c4d4d4d4e4f4f50505151525250
5253535353545558575251514e3f2919
462c2d322a1d1c2b301d304948312c28
3d4c51524b403a3e4039172330404b45
372e28293c362a35382f343c42464849
4a4945433b22210a0b090b14170d0713
21111110070403060807080e0c0f1b1b
ece9e6e5e5e5e4e4e4e5e5e5e4e3e3e2
e2e2e2e2e2e2e2e2e2e2dfdfdfdfdfdf
dfdfdfe0e0e0e0e0e0e0e0e2e2e2e2e2
e2e2e2e2e1e1e1e1e1e1e1e1dfdedede
dddddcdcdbdddddcdcdbdbdbdadbdddc
dbd9d8d6d5d4d6d7d7d8d8d9d9dadadc
dcdcdcdddddddddcdad9d7d6d4d2d0cf
d0cecbc9c8c9c9c9c9cac9c8c7c6c5c4
c4c6c9c9c8c8c7c6c6c6c5c4c3c3c2c1
c0bfbfc0bfbebdbbbab9b8b7b5b7b8b9
bab9b7b6b4b2b1aeacaaa8a7a7a9a9a8
a7a6a5a4a3a4a5a5a3a2a19f9e9e9998
97969696959594929292939393939394
9392908e8d8b8a898c8b8b8a8a898989
878584838281807f7e7d7c7b7b7b7a7a
79797878777776757575757575757473
73727272727271717170706f70707070
70707070707171717171717171717171
706f6f6f6e6e6d6d6c6c6b6b6a6a6968
6767666665656563636261605f5f5e5d
5c5c5c5b5b5a5a595a5b5b5b5a595958
58575756565554545455565655545453
53535353525252515150505050504f4e
4e4d4d4d4c4c4c4c4c4c4c4c4a4a4a4a
4a4a4a4a4a4949494949494949494a4a
4b4b4c4d4d4d4f4f5051525252535351
53545454545556564e403833291b1619
1e22323e3a2d212127233a493f242e2d
4555554a3b333a484531334d4f423d3b
373a392c303b35392b39414449474449
4e463834432a2b11120c05050604060e
11071f1f06050806080e181d1d2e4141
ece9e6e5e5e5e4e3e4e5e5e5e4e4e4e3
e3e2e2e2e2e2e2e2e2e2e0e0e0e0e0e1
e1e1e1e1e1e1e1e1e1e1e1e2e2e2e2e3
e3e3e3e3e1e1e1e1e1e1e1e1e0dfdede
dddddcdcdcdddddddcdcdcdbdbdbdcdc
dbd9d8d7d6d5d6d7d7d8d8d9d9dadadc
dcdcdcdcdddddddcdad9d7d6d4d2d1cf
cfceccc9c8c8c8c9c9c9c9c7c6c6c5c5
c5c7cac9c9c8c8c7c7c6c6c6c5c4c4c3
c2c1c1c1c0bfbebdbcbbbab9b7b8b9b9
bab9b8b7b4b3b2b0aeacaaa8a7aaa9a8
a7a6a5a3a3a3a4a3a3a2a1a09fa09b9a
99989796959494929292939393939394
9493918f8e8d8c8b8b8a8a8989888787
8684838381807f7e7e7c7c7b7a7a7a79
79787777777776767575757575747473
73737372727272717171707070707070
70707070717171717171717171717171
706f6f6e6e6e6e6e6d6c6b6b6a6a6967
6767666665646463626261605f5f5e5d
5d5d5d5c5c5b5b5a5b5b5b5a59595858
58575756565655545455565555545453
535253535252515150505050504f4f4e
4e4d4d4d4c4c4c4c4b4b4b4b4a4a4a4a
4a4a4a4a4a4949494949494a4a4a4a4b
4b4b4c4d4d4d4e4f5051515252535352
525752555456534a3b2d25221d181715
191e3a3e382a1c1c26293a4436263030
485551473b3740463c3a3d4948403e3c
3737332b31363037303539464b484547
4b4235363f2a230e0e0b07080804040c
0d0b251d070506091217192024313737
ebe8e5e4e4e4e3e3e4e5e5e5e5e5e5e5
e5e3e2e2e2e2e2e2e2e2e1e2e2e3e3e4
e4e5e4e3e3e3e3e3e3e3e3e2e2e3e4e4
e4e5e6e5e1e1e1e1e1e2e2e2e1e0e0df
dfdedddddddedededddddddddcdcdbdb
dbdad9d8d8d7d6d6d6d7d8d9d9dadadb
dbdbdcdcdddddddddbdad8d7d4d2d1d0
cfcecccac8c7c7c8c9c8c8c6c5c5c6c7
c8c9cbcbcacac9c8c8c7c8c9c8c8c8c7
c6c6c6c4c3c2c1c0bfbebebdbbbbbaba
bab9b9b9b5b4b4b4b3b0adaaa9abaaa9
a7a5a3a2a1a2a2a2a2a2a2a2a2a39f9d
9c9a9997959493929292929293939394
9494939291908f8e8a89888786858584
84838382817f7e7d7d7c7b7a7a7a7978
78787676767676767676757474747474
74747472727272727272727271717171
71717171717272727272727272717170
706f6f6e6e6e706f6f6d6c6b6a6a6867
6767666565646462626160605f5f5f5f
5f5f5f5e5d5d5c5c5b5b5b5a5a595858
58585857575656555555555555545453
525253525252515150505050504f4f4e
4d4d4d4d4d4d4c4c4b4b4a4a4a4a4a4a
4a4a4a4a4a4949494a4a4b4c4c4c4b4c
4c4c4d4d4d4d4e505152515151525354
505c4d5655584f341a0b03030813180f
101747403424131526353a3a27293538
4e554b423c3e4b432c4a4f433a3c403e
37302a29322d27353a2e2c494f4b4645
463d313b3829150907090c100c030308
0613301a0804030d25261c2632362424
ebe9e6e4e4e4e4e3e3e4e4e4e4e4e4e4
e4e3e3e3e3e3e3e3e3e3e2e2e2e3e3e4
e4e5e5e3e3e3e3e3e3e3e3e3e2e3e3e4
e5e6e6e5e2e2e2e2e2e1e1e1e1e0e0e0
dfdededddddedededddddcdcdcdbdbdb
dbdbdadad9d9d8d7d7d8d9d9d9dadada
dadadbdbdcdcdddddbdad8d7d4d3d2d1
d0cfcdcbc9c8c8c9c9c8c8c7c6c5c6c7
c8c9cacac9c9c9c8c8c8c8c8c8c7c7c7
c6c5c5c5c5c4c3c2c0c0bfbebdbcbcbb
bbbab9b9b7b7b7b6b5b2b0adacacabaa
a8a6a4a3a2a1a1a1a1a1a0a0a0a1a09f
9d9b9997959492919191919192929293
94939291908f8e8d8989888786858483
83828281807e7d7d7c7b7b7a7a797978
78787676767676767676757474747474
74747472727272727272727271717171
71717171717272727272727272717170
706f6f6e6e6e706f6f6d6c6b6a6a6867
676766656564646262616160605f5f5f
5f5f5f5e5d5d5c5c5b5b5b5a5a595858
58585858575756555555555555545453
535353535252515050505050504f4f4e
4e4d4d4d4d4d4c4c4c4b4a4a4a4a4a4a
4a4a4a4a4a4949494a4a4b4c4c4b4b4b
4c4c4d4d4d4d4f505253535252535556
535e525c554c391e0e090502050d1a1d
1c294538231c1b202e34343222283a3f
52574c44434447443c453c474c453c38
3736312d33312f342a212a3f4d544f47
423a2f35291d0c05070a0b0d09030308
0c1d3014070a0b111f211e282d2b1d1d
ece9e6e4e5e5e4e4e3e3e3e3e3e3e3e3
e3e4e4e4e4e4e4e4e4e4e2e3e3e4e4e5
e5e6e5e4e4e4e4e4e4e4e4e3e3e3e4e4
e5e6e6e5e2e2e2e2e2e1e1e1e1e1e1e1
e0dfdfdededededddddcdcdcdcdbdcdc
dcdbdbdbdadad9d8d8d8d9d9d9dadada
dadadbdbdcdcdcdcdbdad9d7d5d3d2d1
d1d0cecccac9c8c9c9c9c8c7c6c6c7c8
c8c9cac9c9c9c9c8c8c8c8c8c8c8c7c7
c6c5c5c6c6c5c4c3c2c1c0c0bfbebebd
bcbbbabab9b9b9b8b7b5b2b0afadacab
a9a6a4a3a2a1a0a0a0a09f9f9f9fa1a0
9f9c9a98959492909191919191919192
939392908f8e8d8d8989888786848483
83828281807e7d7c7c7b7a7a7a797978
78787676767676767676757474747474
74747472727272727272727271717171
71717171717272727272727272717170
706f6f6f6e6e706f6f6d6c6b6a6a6867
67676666656564626261616060605f5f
5f5f5f5e5d5d5c5c5b5b5b5a5a595958
58585858575756555555565555545453
535353535252525150505050504f4f4e
4e4d4d4d4d4d4d4c4c4b4a4a4a4a4a4a
4a4a4a4a4a49494a4a4b4b4c4c4c4b4b
4c4c4d4d4d4e50525354535353555658
565f56605644280e0508070202081c27
25384432161722293433302c1e283d46
565a4d454849434648422d4b5a4c3933
383c3730343336331e1829384c5b5749
40392f301e130602070b0b0a07030309
1225300f060f11141b1e212a2a231818
edeae7e6e6e6e5e5e4e2e2e2e2e2e2e2
e2e4e5e5e5e5e5e5e5e4e4e4e4e4e5e6
e6e7e6e5e5e5e5e5e5e5e5e4e4e4e5e5
e6e6e6e6e4e4e4e3e2e1e1e0e1e2e2e1
e1e0e0dfdfdededddddcdbdbdbdadbdc
dcdcdcdcdcdcdbdadad9dadad9d9d9d8
d8d9d9dadbdbdbdbdbdad9d8d6d4d3d3
d3d2d0cecccacacacacac9c8c7c7c7c9
cacac9cacacacacacacac9c9c8c8c7c7
c6c6c6c8c8c7c6c5c4c3c2c2c2c1c0bf
bdbcbbbbbcbcbcbbbab8b6b4b3b0afad
aba9a6a5a4a1a0a09f9e9d9d9d9c9e9e
9c9a9896959492919191919191919191
9191908f8e8c8c8b8888878685848382
8281807f7e7d7c7b7b7a7a7a79797878
77777676767676767676757474747474
74747473737373737373737272727272
72727272727373737373737373727171
70706f6f6e6e706f6f6d6c6b6a6a6968
67676766656565626262616160605f5f
5f5f5f5e5d5d5c5c5c5b5b5a5a595959
58595958585756565656565655555454
53535353535252515050505150504f4f
4e4e4d4d4e4d4d4c4c4b4b4b4b4b4b4b
4b4b4b4b4b494a4a4b4b4c4c4c4b4b4b
4c4c4d4e4e4f4f505253545455585959
57565e5a5741200a04060502040b141b
313f371c0a10243235383539333d4f4e
50524a474f53494d5a4332484e3b2c2d
34363639302931331e1c304654574e42
3d3422190f070301070d0c070303090f
12263015151f1e1610151f221c110c0c
edeae7e6e6e6e5e5e4e2e2e2e2e2e2e2
e2e4e5e5e5e5e5e5e5e5e4e4e4e5e6e6
e7e7e7e6e6e6e6e6e6e6e6e4e4e5e5e5
e6e6e6e7e5e5e4e3e2e1e1e0e1e2e2e2
e1e1e0e0dfdededddddcdcdbdbdadbdc
dcdcdcdddddddcdbdbdadadad9d9d9d8
d8d9d9dadbdbdbdbdbdbdad8d6d5d3d3
d4d3d1cfcccbcacacacacac8c7c7c8c9
cacac9cacacacacbcbcbcac9c8c8c8c7
c7c6c6c9c9c8c7c5c4c3c3c3c3c2c1c0
bebdbcbbbdbdbdbcbbb9b7b6b4b1b0ae
aca9a7a5a4a2a0a09f9e9d9c9c9b9e9d
9c9a9896959493919191919191919191
9191908f8e8c8c8b8888878685838382
8281807f7e7d7c7b7b7a7a7a7a797878
77777676767676767676757474747474
74747473737373737373737372727272
72727272727373737373737373727171
7070706f6f6e706f6f6d6c6b6a6a6968
6867676665656562626261616060605f
5f5f5f5e5d5d5c5c5c5b5b5b5a5a5959
58595958585756565656565655555454
53535353535352515150505150504f4f
4e4e4d4d4e4e4d4d4c4b4b4b4b4b4b4b
4b4b4b4b4b494a4a4b4b4c4c4c4c4b4b
4c4c4d4e4e4f4f505254545456595a5a
5854615958411e0904050502050d1218
35413316070e2535363a373d39445451
4f4f4a4852554a505f4433474b37292b
3334363c2f2630331e1d334a57574b41
3d321f120b040201080d0c0602040b11
122630171a2422170d131f20180c0909
efece9e7e8e8e7e6e5e4e4e4e4e4e4e4
e4e4e5e5e5e5e5e5e5e5e5e5e6e6e7e7
e8e8e8e8e8e8e8e8e8e8e8e6e6e6e6e6
e7e7e7e7e7e7e6e4e3e2e1e0e1e2e2e2
e1e0e0dfdfdfdededddcdbdbdad9dada
dadbdcdddddedddcdcdcdbdad9d9d8d7
d7d8d8d9d9d9dadadbdbdad8d7d6d5d4
d5d5d4d2d0cecccbcbcccbcac9c9caca
cbcbcbcbcccdcdcecfcfcccbcbcacaca
c9c9c8cac9c8c7c6c5c4c3c4c5c3c2c0
bfbdbbbabdbebdbcbbb9b9b8b6b4b3b1
afacaaa7a6a4a2a2a0a09e9d9c9c9695
95959494939393939393939292919190
8f8f8e8d8c8b8a8a8787868584838282
81807f7e7d7c7b7a7979797978787877
77777676767676767676757474747474
74747473737373737373737373737373
73737373737373737373737373727271
717070706f6f706f6f6d6c6b6a6a6968
68676767666665636362626161606060
5f5f5f5e5d5d5c5c5c5c5b5b5b5a5a59
59595959585857565656575656555554
5454545453535252515151515150504f
4f4e4e4e4e4e4e4d4d4c4b4b4b4b4b4b
4b4b4b4b4b4a4a4b4b4c4c4d4d4c4b4c
4c4d4e4f50505253555657595c60615e
58615a62493c1f1c1c0d0301040c1323
4745220e0b162f3f3938333d4248504e
4b494b4d4e53544e48405045372e2d31
343433313330332d202e4a5c55433a3b
3727150c0604020204080703010d211b
06142b262f1f170c0516221715171111
efeceae8e8e8e8e7e6e5e5e5e5e5e5e5
e5e5e5e5e5e5e5e5e5e5e5e5e6e6e7e7
e8e8e8e8e8e8e8e8e8e8e8e7e6e6e6e7
e7e7e7e7e7e7e6e4e3e2e1e0e1e2e2e2
e1e0e0dfdfdfdededddcdbdbdad9dada
dadadbdcdddddddcdcdcdbdad9d9d8d7
d7d8d8d8d9d9dadadbdbd9d8d7d6d5d4
d5d5d4d3d0cecdcccbcccbcacac9cacb
cccccbcbcccdcdcecfcfcccccccbcaca
c9c9c8c9c9c8c7c6c5c4c3c4c4c3c2c0
bebdbbbabdbdbdbcbab9b8b7b6b4b3b1
afadaaa8a7a5a3a2a1a19f9e9d9d9695
95959494939393939393939292919190
8f8f8e8d8c8b8a8a8787868584838281
807f7e7e7d7c7b7a7979797978787877
77777676767676767676757474747474
74747473737373737373737373737373
73737373737373737373737373727271
717070706f6f706f6f6d6c6b6a6a6968
68686767666665636362626161606060
5f5f5f5e5d5d5c5c5c5c5c5b5b5a5a59
59595959585857575656575656555554
5454545453535352515151515150504f
4f4e4e4e4e4e4e4d4d4c4b4b4b4b4b4b
4b4b4b4b4b4a4a4b4b4c4c4d4d4c4b4c
4d4e4e50515153555658595a5e61625e
5d635e6649381d1b1b0d0301040b1228
4644200f0d19313f3939353f45494f4d
4b494a4b4d51544d444151453a343333
33333334322c302d23304a5a54433b3c
3624150d0806040304070804020d211a
051329252d1b130a07192315141a1717
f0eeebe9e9eae9e9e8e8e8e8e8e8e8e8
e8e5e4e4e4e4e4e4e4e4e6e6e6e7e8e8
e9e9e9e9e9e9e9e9e9e9e9e8e8e8e8e8
e8e8e7e7e9e8e7e6e4e3e2e1e2e2e2e1
e1e0dfdfdfe0e0dfdedcdcdbdad9d8d8
d9d9dadbdcdcdddcdcdcdbdad9d9d8d6
d7d7d8d8d9d9d9d9dadad9d8d7d6d6d5
d6d6d5d4d2d0cfcecdcecdcccbcbcccd
cdcdcbcbcccdcdcecfcfcececececdcd
cccccbc8c8c7c6c5c4c3c2c3c4c2c1bf
bdbcbab9bbbab9b8b8b7b6b6b6b6b5b3
b1aeacaba9a8a8a7a6a5a3a2a1a19796
96959595949494949493929191909090
8f8f8e8d8c8b8a8a8787868584838382
807f7e7e7c7b7a797979797878787777
76767676767676767676757474747474
74747474747474747474747474747474
74747474747474747474747474737372
717171707070706f6f6d6c6b6a6a6969
69686867676666646363626261616160
5f5f5f5e5d5d5c5c5d5d5d5c5b5b5a5a
5a5a5a59595858575757575757565555
54545454545453535252515252515050
4f4f4f4f4f4f4e4e4d4d4c4c4c4c4c4c
4c4c4c4c4c4b4b4b4c4c4d4d4e4d4c4d
4e4f50525353595b5c5d5e5f6366655f
726a6e794c281617170d050001030e3b
4043161213243a3e3a3f3b47514e4a48
4d494545464a554b35465048474d4b3d
302e383f2f1d24302e3a4a535046403e
2e1a1515100d0d0a05070b0a050e1f14
0412221f230c05050f26250b11272e2e
f1efeceaeaeaeae9e9e9e9e9e9e9e9e9
e9e6e4e4e4e4e4e4e4e4e6e6e6e7e7e8
e8e9e9e9e9e9e9e9e9e9e9e9e9e9e8e8
e8e8e7e7e9e8e7e6e5e4e3e2e2e2e2e1
e1e0dfdfdfe1e1e0dedddcdadad9d8d8
d9d9d9dadbdbdcdcdbdbdadad9d9d8d6
d7d7d8d8d8d9d9d9dad9d8d7d7d6d5d5
d5d5d5d4d3d1d0cfcecfcecdcccccccd
cecdcbcccccdcdcdcececfcecececdcd
cccccbc8c7c7c5c5c4c3c2c2c3c2c0be
bdbbbab9bab9b8b7b6b5b5b5b6b6b5b3
b2afadacabaaa9a9a8a7a5a4a4a39c9a
9a989896969595949493929190909090
908f8f8d8c8b8b8a8787868584838282
817f7e7e7c7b7a797979787878777776
76757676767676767676757474747474
74747474747474747474747474747474
74747474747474747474747474737372
727171707070706f6f6d6c6b6a6a6a69
69686867676666646363636262616160
5f5f5f5e5d5d5c5c5d5d5c5c5b5b5a5a
5a5a5a59595858575757575757565555
54545454545453535252515252515050
4f4f4f4f4f4f4e4e4d4d4c4c4c4c4c4c
4c4c4c4c4c4b4b4b4c4c4d4d4e4d4d4e
4f50515354545a5c5d5e5f6165696b69
7d73758348211318170c040104030a34
3c46231c203143423c3e3c464f4c4645
4b4b4444474c544d3a4d56494346463d
3432383b2b1c29363039465352443d3b
301f1a130f0d0e0a05070d0c070a1510
0b19201b1b090407152a22070e232b2b
f2f0edebebebebebeaebebebebebebeb
ebe7e5e5e5e5e5e5e5e5e6e6e6e7e7e8
e8e9e9e9e9e9e9e9e9e9e9eaeaeae9e9
e9e8e8e8e9e8e8e7e6e5e4e4e3e3e3e2
e2e1e0e0e0e2e2e1dfdedcdbdadad8d8
d9d9d9dadadadbdbdbdadadad9d9d9d6
d7d7d8d8d9d9d9dad9d9d8d7d7d6d5d5
d4d5d5d5d4d3d2d0cfd0cfcecdcdcecf
cfcecccccccccdcdcdcdcfcfcfcfcece
cdcdcdc8c7c6c5c4c3c2c1c1c2c1c0be
bdbbbabab9b8b7b5b5b4b4b5b5b6b5b4
b2b1afaeadacacacabaaa9a8a8a7a3a1
a09e9c9a9998969494939291908f8f90
9191908f8e8c8c8b8888878685838382
817f7f7e7d7b7a797978787878777776
76757676767676767676757474747474
74747475757575757575757575757575
75757575757575757575757575737373
727171717070706f6f6d6c6b6a6a6a6a
69696868676767646464636262626160
5f5f5f5e5d5d5c5c5d5d5d5d5c5b5b5a
5a5b5a5a595958585857585857575655
55555555545454535352525252525150
504f4f4f504f4f4e4e4d4d4c4d4d4d4d
4d4d4d4d4d4b4b4c4c4d4e4e4e4e4e4f
5051535556565c5e5f606265696e7279
8d827f9244170f19180b04030804052a
374a362c344651493e3f3f464d49403f
474d43424a4e535141575e4b3e3d403f
3a383935261c313e3237405353423738
322721110e0e110c05070e100a050809
15231e140f04030a1e2e1f02091d2727
f3f1eeecebececebebebebebebebebeb
ebe9e7e7e7e7e7e7e7e7e5e5e6e6e7e7
e8e8e8e9e9e9e9e9e9e9e9ebebebeae9
e9e8e8e8e8e8e7e7e7e6e5e5e5e5e4e4
e4e3e2e2e2e3e3e1e0dedddbdadadada
dadad9dadadad9d9d9d9d9d9d9d9d9d7
d7d7d8d8d9d9dad9d8d8d7d6d6d5d5d5
d3d3d4d4d5d4d3d1d0d1d0cfcecdcecf
d0d0cfcfcececfcfcececececececdcd
cccccbc8c8c6c6c5c4c3c2c1c1c0bfbe
bdbcbbbbbab9b7b6b5b5b5b6b6b4b4b3
b3b2b1afafaeadadadacababababa8a7
a5a3a19f9c9b9a979695949392919191
929291908e8d8c8c8989888785848383
817f7f7e7d7c7a7a7978787877777676
75757676767676767676757474747474
74747475757575757575757576767676
76767676757575757575757575747373
727271717170706f6f6d6c6b6a6a6a6a
69696868676767656464636362626261
5f5f5f5e5d5d5c5c5d5e5d5c5c5b5b5a
5a5b5a5a5a5959585858585857575655
55555555555454535352525353525151
50504f50504f4f4f4e4d4d4d4d4d4d4d
4d4d4d4d4d4c4c4c4c4d4e4e4e4f4f50
5153545658585d6062666a70777e848d
91819978320f0a1e231104040d0f0b2c
34423d30404f4e454047474545464447
535448485255524d45545340363f4c4b
3f33303431282e2c2840585647312b36
382e250f06060b0804060c0c0b0c0c15
26281d1811060a11202919060b182525
f3f1eeececedececebececececececec
eceae9e9e9e9e9e9e9e9e5e5e6e6e7e7
e8e8e8e9e9e9e9e9e9e9e9ebebebeaea
e9e9e8e8e8e8e7e7e7e7e6e6e6e6e6e5
e5e4e4e3e3e4e3e2e1dfdddcdbdadbdb
dbdbdadadadad9d8d8d8d9d9d9dadad7
d7d8d8d9d9d9dad9d7d7d7d6d6d5d5d5
d3d3d4d4d5d5d4d2d1d1d0cfcececfd0
d0d1d1d1d0d0d0d0cfcfcececececdcc
cccbcbc8c8c7c6c5c4c3c2c2c1c0c0bf
bebdbcbcbab9b8b6b5b5b5b6b6b4b4b3
b3b2b1b0b0afaeaeaeaeadadadadabaa
a9a6a4a29f9e9c999897969593939293
939392908f8e8d8d8989888786848483
82807f7e7d7c7b7a7978787777777676
75757676767676767676757474747474
74747475757575757575757576767676
76767676767575757575757575747473
727272717171706f6f6d6c6b6a6a6a6a
6a696968686767656464636362626261
5f5f5f5e5d5d5c5c5d5e5e5d5c5c5b5b
5b5b5b5a5a5959585858585858575656
55555555555554545353525353525151
5050505050504f4f4e4e4d4d4d4d4d4d
4d4d4d4d4d4c4c4c4d4d4e4e4f4f4f51
5253555759595e61656a70778088909a
9481aa68270b08222914040511150f2e
323e423348554c43414c4c454145474d
5a594c4b575a514a48534d3932415354
432f2a3438302c212146675840272335
3c33280f0202080603050b0a0c100f1c
312c1c1a12070f15222515090c152323
f4f2efededededececececececececec
ecebeaeaeaeaeaeaeaeae5e5e5e6e6e7
e7e8e8e9e9e9e9e9e9e9e9ebecebebea
e9e9e8e8e7e7e7e7e8e8e8e7e8e8e8e7
e7e6e6e5e5e6e5e3e2e0dedcdbdbdddd
dddcdcdbdadad8d6d7d7d8d9d9dadad7
d8d8d9d9d9dadad9d6d6d6d6d5d5d5d5
d2d1d3d4d5d5d4d3d2d2d1d0cfcfcfd0
d1d3d6d5d5d5d4d3d3d2cecccccccbcb
cacac9c9c9c8c7c6c5c4c3c2c1c1c0c0
bfbfbebebcbbb9b7b7b7b8b9b8b3b3b3
b3b2b2b2b2b0afafafafaeaeaeafadac
aba9a7a5a3a2a09e9d9c9b9998979695
94939291908f8e8e8a89888786858484
82807f7f7d7c7b7a7a79787777767675
75757676767676767676757474747474
74747475757575757575757577777777
77777777767575757575757575747473
737272727171706f6f6d6c6b6a6a6a6a
6a696969686767656564646362626261
5f5f5f5e5d5d5c5c5d5e5d5d5c5c5c5b
5b5b5b5b5a5959585858585858575756
56555556555554545353535353525251
515050505050504f4e4e4d4d4d4d4d4d
4d4d4d4d4d4c4c4c4d4d4e4e4f4f5051
535557585a5b62686e76808c99a4a798
7478bc400f0f090d15130b040e14173f
403e39334a57483e484a4f443c454747
4b48474c565c5042464b503b37484f3f
2a222c3e3724273e535d4b3c2d1d293f
381f1a0f02020a0c090d110b15292f3c
402516261e1d2a28281e1114140d1314
f4f2f0ededededececececececececec
ecebebebebebebebebeae5e5e5e6e6e7
e7e7e9e9e9e9e9e9e9e9e9ebecebebea
e9e9e8e8e7e7e7e7e8e8e8e8e8e9e8e8
e8e7e6e6e6e6e5e4e2e0dedddcdcdede
dddcdcdbdadad8d6d7d8d8d9d9dadad7
d8d8d9d9d9dadad9d6d6d6d6d5d5d5d5
d2d1d3d4d5d5d4d3d2d2d1d0cfcfd0d0
d1d4d7d6d6d6d5d4d4d3cecccccccbcb
cac9c9cac9c8c7c6c5c4c3c2c1c0c0c0
bfbfbfbfbcbbbab8b7b7b8b9b9b3b3b3
b3b2b2b2b2b0afafafafafafafb0adac
abaaa8a6a4a3a29f9e9d9c9a99989796
9494939291908f8e8a89888786858584
83807f7f7d7c7b7a7a79787877767675
75757676767676767676757474747474
74747475757575757575757577777777
77777777767575757575757575747473
737272717171706f6f6d6c6b6a6a6a6a
6a696969686767656564646362626261
5f5f5f5e5d5d5c5c5d5e5d5d5c5c5c5b
5b5b5b5b5a5959585858585858575756
56555656555554545353535353525251
515050505050504f4e4e4d4d4d4d4d4d
4d4d4d4d4d4c4c4c4d4e4e4f4f4f5052
535557595a5b6469707a85919ea8aa97
7079bf3a0b10090911130c040d141943
433e37344b57473e49494f433b454745
4844464c565c5040464a513c38494d3a
251e2c3f372227445f604436281c2a41
361b170f02020a0e0a0f130c162e3542
442415282222302c281c1016160b1010
f8f8f5f1f0f2f2eeedf0eceaebeeeeeb
e8e7ebeeeeeceaebecebe6edebe8e9e7
e5e9ecebe7e6e8e4dfe4ecedecebe9e8
e6e5e5e6e1e6e9e9e9ebebeae8e7e6e8
eaeaebeae4e7e8e6e4e5e5e2dfdedddd
dedfe1e1e0dededddddddcdcdbdbdadd
dddddcdbdbdbdadadadad9d9d8d8d7d7
d5d4d4d4d4d4d5d5d5d2d2d2d2d2d2d2
d2d2d3d5d7d9d9d7d4d2d4d4d2d0cecb
c8c7c6c8c8c7c6c5c4c3c2c1c0c0bfbf
bebebdbdbcbcbcbcbcbcbcbcbbb8b8b7
b6b4b3b2b2afacabacadafb1b0afafaf
aeaeaeaeadadaba5a4a2a09d9b999898
989897979696959590908e8d8b8a8988
858281807e7c7b79797b7c7b7b797877
76767575767677777878777676767676
76767677777777777777777779797979
79797979797878777676757575747373
7272727171716f6f6f6e6e6d6d6c6b6a
6a696968686767666665656463636362
6060605f5e5e5d5d5b5a5a5a5a5a5a5a
5a5d5d5d5c5b5b5a5a59585857575655
55555758575757565555555252525151
50504f4f50505050505050504e4e4e4e
4e4e4e4e4e4d4d4e4f51525353525254
555759595c6466798291a8ab90736e8f
bec5ac7c3f180b141a12080606093647
403d495154544e474a524936324e3330
41423d474d4b564e534149452f31372a
14161f1d32313f3c6b3d332a181e3539
281d130706080e110918251e151f3342
49331a2e3a3e34261b15100c0c040707
f8f8f6f2f0f2f3f0eeefedebebedeeed
ebe9ecefeeeae8e9ebebe6ebe8e4e7e7
e7eaeceae8e6e5e0dde1e7ebecebe8e5
e3e3e4e5e1e6e9e9e9eaeae9e8e8e6e9
ebeaeaeae6e6e8e6e3e4e5e2e0dfdfdf
dfe0e1e1e0dfdedededddddddcdbdbdd
dddddcdbdbdbdadadadad9d9d8d8d7d7
d5d4d4d4d4d4d5d5d5d2d2d2d2d2d2d2
d2d2d3d5d8d9d9d7d5d3d5d4d3d1cecc
c9c8c7c8c8c7c6c5c4c3c3c2c1c0c0bf
bfbebebebdbcbcbcbcbcbcbcbcb8b8b7
b6b5b4b3b2b0adadadaeb0b1b0afaeae
aeadadadacacaba6a4a3a19e9c9a9999
999898979796969691918f8d8c8b8988
868382817f7d7c7a7a7b7c7c7b797877
76767575767677777878777676767676
76767677777777777777777779797979
79797979787878777676757575747373
7272727171716f6f6f6e6e6d6d6c6b6a
6a696968686767666665656463636362
6060605f5e5e5d5d5b5a5a5a5a5a5a5a
5a5d5d5d5c5b5b5a5a59585857575655
55555758575756555555555252525151
5050504f50505050505050504e4e4e4e
4e4e4e4e4e4d4d4e4f51525353525354
55575a5b5d666c7d899cafa7837082a6
bdb59c7e4c200c101a180c06070c3641
403d474f52514b454950453637473133
41443f464948574d4f3e4d40282d3930
1b1a2424312e3a42693f2f26171e3132
241d140607080e0f0c18221c1622353f
412d1a2b30362d231d160e0c100a0909
f9f9f7f4f2f2f5f6f4efeeedebebedf1
f3eeeff1ede5e0e2e8ede7e6dedbe2e8
ebefece6e9e6ded6d6d9dae6ebeae3db
d8dce1e3e1e7ebeae8e7e7e6e9eae9eb
edebe9ebeae6e9e7e2e1e3e4e3e4e6e5
e4e2e0e0e0e0e0e0e0e0dfdfdeddddde
dedddddcdbdbdbdbdadadad9d8d8d7d7
d6d5d5d5d5d5d5d6d6d4d4d4d4d4d4d4
d4d4d5d7d9dbdbd9d6d5d6d6d5d3d1ce
cccbcacacac9c8c7c6c4c4c4c3c2c2c1
c1c0c0c0bebebebebebebebebdbab9b9
b7b6b5b4b4b4b4b2b1b1b2b2b0aeadad
adacacacababaaa8a7a6a4a19f9e9d9c
9b9b9a9a99999898949392918f8e8c8b
8986858482807e7d7c7d7e7d7c7b7a79
78787676767778787979787777777777
77777778787878787878787879797979
79797979797878777776767575747473
73727271717170706f6e6e6d6d6d6b6a
6a6a6968686767666665656464646362
6160605f5f5e5e5e5c5b5b5b5b5b5b5b
5b5d5d5c5c5b5b5a5a59585858575756
56555657575756565555545353525251
5050505050505050505050504f4f4f4f
4f4f4f4f4f4e4e4f5051525354545455
56585d5f636c7f87a1bdc59b5d65c1ee
b9836c85743a0e05192819070a15362f
433b434c4d494441464c393948302b3e
434847443c41594b4235583215203e41
2e29363b2f262b5462452419131d271f
161d1b050c0a1209151619171a2c3c37
2a1d1c23101b161b241b0b0b1b1b1111
f3f4f5f5f3f1f1f2f2efeeebe5dfddde
e1e0e2e1dbd2cdced2d6d6d2c7c1c5ca
ced2d4d7dfdfd6cdccc7c0d2dee4e1da
d8dbdfe1e2e8eceae8e8e9e9ebeceaeb
ebe7e4e7e9eaedeae4e1e2e1e0e1e5e5
e5e3e1e0e0e0e1e1e1e1e0e0dfdfdede
dedddddcdcdbdbdbdadadad9d8d8d7d7
d6d5d5d5d5d5d6d6d6d5d5d5d5d5d5d5
d5d5d6d7dadbdbdad7d6d7d7d6d5d3d0
cecdcccbcbcac9c8c6c5c5c5c4c3c3c2
c2c1c1c1c0bfbfbfbfbfbfbfbebbbbba
b9b7b6b6b5b6b6b4b3b3b3b3b0aeadac
acababaaaaaaa9a9a8a7a5a3a1a0a09d
9c9c9b9b9a9a99999695949391908e8d
8b8786858482807f7e7f7e7e7d7b7a7a
79787676777778797979797878787878
78787878787878787878787979797979
79797979797878777776767575747473
73727271717170706f6e6e6e6d6d6c6a
6a6a6968686767666665656564646362
6160605f5f5e5e5e5c5b5b5b5b5b5b5b
5b5d5d5c5c5b5b5a5a59585858575756
56555657575656555554545353535252
5150505050505050505050504f4f4f4f
4f4f4f4f4f4e4f4f5152535454555656
565960646a758698a7baba93708dcdd0
996f5f70713f12081f2e1f0d11213d32
453c444d4e4b48474c4c2c2638202e47
4543423d333953453d3b492f18273b3c
2c252e332b23314f523e24190f162420
131515081614120c151211121c314035
1f121321131b1a212620181d281d1010
eceff3f6f4f0edeeeff0efeaded1c9c9
cbd0d2cfc7bcb6b6b8bcc3bbaca3a3a7
abb0b9c6d4d6ccc3c0b3a1bacfdddfda
d8dbdedfe4eaedebe9e9ebedefeeebeb
e9e2dee3e8eff2eee6e2e1dfdddee4e6
e7e5e2e0e0e1e2e3e3e3e2e2e1e1e0df
dededddddcdcdcdcdbdadad9d9d8d8d7
d6d6d6d6d6d6d6d6d6d6d6d6d6d6d6d6
d6d6d7d9dbdcdcdbd8d7d8d8d8d7d5d3
d1d0cfcccccbcac9c8c7c6c6c6c5c5c4
c4c3c3c3c1c1c1c1c1c1c1c1c0bdbdbc
bbb9b8b7b7b9b9b7b6b5b5b4b1afacab
abaaa9a9a9a8a8aaa9a8a7a5a4a3a2a0
9e9e9e9d9c9c9b9b9998979694929190
8d8a89888684838181807f7e7e7d7c7b
7a7977777878797a7a7a7a7979797979
7979797979797979797979797a7a7a7a
7a7a7a7a797878787777767675747474
7372727271717070706f6e6e6d6d6c6b
6a6a6969686868676666656564646463
62616160605f5f5e5d5c5c5c5c5c5c5c
5c5d5d5c5c5b5a5a5a5a595959585757
56565757565656555554545454535352
5151515150505050505050504f4f4f4f
4f4f4f4f4f4f50505253545555575957
575b646a747f8facaeb6ae8b87bcdbac
73574f566d45180d253727151a2f4635
493d444f504d4d4e524d1c0f250e3253
493d3c3628304d3e3742382b1c303636
2920262a262139493f3623180b0f2121
0f0b0f0d22211210150e070d1f364433
1104081f181b20292a26283338200f0f
cbcdd2d7d6d0cac8ccd2d2cec4b6aca9
abadaeaba5a09e9e9e9c9e9e9b96938f
8c8c909caaafabaaaea49295aac3d2d7
d9dce0e3eaededeae8e9ebecedece9e5
dcd0cbced0cfd2d1d1d1d0cdccd0dbe0
e4e6e3e1e0e1e3e4e4e3e3e2e1e1e1e0
dfdfdededddddddcdbdbdadadad9d8d8
d7d7d6d6d6d5d5d5d5d6d6d6d6d6d6d6
d6d6d7d8dadbdbdad8d7d9d9d8d7d6d5
d3d2d0cccccccbcac8c7c7c6c6c6c6c5
c4c4c4c4c2c2c2c2c2c2c2c2c2bfbfbe
bdbcbbbab9b9b8b7b6b5b5b4b2b0acab
aaaaa9a8a7a7a7a8a8a7a6a5a4a3a3a0
9f9e9e9d9c9c9b9b9a99989795939291
8f8b8b898886848382817f7e7d7d7b7b
7a7977787879797a7a7b7b7a7a7a7a7a
7a7a7a7a7a7a7a7a7a7a7a7a7a7a7a7a
7a7a7a7a797978787777777676757574
7473727272717171706f6f6e6e6e6c6b
6b6a6969686868676766666565646463
626262606060605f5e5d5d5d5d5d5d5d
5d5d5d5d5c5c5b5a5a5a5a5a59595858
57575757565655555454545454545453
52515151515151515151515150505050
50505050505051515253545556585a5a
5a5f66696e777a818caba990a0cdbc7e
55513d42656030253231272124394e40
453c444d4c4b4f52514a1d0c1d173b4f
41353936272736272a43272b34393431
2c2522272923433a2d3433230d0f262a
1308101519180b13130d071228353220
0f0a142a281f272c292f3a3f3c2a1c1c
bbbdc2c8c7c0b8b5bac3c3c0b6a89d99
9b9c9c9995929293908d8b8f928f8a84
7d797c87959c9b9ea59c8b8397b6ccd6
dadee2e5edefede9e8eaebebecebe8e2
d6c7c2c4c4c0c1c3c6c8c7c4c3c9d6dc
e3e6e4e2e0e1e3e4e4e4e3e3e2e2e1e0
e0dfdfdedddddddddcdbdbdadad9d9d9
d8d7d6d6d6d5d5d5d5d6d6d6d6d6d6d6
d6d6d7d8dadbdbdad8d7d9d9d8d8d7d5
d4d3d2cdcdcccbcac9c7c7c7c7c7c7c6
c5c5c4c4c3c3c3c3c3c3c3c3c3c1c0bf
bebdbcbbbab9b8b7b6b5b5b4b3b1acab
aaa9a8a8a7a6a6a8a8a7a6a5a4a3a3a1
9f9f9e9e9d9c9c9c9b9a999896949392
8f8c8c8a8987858483817f7e7e7d7c7b
7a797879797a7a7b7b7b7c7b7b7b7b7b
7b7b7b7a7a7a7a7a7a7a7a7a7a7a7a7a
7a7a7a7a7a7979787877777676757574
7473737272727171706f6f6e6e6e6c6b
6b6b6a69696868676766666565656464
63626261616060605f5e5e5e5e5e5e5e
5e5d5d5d5c5c5b5b5b5a5a5a5a595958
58575757565656555454545555545453
52525252515151515151515150505050
50505050505051525354555657585a5b
5c6167696b72706c7aa5a792add6ad67
464f3437626d3d32382e27282a3e5346
433c444d4b4b515351481e0b191c404e
3e31373626222a1b24441e2c403e342e
2e2720252b24483325333b290f0f292e
1507111914130715130c07152d352816
0e0e1a2f30222b2d293444453e302323
b7b4b2b4b3ada6a29f9c9d9d9b969393
94989a999898999a9894969796928c86
8483807e82838286929a9d868fa8c2d3
dadee4e9e7e8e8e7eaedece9e0dce1e1
d8d0d0cfc9bfb2a3968e8b94acc6d1d8
e0e4e4e2e2e2e3e4e3e3e3e2e2e1e1e1
e1e0e0dfdfdedededddddddcdcdbdbda
d8d7d7d6d5d5d5d4d4d5d5d5d5d5d5d5
d5d5d6d6d7d8d8d7d6d6d8d8d8d6d6d5
d4d4d3cecdcdcbcac9c8c8c8c8c8c7c7
c6c6c5c5c4c4c4c4c4c4c4c4c4c3c2c2
c0c0bfbebdbbb8b6b5b4b4b3b1afacac
abaaa9a7a6a6a5a4a4a3a2a2a0a0a09e
9d9d9c9c9b9b9a9a9999989695939191
8f8d8c8a8987858483807e7d7d7c7b7a
797879797a7a7b7b7b7c7c7c7c7c7c7c
7c7c7c7b7b7b7b7b7b7b7b7b7b7b7b7b
7b7b7b7b7a7979797878777777757575
74747373737271717170706f6e6e6d6c
6b6b6b6a696969686867666665656565
64646363626161616060606060606060
605f5e5e5d5d5c5c5c5c5b5b5b5a5a59
59595757575656555555545656565554
54535352525252525252525250505050
5050505050515152535455565757595d
5f61615850515a5284a39eaecebc8050
4e3d3537769e835e3a1e2431253a4f43
3e40484a45474f504e543f3830363c43
3b3337382e22170c1a331416141a1526
332c27312e24463a242d2a23191c251f
0e0d161205030f181c1014262f2e2b29
26170f223229262a3740321c2a401f1f
b7b2b0b1afa9a29e9b96979796939292
94979a9a99999b9b9996999999958e89
8685817e808080838e9aa0898fa7c1d2
dadee4eae5e7e7e7eaedece8ddd8dfe1
dad3d4d4ccc2b4a39489858faac6d2d8
e0e4e4e2e2e3e4e4e3e3e3e2e2e1e1e1
e1e0e0dfdfdfdededddddddcdcdbdbda
d9d8d7d7d6d5d5d4d4d5d5d5d5d5d5d5
d5d5d6d6d7d8d8d7d6d6d7d8d7d6d5d5
d5d4d3cecdcdcbcac9c8c8c8c8c8c7c7
c6c6c5c5c4c4c4c4c4c4c4c4c4c4c3c2
c1c0bfbebdbbb8b6b5b4b4b3b1afadac
ababa9a8a7a6a5a4a4a3a2a1a0a09f9e
9d9c9c9b9b9b9a9a9999979694939190
8f8c8b8a89878584837f7e7d7c7b7b7a
797879797a7a7b7b7b7c7c7c7c7c7c7c
7c7c7c7b7b7b7b7b7b7b7b7b7b7b7b7b
7b7b7b7b7a7979797878777777757575
74747373737271717170706f6e6e6d6c
6c6b6b6a696969686867666665656565
64646363626161616060606060606060
605f5e5e5d5d5c5c5c5c5c5b5b5a5a59
59595757575756565555545656565554
54535352525252525252525250505050
5050505050515152535556575757595d
5f615e554c4c575287a19cb4d2b5764c
4d39373f7fa88e64381c243224394f42
3d41494b444750504f57453f343b3d42
3b3437372f23150a192f11110e171426
342c27332e24453a242a26211a1d241d
0d0d1611030211191c101629302c2a29
27191122332b262a39402d1526412020
b3aeaba8a5a098928f8e8d8b8b8d9194
96969ba0a19d9b9b9d9fa5a5aaaea9a1
94868286878b8d8a8b9aaca7a6aec0d2
dbdee1e5e1e4e8eaecede8e1cbbeccd9
e1e8f1f3eae6dfd4c7b5a4a3b7d1dbde
e1e2e2e2e4e7e6e4e4e3e3e2e1e1e1e2
e2e2e1e0e0e0dfdfe0e0dfdfdedddddd
dcdbdadad9d8d7d6d5d5d5d5d5d5d5d5
d5d5d4d5d5d5d5d5d5d4d5d6d5d5d5d5
d5d4d4d0d0cfcecdcccacacacac9c9c8
c8c7c7c7c5c5c5c5c5c5c5c5c5c6c5c5
c3c2c1c0c0bebcbab7b6b5b3b0aeb0af
aeadabaaa9a8a6a4a3a2a09f9e9c9c9b
9b9b9a9a99999898979795949391908f
8d8c8b8a8887858483807e7d7d7c7a79
797879797a7a7b7b7c7c7c7d7d7d7d7d
7d7d7d7c7c7c7c7c7c7c7c7c7b7b7b7b
7b7b7b7b7b7a7a7a7978787777767675
75747474737372727171706f6f6f6d6c
6c6c6b6b6a6a69686868676666666565
65656464636362626262626262626262
626060605f5f5e5e5e5d5d5d5c5c5b5a
5a5a5958585857575656565757575655
55545453525252525252525251515151
51515151515151525355565757585b5b
5854504a484f5878908898c9d3924e40
39244996bec99a5a291728341e3d503d
3949514d474b565a5a624b4b3b47454b
40373532302b19101b2002020e293636
31221c2d3227462c23130f1714131b1c
0f050a0e0a0a191b120f1d2f3123150d
122030383434282d3a32170c21312c2c
aeaba7a4a19b948d8a8b8988888a8d90
92949ba2a5a3a1a1a3a4a9a7aaaca8a2
998d858283888d8c8b99aaa9a6abbacc
d8dbdee1e1e4e8e8e9e8e3ddc9bdc8d5
dfe6eef0e8e7e1d8cdbfb1b0c1d7dedf
e1e2e2e2e4e7e6e4e4e3e3e2e1e1e1e2
e2e2e1e0e0e0dfe0e0e0dfdfdfdedede
dddcdcdbdad9d8d7d6d5d5d5d5d5d5d5
d5d5d4d5d5d5d5d5d5d4d5d6d5d5d5d5
d5d4d4d1d1d0cfcecdcbcbcbcacacac9
c9c8c8c8c6c6c6c6c6c6c6c6c6c6c5c5
c4c2c1c1c0bfbdbbb9b7b6b5b2b0b1b0
afaeacaba9a8a7a5a4a2a09f9e9c9c9b
9b9a9a99999898989796959492918f8e
8d8c8b8a8887858483807e7e7d7c7b79
797979797a7a7a7b7b7c7c7d7d7d7d7d
7d7d7d7c7c7c7c7c7c7c7c7c7b7b7b7b
7b7b7b7b7b7a7a7a7978787777767675
75747474737372727171706f6f6f6d6c
6c6c6b6b6a6a69686868676766656565
65656464636362626262626262626262
62616161605f5f5e5e5d5d5d5c5c5b5a
5a5a5a59585857575656565757575655
55555453525252525252525251515151
51515151515151525354555657585a58
54504d4a4d5760809295adcec5864939
3a3764a1bebe8f53261929321e405140
384a514c474b565b5b5b46463d4b4c4b
3e3737322f2b1a121b1d0503102e3533
2d211e2e362b41232111141813111b21
15060a110b121a1910111f2e31251910
10192a353431282d33291512242c2d2d
a3a3a09b969089828083828080828589
8b919ba7afb0afb0b2b3b2abaaaaa6a4
a39f8d7a7b848e908c96a8afa7a3abbe
d0d7d7d7e1e6e8e4e0dcd8d4c6babfca
d8e2e9eae5e8e7e3ddd7d1d1dae6e4e3
e3e3e3e4e5e7e6e5e5e4e4e3e3e2e2e3
e3e2e2e1e1e1e0e1e2e2e1e1e0e0dfdf
e0dfdfdedddcdbdad9d6d6d6d6d6d6d6
d6d6d5d5d4d4d4d4d5d5d5d5d5d5d5d5
d6d6d6d4d4d3d2d0cfcecececdcccccb
cbcacacac8c8c8c8c8c8c8c8c8c7c7c6
c5c3c2c1c1c1c0bebcbbbab9b6b4b4b3
b2b1afadacaba9a7a6a4a2a09e9d9c9b
9a9a9a99999898979695949391908f8e
8d8d8c8b898786848481807f7e7d7c7b
7a7a7879797a7a7b7b7b7c7d7d7d7d7d
7d7d7d7d7d7d7d7d7d7d7d7d7c7c7c7c
7c7c7c7c7c7b7a7a7979787878767676
7575757474737272727171706f6f6e6d
6d6c6c6b6a6a6a696968676766666666
66666565646463636363636363636363
636262626160605f5f5f5e5d5d5c5c5b
5b5b5a5a595959585857575858585756
56555554535353535353535351515151
51515151515051525354555657575753
4c47464a5a6c749697b4dfd9a2683b29
3e64a6bbbda67841211f2b2e1e485547
364b5149454a55605d49383a43555b4d
38383c332d2c1f1819170c061638342c
252124324236350e1b0e211d110b1b2d
2309091a0e251d170b16212d31292317
0c0b1c2f342c292c24140f202f213030
a0a09c948c8784807e7e7f7f80818285
878e9aa7b1b4b4b3b2b0ada6a3a19b9c
a0a2988981808688858f9fb4aca0a2b2
c6d0d0cdd6dcdedad6d4d5d5d1c9c7cd
dbe4e8eae9eae7e1dcdbdcdde0e4e3e3
e3e4e5e5e5e5e5e5e5e5e4e4e3e3e2e3
e3e3e2e2e1e1e0e1e2e2e2e1e1e0e0df
e1e1e1e0dfdedcdbdbd7d7d7d7d7d7d7
d7d6d5d5d4d4d4d4d5d5d5d5d5d5d5d6
d6d6d6d5d5d4d3d2d1d0d0cfcecdcdcc
cccbcbcbcac9c9c9c9c9c9c9c9c7c7c6
c5c3c3c2c1c1c1bfbebdbdbcbab8b5b4
b3b1b0aeacabaaa9a8a6a3a29f9e9d9b
9a9a9a999998989796959493918f8e8d
8d8d8c8b89878685848281807f7d7d7c
7b7b787879797a7a7b7b7c7c7c7c7c7c
7c7c7c7d7d7d7d7d7d7d7d7d7c7c7c7c
7c7c7c7c7b7b7a7a7979787878777676
757574747473727272717170706f6e6d
6c6c6c6b6a6a6a696968686767666666
66666565646464636363636363636363
6362626262616160605f5e5d5d5c5c5b
5b5b5b5a5a5959585857575858585757
56565554535353535353535351515151
51515151515050515254555656555350
4a46464b5c707aa3b9d0dec792603b2c
3670abaeae9a693a2524292a1e4a524b
394e51494548525f5b403c404c565a45
3a393e352b291e17181a0f091834332e
28212436433d28111811211813111927
2513111b13312c1b1921272e2d221d17
1011202f322b2d302514101e31282020
9d9e988d837f7f7f7d7b7d7f80808082
848c99a7b2b8b9b7b2ada9a19d989194
9ea5a498877d7e807f8997b9b19e99a7
bccac9c3ccd2d5d0cccdd2d7dcd8ced1
dee6e8eaedebe8e0dbdfe7e9e6e3e3e3
e4e5e7e6e5e4e5e6e6e6e5e5e4e4e3e4
e3e3e2e2e1e1e1e1e3e3e3e2e2e1e1e0
e3e3e2e2e1dfdeddddd8d8d8d8d8d8d8
d8d7d6d5d5d5d5d5d5d6d5d5d5d5d6d6
d7d7d7d7d7d5d5d4d3d2d1d0cfcfcfce
cdcdcccccbcbcbcbcbcbcbcbcac8c7c6
c5c4c3c2c1c2c2c0bfbfc0c0bebdb7b5
b4b3b1afaeadacabaaa8a5a3a09e9d9c
9a9a9a999998989896959493918f8e8d
8d8e8d8c8a88878585838181807f7e7d
7c7c787879797a7a7b7b7b7c7c7c7c7c
7c7c7c7e7e7e7e7e7e7e7e7e7c7c7c7c
7c7c7c7c7c7b7b7a7a79787878777776
75757574747473727271717070706e6d
6d6c6c6b6b6a6a696968686767676666
66666665656464636464646464646464
6463636362626161615f5e5e5e5d5c5c
5b5b5b5b5a5a5a595958585958585757
56565655535353535353535351515151
51515151515050515254555656524e4c
4846464b5f747fb0dcebddb683573c2f
2f7db0a29f8e5c34292929261e4b4f4f
3b5253494446505f593741455557593d
3b3b403629271d17181d130c19303330
2c22243a44441c151614221416161721
261e1a1d183e3b1f272c2d30291c1917
1518252f2f2b32352615111d33301111
92918c8682807e7d7c7b7a7a7979797b
7b82878c9196999ca0a3a4b3b1aba093
90959a988c827d7c7d8185969d9c9a9b
a2acb2b6c9cacfcccdd2d3d5d8d8d7db
e3eaeeedeceae9e6e5e6e7e8e6e6e7e7
e7e7e7e6e6e5e6e7e6e6e5e5e5e4e4e4
e4e3e3e2e2e1e1e1e2e2e2e1e1e0dfdf
e2e3e2e1e1dfdeddddd9d9d9d9d8d8d7
d7d6d4d4d5d5d6d6d7d7d6d6d6d7d8d8
d9d9d9d6d6d6d5d5d4d3d3d2d1d0d0cf
cfcececececdcccccbcbcac9cac9c8c7
c6c5c4c3c2c1c1c1c1c1c1c0bebdbbba
b8b6b4b1afaeacaaa9a8a6a5a2a1a09f
9e9d9c9a9998969695949392908e8d8c
8d8e8d8c8b8887868583828181808080
7f7e7b7b7b7b7c7c7c7c7c7c7c7c7d7d
7d7d7d7d7e7e7e7e7e7e7e7e7d7d7d7d
7d7c7c7c7b7c7b7a7a79797979787877
76767574747473737372727171716f6c
6c6c6b6b6a6a69686868686868676767
67676767676767666666666666666666
666564646463636262626060605f5f5e
5e5d5e5e5d5d5c5c5b5b5b5a59595858
58575757565655555454545452515151
5151525253584e4e4f53565352514e4c
494851586c6f8fd5ede3caa2714e3729
3f89a39792785c4d3d2a1b162f544c46
4f55554c474f595b4c364844545a402c
333d3c33281f1715141611241d242f2f
2e292c3932280f090909100d11181e23
1d0d1a2b19383d2424363c3221181d1d
1f1730382f382e2e23111932321b0c0b
8e8b878482807e7d7c7b7a7977777778
787e808184898c91989fa2bab9b2a693
8b8e96988e837d7b7d7e7e88949c9b97
98a0a9b1c8c7cdcbcdd4d4d4d7d9dbdf
e5ecf0eeeceaeae9e9e8e8e7e7e7e9e9
e8e8e7e6e6e6e7e7e7e6e6e5e5e4e4e4
e4e3e3e2e2e2e1e1e2e2e2e1e0e0dfdf
e2e3e2e2e1dfdedddddadad9d9d8d8d7
d7d6d4d4d5d5d6d7d8d8d7d7d7d7d8d9
dadadbd6d6d6d5d5d4d4d3d3d2d1d1d0
d0cfcfcfcfcecdcccccbcac9c9cac9c8
c7c5c4c3c2c1c0c1c2c2c1c0bebdbdbc
bab8b5b3b0afadaaa9a8a7a5a3a2a1a0
9f9e9d9b9998969595949392908e8d8c
8c8f8e8d8b8987868583828282818181
80807c7c7c7c7d7d7d7d7d7c7c7c7d7d
7d7d7d7e7e7e7e7e7e7e7e7e7e7e7e7d
7d7c7c7b7b7c7c7b7b7a797979787877
76767675757574737372727171716f6d
6c6c6b6b6a6a69686868686868686868
68686868686868686767676767676767
6766656564646363636362616160605f
5f5e5f5f5e5e5e5d5c5c5c5b5a5a5959
58585858575756565554545452525252
52525253545c4e4d4e54575251504e4d
4949565d726d96e4f5dfc39a6a4b3626
468e9e938d705c57452b161036584b43
5757564d48525d5947364b44545c3626
303d3b32271b14141314112e1e202d2f
2f2d2f392b1c0b0404040a0a0f182024
1a071b311a353e26233a42331e171f1f
2317343c303d2c2b210f1c3b32130a09
8684817f7e7d7c7b7976757372717172
7375757476797b7f848da7b7b3aea795
867f858d8984817f7d7977747982878a
909fb4c6caccd4ccc7c6c4c5c4c3c5ca
d7e9f1eceaeaeaeae9e9e9e9e8e9ebeb
eaeae9e8e7e6e7e8e8e7e7e7e6e5e5e5
e4e4e3e3e2e2e2e2e2e2e2e1e1e0e0df
e0e1e0e0dfdedddcdcdadadad9d8d8d7
d7d6d6d6d6d7d7d7d8d8d6d6d7d7d7d8
d9d9dad9d8d8d7d7d6d6d5d5d5d4d4d4
d3d2d2d2d0cfcecdcccbcbcac9cacac9
c8c6c5c4c4c3c2c3c4c4c3c2c0bfbdbd
bbb9b7b5b3b2b0acacababa9a9a8a7a6
a5a3a19f9c9998969594939291908f8e
8d8c8c8b898886858583838282818180
7f7f7e7e7e7e7e7e7e7e7d7c7c7c7c7c
7c7d7d7f80808080808080807f7f7e7e
7d7c7c7c7c7c7c7b7b7a7a7979787877
77767676757574747373727171716f6d
6c6c6c6b6b6a6a696969696969696969
69696969696969696767676767676767
67666665656464636363626261616060
5f5f5f5f5f5e5d5d5d5c5c5b5b5a5a59
59585858585757575655555553535252
52535353524b4c575754514b4d4e4f56
5c5b56665e82d2f5e3c3a67f5741332a
4885948a79616151372e2921404c3f4e
524e50504e525550433942584b312913
2c343230302917080a0e2a1d1f2a241b
243a433215101210140f05081a201b13
0c11222a383a26241f383b33271e1f15
191f24242a252224242b3d4635282b2b
85827f7d7c7c7c7b7875747271707071
727473737577797c8189a3b1aca9a495
867f838a878482807c787572757d8387
8e9eb6caccd0d8cfc5c1bebec0bfbfc2
d0e5eeeaeae9e9e9e9e9e9e9e9e9eceb
eaeae9e8e7e6e7e8e8e8e7e7e6e5e5e5
e4e4e3e3e3e2e2e2e2e2e2e1e1e0e0df
e0e0e0dfdfdedddcdcdadadad9d9d8d8
d7d7d6d6d6d7d7d7d8d8d6d6d6d7d7d8
d9d9d9d9d8d8d7d7d6d6d6d5d5d5d4d4
d3d2d2d2d0cfcececdcccbcac9cacac9
c8c6c5c4c4c3c3c3c4c4c4c2c0bfbdbd
bcbab8b5b4b3b1adadadabaaa9a8a8a7
a5a4a29f9c9a9896959494939291908f
8e8c8c8b898886858584848382828180
7f7f7e7e7e7e7e7e7e7e7d7c7c7c7c7c
7c7d7d7f80808080808080807f7f7e7e
7d7c7c7c7c7c7c7b7b7a7a7979787877
77767676757574747373727171716f6d
6d6c6c6b6b6a6a696969696969696969
69696969696969696867676767676767
67666665656464646363626261616060
5f5f5f5f5f5e5e5d5d5c5c5b5b5a5a59
59585858585857575655555553535252
53535353524b49515253514c4d4e4f58
5e5c5665618ddcf5ddbda07a533f322a
4a849288765d6150352e2a23434a3e4f
514d4f504f515450453c435647292413
2c333131322b16080c112d1c212a221a
263d4530131015121510060e1e211c15
0d12232d3b38242522373832271d1d14
1a2121212922212325304246352a2c2c
7d7b787778797979767372706f6e6f6f
7071717070717172767b8188848a9392
89817f818182827f797370706e6f747a
8398bcdbdce2ebdbc0aa9e9facb1a49b
abcbdde0e8e6e6e7e7e7e7e8e8eaefef
eeedebeae9e8eaeaeaeae9e9e8e8e8e6
e6e5e5e4e4e4e3e3e3e3e3e2e1e1e0e0
e0e0e0e0dfdfdfdfdfdddddddcdbdbda
dadad9d9d9d9d8d8d8d8d7d6d6d6d7d7
d8d8d8dbdadad9d9d8d8d8d8d8d8d8d7
d7d6d6d5d2d1d0cfcecdcccbcbcbcbca
c9c8c7c6c6c5c5c5c6c6c5c4c3c2bfbe
bdbcbbbab9b8b7b2b2b1afadacabaaa8
a6a5a3a09d9b99989897979695939393
908d8d8c8b8a89898888888786858382
81808080808080808080807f7f7f7e7e
7e7e7e80818181818181818180807f7f
7e7d7d7d7d7d7c7c7b7b7a7a79787878
77777776767574747473727271716f6e
6e6d6d6c6b6b6b6a6a6a6a6a6a6a6a6a
6a6a6a6a6a6a6a6a6968686868686868
68676766666565646464636362626160
606060605f5f5f5e5e5d5d5c5c5b5b5a
5a5959595a5a59595857575755545454
5454545354563a262d46565551515559
5b595b5982c6f7ebc2a58a6343392f28
57838781684d594e352e2a2950443b52
4d4b4f545350535654504c3a2e0a0a1d
2d31363b382a140c1e2f35222c261a23
384844250c18271713160e36351e2630
1c152745432f242b33342c2a21131213
1f2c181a251f211f263d4a40372e2323
7c7a777677787878767372716f6f6f6f
7073727171727272767a7b807c828c8e
8883808080807f7c77726f6f6c6c7177
7f94b7d6dde3eee1c6ac9d9ea9aa9c94
a7cadcdfe9e8e8e8e9e9eaeaeaecf0f0
efeeecebeae9eaebebeaeaeae9e8e8e7
e7e6e5e5e4e4e3e3e3e3e3e3e2e1e1e0
e1e1e1e1e0e0e0e1e1dedededddddcdc
dbdbdadadadad8d8d8d8d7d6d6d6d7d8
d8d8d8dbdadad9d9d8d8d8d8d8d8d8d7
d7d6d6d5d2d1d1d0cecdcccbcbcbcbca
c9c8c8c7c7c6c5c5c6c6c5c4c3c2bfbf
bebdbcbcbabab8b4b4b2b0aeacabaaa8
a7a6a4a19f9d9c9b9a99999896959494
918f8e8d8d8c8b8b8b8a8a8a88868583
82828181818181808080808080807f7f
7f7f7f81818181818181818180807f7f
7e7e7d7d7d7d7c7c7b7b7a7a79787878
7777777676757474747372727171706e
6e6d6d6c6c6b6b6a6a6a6a6a6a6a6a6a
6a6a6a6a6a6a6a6a6968686868686868
68676767666665656464636362626161
60606060605f5f5e5e5d5d5c5c5c5b5b
5a5a595a5a5a59595958585755545454
545454535456321b2443585752525757
53565c5c9cd8f3dfbaa1845c40382f2a
5f84807c6449524b383028254c3c3c51
4d4e5154514e5358544b432a210c0c25
302f343a35221213273836272a231e2d
3f463d23101d2c1b14130d2e2d1d2730
1f1b2a3c3a2d29303734292620141011
1b24121d262422212b3f453e3a2a1b1b
7a787575767777777675747271707071
7275757373747373767871716c727e86
8785827e7e7e7b77726e6d6e6a686b70
788baccbdfe5f5efd2b09c9ca49f8d87
a0c9daddebecececedeeeeefeff0f2f2
f1efedecebeaecededececebebeaeae8
e8e7e6e6e5e5e5e5e5e5e4e4e3e2e2e2
e3e3e3e3e3e3e3e4e4e1e1e1e0dfdfde
dededddddcdbdadad9d9d8d7d7d7d7d8
d8d8d8dbdbdbdad9d9d8d8d9dad9d9d8
d7d7d7d6d3d2d1d0d0cecdcdcccbcbcb
cac9c9c8c8c6c5c6c6c7c5c5c3c2c0c0
c0bfbfbfbebebcb9b8b5b2afacaaa9a8
a7a7a6a4a3a2a1a09f9e9d9c9a989796
9492929191909090908f8f8e8c8a8887
86858383828282818181828383838282
81818182828282828282828281818080
7f7e7e7e7e7d7d7c7c7b7b7a7a797978
7877777776767575747473727272706f
6f6e6e6d6d6c6c6b6b6b6b6b6b6b6b6b
6b6b6b6b6b6b6b6b6a69696969696969
69686868676666656565646463636262
616161616161605f5f5e5e5d5d5d5c5b
5b5a5a5b5c5b5b5a5a59595856555656
5656545354572306123f5c5c53545b55
45506064cffbebc7aa98795039372f30
6f8573735d4147463e35231f452d3e4f
4d5354534d4a545d5543320c0a0f1135
352c30382e150e21394b3731281c2641
4c4230201627342315100c1e201b2831
26272f2c292932383f33241e1e160b0f
13150724282e262736423d3940220d0d
7c797676767777767574737270707071
7174747374747372757975747070777c
7e7f7f7d7d7c7974706c6b696767696c
73839cb5cbcfe6eedbbaa09ca39e8d88
a1c6d4d7e7ecededeeeff0f0f0f1f2f2
f1f0eeedecebedeeedededecebebebe9
e8e8e7e7e6e6e6e6e6e6e6e5e5e4e3e3
e4e4e4e4e4e5e5e5e5e1e1e1e1e0dfdf
dededededddddcdbdadad9d9d9d8d8d8
d8d8d9dbdadad9d9d8d8d8d9d9d8d8d7
d7d6d6d5d3d2d1d1cfcecdcdcccbcbcb
cacac9c9c9c7c5c5c6c6c5c4c3c1c1c1
c1c1c0c0c0bfbebbbab8b5b1aeadabac
acacabaaa8a7a7a6a4a3a29f9d9b9997
9695959494939393939292918f8d8b89
88888585848483838282838584848383
82828282828282828282828282828181
807f7f7e7e7d7d7c7c7b7b7a7a7a7979
7878777776767575747474737372716f
6f6f6e6d6d6c6c6b6b6b6b6b6b6b6b6b
6b6b6b6b6b6b6b6b6b6a6a6a6a6a6a6a
6a686868686767666665656464636262
61616262616160605f5f5e5d5d5d5d5c
5b5b5b5b5c5c5b5b5a59595956565757
57565553524d2915264956504c505753
4654678ee6fbdfbba18f6f4a3a38303c
767d686b563c4243433d272242284851
4b5454524d4c5352412f1d11061d2232
322a272f2b1a1c323a452a211616273c
453b2b221d28322b1d0c07141415242b
201d2b271e2e2f363735271b140c080d
141a112f2b29212b3f4337353e190a0a
7d7a7776777777777574737270707071
71737373747573727579797773707174
767a7c7d7c7a77736e6b696665666769
6f7d8fa2bbbedbede3c3a49ca39e8c88
a2c4cfd2e3eceeeeeff0f0f1f1f1f3f2
f1f0efeeedeceeefefeeeeedecececea
e9e9e8e8e7e7e7e7e7e7e7e6e6e5e5e4
e5e5e5e5e5e6e6e6e6e2e2e1e1e0dfdf
dfdfdfdfdfdedddcdcdbdadadadad9d9
d9d9d9dbdadad9d9d8d8d8d8d9d8d8d7
d7d6d6d5d3d2d2d1d0cfcecdcdcbcbcb
cbcacac9c9c7c5c5c6c6c5c4c3c1c2c2
c2c2c1c1c1c1c0bdbcbab7b3b0aeadaf
b0b0b0aeadacacaba8a7a5a3a09d9b99
989797979696969595959493918f8d8c
8b8a8787868585848383848686858484
83828282828282828282828282828281
80807f7f7f7e7e7d7c7c7b7b7b7a7979
78787877777775757574747373727170
70706f6e6e6d6d6c6c6c6c6c6c6c6c6c
6c6c6c6c6c6c6c6c6b6b6b6b6b6b6b6b
6b696969686867676766656565646363
626263626262616160605f5e5e5e5d5d
5c5c5b5c5d5d5c5c5b5a5a5a57575858
5857555450462f2137515147474d5451
47586cb1f9fcd5b19b8966453b393146
7c76606550383e4147442a2540245052
495653514e4e524a301e0c1504293030
2f292127291f28403b401f1507112938
3f362724232a30322309030b0a102026
1b15272316322c35313729180d04050d
141f19382e261d2f464432333e110807
7e7c797879797979777473716f6f6f70
71727273747473727578747375716d6e
6f72777a7a7a78756f6a676667666568
718295a19e95a5b8bdb0a1a2afb1a39e
abc1cdd6e3ebecececedeeeeeeeff1f0
f0f0efefeeedeff0efefeeeeedededeb
eaeaeae9e9e8e8e8e9e9e9e8e8e7e6e6
e6e6e6e6e6e6e6e6e6e1e1e1e0dfdfdf
dedfe0e0dfdfdededededddcdcdcdcdb
dbdadadbdbdadad9d9d8d8d8d7d7d6d6
d5d5d4d4d3d2d1d0cfcececdcccbcbca
cacacac9c9c7c5c6c6c6c5c5c3c2c3c3
c3c3c2c2c1c1c0bebdbcbab8b6b5b4b5
b4b4b2b0afaeadacadacaaa7a5a29f9e
9c9b9b9b9a9998989798979695949291
908f8c8b8b8a89888887878887868585
84838383838383838383838383838382
818180807f7e7e7d7c7c7c7b7b7a7a7a
79787877777776767575747473737271
7170706f6f6e6e6d6d6d6d6d6d6d6d6d
6d6d6d6d6d6d6d6d6c6c6c6c6c6c6c6c
6c6a6a6a696968686766666665656464
63636363636262616161605f5f5f5e5e
5d5d5c5c5d5d5c5c5b5b5a5a57575959
595856535149413c4e5e5246474a474b
58618febfbe4c7a6917b5d47423b304e
73655e664a38455456442a2e472a4630
3e4f4f5456534e391a171c2515322e37
3530221e2835444b393314140a14202f
433f28252e2f262014070e1c161d3238
230f2833133027282f3d311708090b05
081a1d34321f1731433d2c282f0a0504
7f7c7a797a7a7a7a777473716f6f6f70
71727273747573727578727276716c6c
6d707679797a7976706a676767666467
728497a1958894a7b0aaa1a3b3b8aba5
afc0ccd7e3ebecececededededeef1f0
f0f0efefeeeeeff0f0efefeeedededeb
ebebeae9e9e9e8e9eaeaeae9e9e8e7e7
e7e7e7e7e6e6e6e6e6e1e1e1e0dfdfde
dedfe0e0e0e0dfdfdfdfdedddddddddc
dcdbdbdbdbdadad9d9d8d8d8d7d7d6d6
d5d5d4d4d3d2d1d0d0cfcecdcdcbcbca
cacacac9c9c7c5c6c6c7c5c5c3c2c3c3
c3c3c2c2c2c1c1bfbebdbbbab8b7b7b6
b6b5b3b1b0afadacafaeaca9a6a3a19f
9e9d9c9c9b9a99999899989797959493
91918e8d8d8c8b898989888988878685
84838383838383838383838383838382
818180807f7e7e7e7d7c7c7b7b7a7a7a
79787878777776767575747473737271
717170706f6f6e6d6d6d6d6d6d6d6d6d
6d6d6d6d6d6d6d6d6c6c6c6c6c6c6c6c
6c6b6a6a696968686867666666656564
6463646363636262616161605f5f5e5e
5d5d5c5c5d5d5d5c5b5b5a5a5858595a
5a585654514a4744566253464849434a
5e649bfdfcddc3a38e775a48453b3151
71605e664837475a5b452a30492c4326
3b4d4e5559554c341315212a1a352e39
3733231b283c4d4f382f11140c161e2c
454329263131231b100711211a22383e
250d2938122f25242f3f3317070a0d02
05191e32331d1632423b2b252b080403
7e7c7a7a7b7d7e7f7d79787776767677
7776757577777573737675737b797574
717173747577797a766f6a6766646367
758da8bbc3af9d8c82818794adc1c5c5
c0c4daeef0f2f2f2f1f1f1f1f0efeded
eeeeefefefefeff0f0efefeeeeededed
ececebebeaeaeaebededececebebeaea
eaebeae9e9e9e8e7e7e4e4e4e3e2e2e1
e1e1e1e1e1e1e2e2e2e2e1e1e1e0dfdf
dfdededddddddcdbdbdadad8d7d6d6d6
d5d4d4d4d2d2d1d0cfcecdcdcbc9c9ca
cacacacacac8c7c8c9c8c7c7c5c4c4c4
c3c3c2c1c0c0c0bfbfbebdbcbbbbbab7
b4b4b2b0afaeadacb0b0aeadabaaa8a8
a6a4a4a3a1a09e9d9c9ea09f9e9d9c9c
9c9a969594939291908f8f8e8e8d8c8b
8a898887878787878787878684848483
82828181807f7f7e7d7d7c7c7c7b7a7a
79797878787876767675757474737272
72727170706f6f6e6e6e6e6e6e6e6e6e
6e6e6e6e6e6e6e6e6d6d6d6d6d6d6d6d
6d6b6b6b6a6a69696868676767666565
64646564646363626262616060605f5f
5e5e5d5d5d5d5d5c5b5b5a5a58595a5b
5b595653515352434b5d5c5758504143
5e86dafeeec7b096836b52464339344c
655660654c4d63735c372b333a1e1706
344c515b52392c23121b3b2b352c2f53
423629141835413a3f300e19160e0f23
383121292f2e170302091e1125404434
272a311910272623393f3116070f1508
1113090f12221a343d33251b1f0f0c0c
7d7c7a7a7b7d7f807e7b7b7a78787879
7977767677777572737575737b7a7675
737173747576797a77706b6867656467
738aa4b7c1b4a7978b898d98aec0c5c3
bbbcd6eef0f2f2f2f2f1f1f1f0efeced
eeeeefefefeff0f0f0f0efeeeeededed
ececebebebeaeaebededececebebeaea
ebecebeaeae9e8e7e7e5e5e5e4e3e3e2
e2e1e1e1e1e1e2e2e2e2e2e1e1e1e0df
dfdededddddddcdcdbdbdad9d7d7d6d6
d5d4d4d4d2d2d1d0cfcecdcdcbc9c9ca
cacacacacac8c8c8c9c9c7c7c5c4c4c4
c3c3c2c1c0c0bfbfbfbebdbcbbbabab6
b4b3b2b1afafaeadb0b0aeaeacabaaa9
a8a5a5a4a2a19f9e9da0a1a1a09f9e9e
9d9c979695949392919090908f8e8d8c
8b8a8988878787878787878784848483
82828181807f7f7e7d7d7c7c7c7b7a7a
79797878787876767675757474737272
72727170706f6f6e6e6e6e6e6e6e6e6e
6e6e6e6e6e6e6e6e6d6d6d6d6d6d6d6d
6d6b6b6b6a6a69696968676767666565
64646564646363636262616060605f5f
5e5e5e5d5d5d5c5c5b5b5a5a58595b5c
5b595653515356464a5b5a5556504443
5a90e2faeac4ad94826a50434039364b
65565e634d536a7357352f35351b140b
354e535b4d32251f131d3b2e382a3552
3f342a1516313c3542321017140e1327
3730242b2b291503040a1b10253d3f30
23272c150f272526393e2f16080d1209
15120912172518323b3123191e100e0e
7b7a797a7d8082838384838280808081
817b777777777370707379747b7b7a7c
797574737274777b7a74706c6a696867
6b7a90a5b4c4d4c8b7aeabaeb3bac1b8
a09ac1eaebf3f3f3f2f1f1f1f0efebeb
ecedeeeff0f0f0f0f0f0efeeeeededed
ededececebebeaecefeeeeededececec
eff0efefedecebeae9e9e9e8e8e7e7e6
e6e4e0e1e1e2e3e4e4e4e4e4e3e3e2e1
e0e0e0dfdfdfdededddcdcdad7d7d7d6
d6d5d5d4d2d1d1d0cfcecdcccbc9c9c9
c9c9cacacac9c9c9cacac9c8c7c5c5c4
c4c3c1c1c0bfbfc0bfbebcbbb9b8b7b5
b4b4b4b3b3b2b2b2afafafafafafafaf
aeabaaa9a7a5a3a2a1a5a7a7a7a6a6a6
a5a59c9b9a9998969595959695949391
908f8e8b8a8a8a8a8a8a8a8985848483
83828282817f7f7e7e7d7d7c7c7b7b7a
7a797978787877777675757474747373
737272717070706f6f6f6f6f6f6f6f6f
6f6f6f6f6f6f6f6f6e6d6d6d6d6d6d6d
6d6c6c6b6b6a69696969686867676665
6565656564646463636262616160605f
5e5e5e5e5d5d5c5c5b5b5a5a595a5b5d
5c5a575351556250494f4d4b4c4d5044
4ab9fcecd7baa5908066493834353c48
66575759526a85713f2e403d240e0a26
3b555c5d3b150a121b23343c421f504e
30282d1a0d1f2423503c1a10090e293b
332c35321c150f060d0f0b0f2228271e
101312090d2a2334393826170b04080d
26110c242e31122a362a1b1118131818
7b7a79797a7c7d7e7e80818383848483
817e7d7d7d7b777373757a7983858684
7b75737374787c7c7874706d69686767
6c77899db3cdded6c7bebdc0c3c5c3b7
a69fb8dee9edeeeff0f0f1f1f0efecec
edeeeff0f0f1f1f1f1f0efefeeeeeeed
edededededececedf0efefeeeeeeeeee
eff0efeeedecebebeaebebeaeae9e9e8
e8e6e3e3e3e4e4e4e4e4e4e5e4e3e3e2
e1e1e1e0e0e0dfdfdedddddbd9d9d8d7
d7d6d5d5d3d2d1d0cfcecdcdccc9c9c9
c9cacacacacacacacacac9c8c7c6c5c4
c3c3c2c1c0c0c0c0bfbebcbbb9b9b8b5
b4b4b4b3b3b2b2b2afafb0b1b1b1b0af
aeacaba9a7a5a5a5a5a8aaa9a7a7a7a6
a5a59f9d9c9b99989797979796959492
91918f8e8d8c8b8b8a8a8b8a86868685
8483838281807f7f7e7d7d7b7b7b7b7a
7a7a7978787876767675757474747373
73737271717170707070707070707070
6f6f6f6f6e6e6e6e6e6d6d6d6d6d6d6d
6d6c6c6b6b6a6a696969686867676665
6565656464646363626261616160605f
5f5f5f5e5d5c5c5b5c5d595b5a5a5b5d
5d5a5854555a5b54444a4c423b434948
6dd3faebcaba9e907e61473632383b4c
605d5a675e697e69402e34341d0d1533
3d5558552f14131c27303f3e3b2c4b41
251d22150a171f234c3e1a0c09142f3a
323133281b180c0d0f0f091320232319
0b0f17181c2b202e36362a1a0c05060a
1f0c091d262811202b21140f16131111
7c7b797776757676777a7f84888b8b87
8184878887837d79787a7c818f959890
7e7473737880837e7674726f66656567
6d747d91b1dbefebe1d7d9dddcd5c6b6
afa8aacce8e6e7e9eceff0f1f1f0eeee
eff0f1f1f2f2f3f3f3f2f1f0f0efefed
ededeeefefeff0f0f1f1f1f1f1f1f1f1
f0efefefeeededececeeeeededececeb
ebe9e7e7e7e6e5e5e4e4e5e6e5e5e5e4
e3e3e3e2e1e1e0e0dfdfdfdedcdcdbda
d8d7d6d6d4d3d2d1d1d0cfcecdcacaca
cacbcbcbcbcccccbcac9cac8c8c8c4c4
c3c3c2c2c2c1c1c0bfbebdbbbab9b8b6
b5b5b4b4b3b2b1b1afb0b2b4b6b5b3b0
aeafadaaa7a6a8aaacaeaeaba9a8a8a8
a6a5a5a19e9e9d9a9a9b9b9a99989795
9493929392908e8c8b8b8c8c89898887
86858483828181807f7d7c7b7b7b7b7a
7a7a7a79797876767675757473737475
74747373727271717171717171717170
6f6f6f6e6d6d6c6c6d6e6e6e6e6e6e6e
6e6d6d6c6b6b6a6a6a6a696868676766
66666564646463636262616060606060
6060605f5d5b5d5a5d60585b5c5b5a5e
5f5b59565a6251593c434b3321333f4e
a5fcf6eab5ba93917c5944342f3c3a53
57675e7e7266735d402e2327140c2547
425652481e15232a3a4451403041432c
160b100e060b162546421906081e3938
32383218191e09181211071a1d1c1e12
03081e2f342d1b26313230200e060206
160504131b1a11111a13080c13130707
7c7b7977767575767574798084878a8f
959c9e9d9a95908b87868e95a1a5a69a
857b7772757d83807a75716d696b6c6c
748395abc1e2f1f2efebececebe7ded4
d0c9c3d6e6e2e3e6e9eceff0f0efeeee
eff0f0f1f1f2f2f3f3f2f2f1f1f1f1f0
f0f0f1f1f2f2f3f2f2f2f2f2f2f2f2f2
f0efefefeeededededeeeeededececeb
ebeae8e8e7e6e5e5e5e5e6e6e6e5e5e4
e3e3e3e3e3e3e2e2e1e1e0dfdedddcdc
dad9d8d8d5d4d3d2d2d0cfcfcecbcbca
cacbcbcacacbcbcacac9c9c8c8c8c5c5
c4c4c3c3c2c2c2c3c2c0bfbcbbb9b8b8
b7b7b6b6b5b4b4b3b1b1b1b1b2b3b3b3
b3b3b2b0afafb1b3b5b5b4b3b2b0afad
aaa8a6a29f9f9d999797989898979695
949494949492908e8c8b8b8b8a8a8888
86858484838181807f7d7c7c7c7b7b7a
7a7a7979797877767675757474747474
74747373727171717171717171717171
6f6f6f6f6d6d6d6d6d6e6e6e6e6e6e6e
6e6d6d6c6b6b6b6a6a6a696868686766
66666565646363636262616060606060
6060605e5d5f605b5d5e585f5d5d5d5d
574d4c5059504d4c353e392119344a6c
c8fbf2d4c3ae8e8a73503f322d393951
5462738b6c64705541311c25151e2c47
435c5737232a302b344d514a3d3e351d
120c0d0a04070c183e430c09061d332f
3335220f12150d0b18160c2820171712
0f1826353e2f192838342b1d0e06070e
170703191b120c0d120f08070a0c0505
7c7b7977767576767370757d82858995
a3acadaba7a29d97918e9ba2adb1b0a1
89807a72737c83827d76716c6b707170
798da4bbcbe7f2f7f9f7f8f7f5f3ede7
e6dfd4dde6e0e1e4e8ebeeeff0f0eeee
eff0f0f1f1f2f3f3f3f3f3f2f2f2f2f2
f2f2f3f3f4f4f4f4f2f2f2f2f2f2f2f2
f1efefefeeeeedededeeeeeeedececeb
ebeae8e8e8e7e6e6e5e5e6e7e6e6e6e5
e4e4e4e4e4e4e3e3e2e2e1e0dfdfdedd
dcdad9d9d6d5d4d3d3d1d0d0cecccccb
cbcbcbcacacbcbcacac9c9c8c8c8c6c6
c5c5c4c4c3c3c3c5c4c2c0bdbbb9b8b9
b9b9b8b8b7b6b6b5b2b1b0afb0b1b3b4
b6b7b6b5b5b6b8babcb9b8b8b8b6b4b0
adaaa7a3a09f9d999695969797979696
959595969594918f8d8c8b8b8a8a8988
86858484838281817f7e7d7c7c7b7b7a
7a797979797877767675757474747474
74747373727171717171717171717171
70706f6f6e6d6d6d6e6e6e6e6e6e6e6e
6e6d6d6c6c6b6b6a6a6a696968686766
66666565646463636262626060606060
6060605e5e62625b5d5d57615e5e5e5d
5244434c58444b43303a2d1514345280
dffbefc5cca78a866d4b3c312c37384f
535e819468646f5041341823172a3147
43615a2c26383a2c31545251453c2c13
0f0c0c070304050f3943030c051c3029
333417090d0f10021c19103223141412
17232a38453118293d36291c0e060b14
1809021d1b0d090a0c0d090303070404
7c7b797776757576746f70757a7a7d8d
a1b0b2aca29a9ca3abaeb4bdc2c3c3b2
988f92908a8a8b898785817f77777f8a
98aac1daecf6f6f6f8f7f7f4f3f2f0ee
f2f0ebecedebebebebeae9e7e5e7efef
eff0f0f1f1f1f2f3f3f3f4f3f3f3f4f3
f3f4f4f5f6f6f6f5f3f3f3f3f3f3f3f3
f1f0f0efefeeeeeeedefeeeeededecec
ecebeae9e9e8e7e7e7e7e8e8e8e7e7e6
e6e6e6e7e6e6e5e4e4e4e4e2e1e1e0df
dedddcdcd8d7d7d6d5d3d2d2d1cececd
cdcccbcacacacac9c9c8c8c7c7c6c7c7
c7c6c6c5c5c5c5c6c6c4c2c0bebcbbbc
bcbcbcbcbbbbbabab8b7b5b3b2b3b7ba
bdbfbebdbcbcbbbbbcbfc0bebcb9b5b2
b1b0aba8a7a6a49f9c9b999595959696
9696969797979593908e8c8b8b8b8a89
8887868584828281807f7e7d7d7c7b7b
7a797979787877777676757574747474
74747372727171727272727272727271
7070706f6f6e6e6e6e6f6f6f6f6f6f6f
6f6d6d6d6c6c6b6b6a69696969686767
66666565656463636362626161616161
616161605d5c606163655f5b5b616462
503a384657474841474c2716304a6bb3
f8f8dcc4d1a2878267473b2f28343c4e
555c93935c676d514b3e1c2b45564534
435a5025222a2b3344513a4036261b0b
16140c090a0b070b2b2e051916292c22
2e2b0e05050a1002303b2f3c27202017
131a1d343c2f131f383321161210151b
0f0401261e080b0e0a0f110503040202
7c7b797776757576746f6f7378787b8b
9fb0b3aba0989ba6b0b5bac4c7c8c8b6
9c939898908e8e8c8a8987847a798391
a0b1c8e2f3faf7f6f8f7f6f4f2f2f1f0
f4f4f0f0efeeeeedeceae7e5e3e5efef
eff0f0f1f1f1f2f3f3f3f4f4f4f4f5f4
f4f5f5f5f6f7f7f6f3f3f3f3f3f3f3f3
f2f0f0f0efefeeeeedefeeeeededecec
ecebeaeae9e9e8e8e7e7e8e9e8e8e7e7
e6e6e6e8e6e7e5e5e5e5e4e3e2e2e1e0
dfdeddddd9d8d7d6d5d4d2d2d1cfcece
cdcccbcacacac9c9c8c8c8c7c7c6c8c8
c7c7c6c6c5c5c5c7c6c5c3c0bebdbcbd
bdbdbdbdbcbcbbbbbab9b7b4b3b4b7bc
bfc1c0bfbebdbcbcbcc0c1c0bdb9b6b3
b2b2aca9a8a8a6a19d9c9a9595959696
9797979898979694918e8c8b8b8b8a89
8887868584838382807f7e7d7d7c7b7b
7a797979787877777676757574747474
74747372727171727272727272727272
7170706f6f6e6e6e6f6f6f6f6f6f6f6f
6f6d6d6d6c6c6b6b6a69696969686767
66666565656464636362626161616161
616161615d5a60636366605a5a616663
4f383645574848424d502517375073c0
fef7d7c4d1a0878166473a2f28333d4d
565b97935a686c524e411d2c5060492f
43584d23202728344950333c3321170a
18150c090b0c070a2828061c1b2c2b21
2d290c03030a11033442363e28222318
12181a33392e111c363220151312171d
0d0301281e060b10090f130502040202
7c7b7977767576767776727073737175
7d889196928b8a929ca2aabcbcb9bfb9
aaa7a8a3a4acb7bcc0c2c1be9b818ba9
c2d3e8fbf3f5f6f8faf8f8f8f7f5f1ee
edeff3f6f4f4f4f3f1eeeceae8e9f0f0
f0f0f0f1f1f1f1f1f1f2f3f3f4f5f5f3
f3f3f4f4f5f5f5f5f4f4f4f4f4f4f4f4
f3f1f1f1f0f0efefefefefefeeededec
ececececebebeaeae9e9eaeaeaeae9e9
e8e8e7e9e8e8e7e7e6e6e5e5e4e4e3e2
e1e0dfdedcdbdad9d8d7d6d5d4d2d1d0
cfcecccbcbcacacac9c9c8c7c7c7c9c9
c8c8c7c7c6c6c6c5c5c4c3c3c2c1c1c1
c1c1c1c1c0c0c0c0c0c0bfbdbbbbbcbf
c0bfc0c1c2c3c3c4c4c5c5c4c2bebab8
b7b7b4b1afada9a39d9b989696969696
96969697979898979592918f8d8d8c8b
89888787868584848281807f7f7d7c7c
7b7a7a79787778777776767575757575
75747473727272737373737373737373
72727171706f6f6f6f6f6f6f6f6f6f6f
6f6e6e6d6d6c6c6b6b6b6a6a69696867
67676666656564646363636161616161
616161625f5a64614b4a52485d666660
4c3c445765514e5b5d4d2c294568abf3
f8ebc5d3bc95837f64493b2d24324449
5d699a7f576f644c4a4224285c522c16
57574e301a1325465439122325232f19
16120b090a090c1d341e0a0933473a32
2a1c11090d2a283339402523171b2319
0d0f1d3716220e0a242d211a160f1217
0c01011604010c160e12150401010101
7c7b7977767575767776727173747275
7a828c929089878e969ba8bcbcb7bbb6
aaaaaca9a8aeb7bec4c9c9c3a28890ab
c1cfe2f3ebedf1f5f8f7f7f7f7f6f3f0
eff0f4f6f4f4f4f3f1efeeecebebf0f0
f0f0f0f1f1f1f1f1f1f2f2f3f3f4f4f2
f3f3f3f4f4f5f5f5f4f4f4f4f4f4f4f4
f3f2f1f1f0f0efefefefefefeeededec
ececececebebeaeae9e9ebebeaeae9e9
e8e8e8e9e8e8e7e7e6e6e5e5e4e4e3e2
e1e0dfdedcdbdbdad8d7d6d6d5d2d2d1
d0cfcdcccccbcacacac9c8c8c7c7c9c9
c8c8c7c7c6c6c6c5c5c4c3c3c2c2c1c1
c1c1c1c1c1c1c1c1c1c1c0bebdbcbec0
c1c0c1c2c2c3c4c5c5c4c4c3c2bfbbb8
b7b7b5b2b0afaba49e9c999797969696
9595959696979897969392908d8d8c8b
8a898887868584848281807f7f7e7d7c
7b7b7979787778777776767575757575
75747473727272737373737373737373
72727171706f6f6f6f6f6f6f6f6f6f6f
6f6e6e6d6d6c6c6b6b6b6a6a69696867
67676666666564646363636161616161
616161615f5d635d47454f4c5b636561
4f3f45535d50515e5548322f4670b6f4
f5e5c6d1bb92827c62483b2d2633464a
5d6e9a7c596e6249464024245247261e
59564e301b182c484d340f1f2326351d
140f0b0c0e0a0e23381e100d3346372f
271b12080e2f2f3b383b222318181e18
0f111f3517230f0a222a1f1917141517
0e02041504010b171011130402010101
7c7b7977767576767777767474767773
6f6e7985888480818383a1bcbbafaead
acb2babbb3b2b9c5d4e0e4d7b9a0a1b2
bec3cfdbd1d5e3eef4f7f6f7f9fafbf9
f6f4f6f5f4f3f3f3f3f3f3f3f4f4f2f2
f2f2f2f1f1f1f0f0f0f0f1f2f2f3f3f1
f2f2f3f3f4f4f4f4f5f5f5f5f5f5f5f5
f4f3f2f2f2f1f0f0f0f0f0efefeeeded
edededededecebebeaeaebecebebebea
e9e9e9e8e8e8e7e6e6e5e5e5e5e4e3e2
e1e0dfdedddddcdbdbdad9d8d7d5d5d4
d2d1cfcececdcccccccbcbcac9c9cac9
c9c8c8c8c7c7c7c5c5c4c4c3c3c3c3c3
c3c3c3c3c3c3c3c3c4c4c2c1c1c1c2c3
c3c2c2c4c5c6c7c8c8c2c0c1c2c1bebb
b8b6b9b6b4b3afa9a3a19e9999989795
9493939394969898989796948f8f8e8d
8b8a89898887868584838281817f7e7d
7c7b7a79787878787877767675757676
76757574747373747474747474747474
73737272717170707070707070707070
706f6e6e6d6d6c6c6c6b6a6a6a696968
68676666666665656463636262626262
62626260616662513b36495a585a6064
594a4845444e5d693c3845454a88daf9
e8d0caccb98b7e755b473c312b374d4c
5e7f9a725f6c5b413a3926193222133a
5e534f31212b464e362507141d304c2d
10050b181a0e1535471e231a37443027
1f191305143f4a5537291b241b0e1017
1517272f1c2513091a2218141d241f19
18050e110401091a16120f0406010202
7c7b7977767576767676767574757673
70707880817f7e818384a4bfc0b3adab
aeb5c1c5bbb8bec6d0d5d5ccc0b6b8c1
c7cdd7dfdbdbe6eff5f9f9f9f9f8fafa
f7f6f8f6f6f6f5f4f4f3f3f3f4f4f3f3
f3f3f2f2f1f1f0f0f0f0f1f1f1f2f2f2
f2f3f3f3f4f5f5f5f5f5f5f5f5f5f5f5
f4f3f3f2f2f1f1f0f0f0f0efefefeeed
edededededecebebeaeaececebebebea
e9e9e9e8e8e8e7e6e6e5e5e5e4e4e3e2
e1e0dfdedededddcdbdad9d8d7d6d6d5
d4d3d1d0d0cfcececdcdcdcccbcbcbca
cac9c9c8c8c8c8c6c6c5c5c4c3c3c2c3
c4c4c4c4c4c4c5c5c8c7c5c3c4c4c5c6
c6c5c5c5c6c6c7c8c8c4c1c1c0bfbebc
bab9b9b6b4b2afa8a3a19e9999989795
949393939495969797979796908f8e8d
8c8b8a8a898787868584838281807f7f
7d7c7b79787878787877767675757677
76767675747474747474747474747474
73737372717171707070707070707070
706f6e6e6e6d6d6c6c6b6a6a6a696968
68686666666665656463636262626262
626262626365574b49464d5e5d5b5b5a
4e40414346565a572e3a4a4759a1e7f5
e3caccc6b9897e7156473f38343f5456
6082986d60685c483d3624182f1d1d46
59514a36292f434532270d161f344a2b
0d040b1c1f0f15364720353539422f27
2729231725414c442e2125261f14151a
141323292522120a181d14111d251e15
15030a0b0502081a19120c0406010202
7c7b7977767576767574767674737574
7172767979787b818486a8c4c6b9ada9
b0bac9d2c6c1c4c8cbc7c1bec8d1d5d5
d4d8e1e4e8e2eaf0f6fcfdfdf9f6f9fb
faf8faf7f9f9f8f7f5f3f3f3f4f4f5f4
f4f4f3f3f2f2f1f0f0f0f0f1f1f1f1f3
f3f4f4f5f5f5f6f6f5f5f5f5f5f5f5f5
f4f4f3f3f3f2f2f1f1f0f0f0efefeeee
eeedeeededececebebebececececebea
eae9e9e8e8e7e7e6e6e5e5e5e5e4e4e2
e1e0dfdfdfdfdedddcdbdad9d9d7d7d6
d6d5d4d3d3d2d1d0d0cfcfcecececccc
cbcbcacac9c9c9c9c8c7c6c5c3c2c2c4
c5c5c5c5c6c6c7c7cecbc8c6c7c9caca
c9c8c8c7c7c7c8c8c9c7c4c1bebdbebe
bdbcbab6b3b1aea8a3a19e9a9a989795
94929292939495969798999891908f8e
8d8c8b8b8a8988878685848382818180
7f7d7c7a797979797878777676767778
78777776757575757575757575757575
74747473727271717070707070707070
706f6f6f6e6d6d6c6c6c6b6b6a6a6969
68686767666666656464646363636363
6363636367644a445b5a5362645c554f
41343840496057401d3d504a6ec2f7f1
ddc3cec0b8877e6c5147434141485d62
6287966762635d51413222162b172955
524e433d33363e382c2a151922394828
0a020c222511163747234c573d402f27
333d382f3b434e2e23173129231b1b1e
140e1e22301f110d16180f0f1e281e11
11000503070307191c13090407010303
7c7b7977767575767675757473717070
7072747677787a7d7e7f98acb5b6b4b6
c1cad6ddd1c9c8c7cacdcccfdbe1dfd8
d4d8e2e6eee6ebedf0f9fcfcfbf9f9fb
faf9faf7faf9f8f6f5f4f4f5f7f7f6f6
f5f5f4f4f3f3f2f2f2f1f1f2f1f1f1f3
f3f4f4f5f5f6f6f6f4f4f4f4f4f4f4f4
f4f5f4f3f3f3f2f2f1f0f0f0f0efeeee
eeeeeeededececebebebecececebebea
eae9e9e9e9e8e8e7e6e6e6e6e6e5e4e3
e2e1e0e0dfdfdfdedcdbdadad9d8d8d8
d7d7d6d6d6d4d3d3d3d2d1d1d1d1cfcf
cecdcdcccccccbcacac9c8c7c6c5c4c5
c7c7c7c7c8c9cacad0cecac9c9cac7c3
bfbdbdbdbdbec1c3c5c7c4bfbcbcbdbd
bbb7aca8a5a4a19c9898989998979696
9493939393939495969798979191908f
8e8d8c8c8b8988878685858483838282
807e7c7b7a7979797878777776767879
78787877767676767575757575757575
75757473737372727170707070707070
70706f6f6e6e6d6d6d6c6b6b6b6a6969
69686767676666656464646363636363
63636365665e4848606055565d575252
422e3144586147261b474a4b8cdcf7e9
d7c6cabfa4847e68504b48484c51636b
6b878d6162605c584c36221e2c183946
4a4e464d3e302e2d302b1d1d30443d20
0c080c1717091132473234452b332d2d
343d423c34323e22272b4b2c24282a23
11091722260f0c0b1117171c21222019
190f0902050207151a13090203000202
7c7b7977767576767676757472706d6e
7072737576787a7b7b7c8fa0acb5b9bd
cad3dde3d7cecac7cad1d3d8e5eae4da
d4d9e3e7f2e8ecebedf8fcfcfcfbfafb
faf9fbf7fbf9f8f7f5f5f5f7f8f9f7f7
f6f6f5f4f4f3f3f3f3f2f2f2f1f1f1f4
f4f4f5f5f6f6f6f6f4f4f4f4f4f4f4f4
f5f5f4f4f4f3f3f2f2f1f1f0f0efeeee
eeeeeeededececebebebececececebea
eae9e9e9e9e9e8e7e7e6e6e6e7e6e5e4
e3e2e1e0e0dfdfdedddcdbdadad9d9d9
d8d8d8d8d7d6d5d5d5d4d3d3d2d2d0d0
cfcfcececdcdcdcbcbcac9c8c7c6c5c6
c8c8c8c9c9cacbcbd2cfcccacbcac6c0
bab7b7b7b8babec1c3c6c4bfbcbcbdbc
bab5a5a19e9c9a969392959898979696
95949493939394949597989792929190
8e8d8c8c8b8a89888786858484848382
817f7d7c7b7a7979797877777676787a
79797878777777767676767676767676
75757474737372727171717171717171
71706f6f6e6e6d6d6d6c6b6b6b6a6a69
69686767676766666564646363636363
63636366675b464b6363574f5a545154
432b2d4660613f181b4c474b9de9f6e6
d4c7c8be9a827d664f4d4a4c52566770
6f87895d625f5c5c523923222d18423f
464f4856432d2528322c221f384a371c
0d0c0c1110050f2f473a273c222c2d30
353e48433129351c2936582e24303326
1006132321070a0b0e171c23241f211d
1d170b01040107141913090201000202
7c7b797776757576787b747274736d6d
716e6d7073747374777b7e8293b3c8d5
e2e6e3e0dedcd5cac8d2dadedcd5d8df
e1e5eef1ece8f3f4f2fafdfcfbf8f6f9
fafcfdf7fcfbfaf9f7f7f8f9fafaf8f8
f8f7f6f5f5f4f4f5f5f4f3f3f2f2f1f3
f3f3f4f4f5f5f5f5f4f4f4f4f4f4f4f4
f4f5f5f4f4f3f3f3f2f1f1f0f0efefee
eeededededececebebeaebecebebebea
eae9e9ebeaeae9e9e8e8e8e8e8e7e6e6
e4e3e2e2e0e0dfdedddbdbdadadadada
dadadad9d9d8d7d7d6d6d5d5d5d5d3d3
d2d1d1d0d0cfcecacacbcbcacacacbca
cacacacbcccccdcdcfccc9c9c9c4baae
a49e9d9b9b9c9fa2a4acafafb2b6b6af
a2968483858a8f93979c9b9595969696
96969695949393929395969793929190
8f8e8d8d8c8a89888887868584858583
81807e7c7b7a7979797878777776797b
7a7a7a78787878777777777777777776
76757574747373727171717171717171
7170706f6f6e6d6d6d6c6c6c6b6a6a69
69696867676666656565656363636363
636363605b5c636149495d595b535459
411b183b60433a22305d5973c6f7eddb
cac4ccc487877b624f4f4a4a5358676b
7989845b655e534e584c363f25215b4e
333f4e4f41343334261a13092c442721
2f311e100c0d1d36443e2e2d262d3139
292b4331121e2a353242413f3e433d26
100605111405130c06182a32271a1e1e
19240d0103020f171d1c130901010101
7c7b797776757576787b747275746d6d
726d6c6f72737273767a7b7d8fb3cad8
e6eae5e2e0dfd9cdcbd4dde0dbd3d6df
e3e7f0f3ebe9f5f5f4fafdfcfbf8f6f9
fafcfdf7fdfbfaf9f8f7f8f9fafbf9f8
f8f7f6f5f5f4f5f5f5f5f4f3f2f2f1f3
f3f3f4f4f4f5f5f5f4f4f4f4f4f4f4f4
f4f5f5f4f4f3f3f3f2f1f1f0f0efefee
eeeeedededececebebeaebecebebeaea
eae9e9ebeaeae9e9e8e8e8e8e8e8e7e6
e5e3e2e2e0e0dfdedddcdbdadadadada
dadadad9d9d9d8d8d7d7d6d6d5d5d3d3
d2d2d1d1d0d0cecacacbcbcbcbcbcccb
cacacacbcccdcececfcbc9c8c8c2b6aa
a09a98969596989c9fa7abacafb3b2aa
9b8f7e7e81888e93999d9b9595969696
96979795949392929394959693929190
8f8e8d8d8c8a89888887868584858583
82807e7d7c7b7979797878777776797b
7a7a7a79787878777777777777777776
76757574747373727171717171717171
7170706f6f6e6d6d6d6d6c6c6b6a6a69
69696867676666666565656363646263
6363625e595c666141445e5a5b525257
4019163b61403b27375f5d7ecff8ebd8
c8c4ccc384877a6150504a4a5358676a
7b8a825b645e514b584d374324245d4e
303e4f4d3f353634231710082a422724
363720100d0f1f35433f312c292e3139
2628402c0e1e293933423c4142453c24
1006030e1106140d06182b33281a1e1f
18240c0103020f191e1d150a01010101
7a797877767574747477767472727272
736d6b6d7072717070747a7a9fc0c7d0
e4f3f7f7f4f2f0f1efece9e7e5e1dcdb
e2ecf4f7f7f7f8f9f9fafbfbfcfcfcfc
fcfcfcfcfcfafafafafafafafafbfdfc
fbfaf8f7f6f5f6f6f6f5f5f4f4f3f3f5
f5f5f5f5f5f5f5f4f3f3f3f3f3f3f3f3
f3f3f3f3f2f2f1f1f0f1f0f0efefeeee
eeedeeeeeeedececebebebebebebeaea
e9e9e8e9e8e8e7e7e6e6e6e6e5e5e6e6
e6e6e6e7e4e2e1e0e0dfdedddddbdada
d9d9d8d8d8d8d8d8d8d7d7d7d6d6d6d6
d5d4d2d1d0cfcfcfcecececdcdcdcdcd
cdcdcdcccccccbcbcbcccbc7bfb3a79e
9895908d8a8788909ba0a1a09d978e83
7872777f8a97a0a4a29e9c9c99979493
94969896959594949494949490909090
8f8f8f8f8c8888888888888888858584
8383838282817c7b7a79787776767778
78787879797979787877777676767575
76767675757473737272727272727272
727170706f6f6e6e6e6e6d6d6c6a6968
676766656565666666666664686d5864
6960504a51595538153954565a49323c
311327566250535470606bbbf0f3e1cc
c3cac8aa898272615a4e5055555a6168
768d725c56554c46483526413142452e
37504d482f3940200b10132f29373f44
492e15151912131e373f4d473a332f26
1f212013132c2b3f26292d3d3d2c1c15
0d0506070e130d131316222726221b1f
140b02030200091d1f1b150601010303
7a797877767574737476757372727272
726e6c6c6e71717173777e7fa0bec5cf
e2eff3f5f4f4f4f4f3f1eeecebe7e3e1
e5edf2f4f7f7f8f9f9fafbfbfcfcfcfc
fcfcfcfcfcfafafafafafafafafbfdfc
fbfaf8f7f6f6f6f6f6f5f5f4f4f3f3f5
f5f5f5f5f5f5f5f4f3f3f3f3f3f3f3f3
f3f3f3f2f2f2f1f1f0f1f0f0efefeeee
ededeeeeeeedececebebebebebeaeaea
e9e9e8e9e8e8e7e7e6e6e6e5e5e5e6e6
e6e6e6e7e4e2e2e1e0dfdedddcdbdada
d9d9d8d8d8d8d8d8d8d7d7d6d6d5d6d6
d5d3d2d1d0cfcfcfcecececdcdcdcdcd
cdcdcdcccccccbcbcbcccbc7bfb3a79d
97938e8b8987888f989c9c99948e867e
7672777f8c98a0a29f9c9a9a97959392
93949695949494949494949390909090
8f8f8f8f8c8888888888888888858584
8383838282817d7c7b7a797877777878
78787879797979787877777776767575
76767675757473737272727272727272
727170706f6f6f6e6e6e6d6d6c6a6968
676766656566666666666665676d5d65
62564f4d4f55543a153957545444303b
351c31595c4e525b716479c6f3f1dfcb
c4cac6a98980705f5a4a4a51535a6069
778c705a55554d47432f273b2b423b2d
3e504d4734393a1f0f101129283f433e
3d26151b1d1112233d3e504336332e22
1b1e1d11122c2b3e222224333323150f
0a0406080e110f151316252725221c1f
130a02020402091a1c1a150a03030404
79797877767574747476757372717172
72716e6b6b6e71757b81888ba3b7c0cc
dee6eaf1f6fbfdfdfdfcfbf9faf8f3ef
eeefeeeef8f8f9fafafbfcfcfcfcfcfc
fcfcfcfcfcfafafafafafafafafbfdfd
fcfbf9f8f7f7f7f6f6f6f5f5f4f4f3f5
f5f5f5f5f5f5f5f5f4f4f4f4f4f4f4f4
f4f4f3f3f2f2f1f1f1f0f0efefeeeeed
ededeeeeeeedececebebebebebebeaea
e9e9e8e9e8e8e7e7e6e6e6e6e5e5e6e6
e6e6e6e6e4e3e2e1e1e0dfdedddbdbdb
dad9d9d8d8d9d9d8d8d7d6d5d5d4d5d5
d4d3d2d2d1d1d0cfcfcfcececdcdcdcd
cdcdcdcdcdcdcdcdcacbcac6bfb4a79b
948f89868788898c90928f887f777271
727377828f9a9d9d9a98969493929191
91919293939393939393939390909090
909090908d8989898989898989868584
8483838382817f7f7e7d7b7a79797979
79797979797a7a797978787776767676
77767675757474747372727272727272
72717170706f6f6e6e6e6e6e6d6c6a69
686867676767676767676768666d6b66
4e3f4d574d4d51411638604e44352938
3e3649604c494e6e756d9fe3faeed9c9
c5cac2a5887e6b5958413c464f5d5e6d
79896b5653554f4b36222a2c1942232a
4f524d44413b2b1e1b100c1b25554e2e
1e121629280f0f314f3d58372c322a19
1217160d102b2d3b19110e1a1a0d0402
0202080c100e141b13182c2a22231f20
11090101070509121717161308060808
79797877767574737375737271707071
7273716f6e7073787e86959cb2c3cedc
e8ebecf1f6fcfdfdfdfdfcfafbfbf8f6
f5f5f4f3f9f9fafafbfbfcfcfcfcfcfc
fcfcfcfcfcfafafafafafafafafbfdfd
fcfbfaf9f8f8f7f7f6f6f5f5f4f4f3f5
f5f5f5f5f5f5f5f5f4f4f4f4f4f4f4f4
f4f4f3f3f2f2f1f1f1f0efefeeeeeeed
ededeeeeeeedececebebebebebeaeae9
e9e9e8e9e8e8e7e7e6e6e6e6e5e5e5e5
e5e5e5e5e4e3e3e2e1e0dfdedddcdcdc
dbdadad9d9d9d9d8d7d6d5d4d3d2d4d4
d4d3d2d2d1d1d1cfcfcfcecdcdcdcccc
cbcbcbcbcbcbcbcbc7c4c1bcb5ada39a
938d8886888b8b8a8a89867f78716d6d
6f70727e8b9394908e8c8d8e8e8e8e8e
8e8e8e91929292929292929290909090
909090908e8a8a8a8a8a8a8a8a878686
8585848483838181807e7d7c7b7b7a7a
7a7a7a7a797a7a797979787877777677
77767675757574747372727272727272
7271717070706f6f6e6f6f6e6e6c6b6a
69696868686868686867676762696a5b
433a4c554b4f5240132e5e4f33272a34
35303f58434e5271686db0ebf7e8d4c7
c6c9bda1877b685753433b414c595d6b
79886b5854544c4d3d272628173a2027
45594e423a3a2d1d1b1015192749441e
12131c343a211633503e42221e282214
10120e070b20222f1109071010080202
0303070b15151619121629261b1a1a1b
0e0901010905070e16161619100c0606
79797876757473737374737271707071
727574727173757a838da2afc1d0ddeb
f4f1eef1f7fdfefefefefefcfcfefefe
fdfcfaf8fafafbfbfcfcfcfdfcfcfcfc
fcfcfcfcfcfbfbfbfbfbfbfbfbfcfefe
fdfcfbfaf9f9f8f7f7f7f6f6f5f5f4f5
f5f5f5f5f5f5f5f5f4f4f4f4f4f4f4f4
f4f4f4f4f3f2f2f1f1f0efefeeeeeded
ededeeeeeeedececebebebebebebeaea
e9e9e8e9e8e8e7e7e6e6e6e6e6e6e5e5
e5e5e5e5e4e4e3e2e2e1e0dfdededddd
dddbdcdbdad9d9d8d7d6d4d3d2d1d3d3
d3d3d2d2d2d2d2d0cfcfcecdcdccccca
c9c9c9c9c9c9c9c9c3beb7b1aba59f99
938d88868a8f8e8985817c76706b6869
6b6d6e7a868c898481808488898a8b8b
8b8b8a8f909090909091919190909090
919191918f8c8c8c8c8c8c8c8c898887
878686868585838382807f7e7d7d7c7b
7b7b7b7b7a7a7a7a7a7a797878787777
77777676757574747373737373737373
737272717170706f6f6f706f6f6d6c6b
6a6a696969696969696868675e64694f
37344b544951533f0f235c5121182b30
2b293551395356735b6cc3f3f4e2cfc5
c8c9b89e877964554e453a3b4a555c69
79876b5a55534a4e462c232414311e24
3a61503f333a301b1c121e18293c390e
0514233f4e341e36513f2c0c101f1910
0f0d0602051518220802010506030102
0303060a1a1c18181015252315111617
0b0b00000b06050a1516171f18130404
78787776757473737273727170707071
7272747a81878b919ba6b6c0c7cddaea
f3f5f6fafcfdfcfcfcfefefdfdfefefe
fefdfdfcfbfbfbfcfcfdfdfdfdfdfdfd
fdfdfdfdfdfbfbfbfbfbfbfbfbfbfefe
fdfdfcfbfafaf9f8f8f7f6f6f6f5f5f5
f6f6f6f6f6f6f6f5f5f5f5f5f5f5f5f5
f5f5f4f4f3f2f2f1f1efefefeeeeeded
ecedeeeeeeedececebebebebebeaeaea
e9e9e8e9e8e8e7e7e6e6e6e6e6e6e5e5
e4e4e4e4e4e3e3e2e1e1e0dfdfdededd
dddcdcdcdbdad9d8d6d4d2d1d0cfd1d1
d1d1d1d1d1d1d1cfcececccbcbcacac7
c4c4c3c2c2c1c0c0beb8b0aba8a5a29d
98918e8d91959189827c797673706d6c
6c6c6f788184807b78797d8283848585
8687878c8d8d8e8e8e8f8f8f8f909090
91919192908d8d8d8d8d8d8d8d8b8b8a
8a89898888878484838281807f7f7d7c
7c7c7c7b7b7b7b7b7b7b7a7979787878
78777676767575757373737373737373
7373737272717170707071706f6e6d6c
6b6b6b6b6a6a6a6a6a69696a65686643
383f45495157492d0c18453612192f35
2c283a52455a5e6a5b8cdcf3ecdbcac5
cac8b39a8776624d42483d34404e5c67
7984695c5450464748321718162e242d
3e695c3a272f281311142321232a240b
0b18243e4e33152a402a170b12160f10
130c0303030b0e160302040304040303
030103081622141012161f2218111614
0a1006061206040e1d20232e2b220404
78787776757473737273727170707071
7271747e888f959ba6b1bfc8cacdd9e9
f3f7fafdfefefcfbfcfffefefefefefe
fefefefefcfcfcfdfdfdfdfdfdfdfdfd
fdfdfdfdfdfbfbfbfbfbfbfbfbfcfefe
fdfdfcfbfbfbfaf8f8f8f7f7f6f6f5f6
f6f6f6f6f6f6f6f6f5f5f5f5f5f5f5f5
f5f5f4f4f3f3f2f2f2efefefeeeeeded
ededeeeeeeedececebebebebebebeaea
e9e9e8e9e8e8e7e7e6e6e6e6e6e6e5e5
e4e4e4e3e4e3e3e2e2e1e0dfdfdfdfde
dedddcdcdcdad9d7d5d4d2d1cfced0d0
d1d1d1d1d1d1d0cececdcccbcac9c9c5
c2c2c1c0bfbebdbcbcb6aea9a7a5a39f
9a9391909497938a817a777674726f6e
6d6c70787f817c7774757a7f80818283
8485868b8c8c8d8d8d8e8e8e8f909090
91919292908e8e8e8e8e8e8e8e8c8c8b
8b8a8a8a8988858584838280807f7e7d
7d7d7d7c7c7b7b7c7b7b7a7a79797978
78777776767575757473737373737373
737373737271717070717271706f6e6d
6c6c6c6b6b6b6b6a6a6a696b686a653d
39434245545a45250b133b2b0b193138
2d283c524b5c61665b9ae7f3e8d8c8c5
cbc8b0998775614a3e493e323c4b5d67
7a83685c544f454349341213172c2731
406c6138222a25100d15252621231b0b
0e1a253f4f33112539210f0a13130b10
150c0103020709110203050204050403
020102071525130d14161c221a111713
0a130808150603102124283433290404
78777675747372727272717070707172
7377808fa3b5c1c9d1d8e9ede9e8eef4
f8fcfefdfaf6f5f7fcfefffffffefcfb
fafbfcfdfefefdfdfdfdfdfdfdfdfdfd
fdfdfdfdfdfcfcfcfcfcfcfcfcfcfefe
fdfdfdfdfcfcfbfaf9f9f8f8f7f7f7f7
f7f7f7f7f7f7f7f6f5f5f5f5f5f5f5f5
f5f5f5f4f4f4f3f2f2f0f0efefeeeeed
ededeeeeeeedececebebebebebeaeae9
e9e9e8e9e8e8e7e7e6e6e6e5e5e5e5e4
e4e3e2e2e3e2e1e1dfdfdededddcdcdc
dbdadad9d9d8d7d5d4d2d1cfcdcccdcd
cdcecececececdcbcac9c8c7c6c5c4c1
bfbdbbb9b6b4b3b2b0aeacadadaba59e
989797999a9992887f7b797673717070
727273757778777777787b7c7b7a7a7c
7e8184878788898a8a8a8b8b8e8e8f90
909191929190909090909090908d8c8c
8b8b8a8a8a8986868583828180808080
7f7f7f7e7d7c7c7c7c7b7b7a7a797979
78787877767675757474747474747474
74747474737372727171737271706f6e
6d6d6d6d6d6c6b6b6b6a6a67726f643c
30312f38473f290f132d46220f182932
3845565a5061544973c9f5edddd0c6c7
ccc4aa9686726044434d45373c54636a
7c7c5e554f4c4544493f200c18403452
605b4933251c0e061223201e3a18150c
12263a4a4421103845170c191e0c030c
100904050205090c010101050a0a0602
0102070f0b1a10151c141217191b1d13
0a180f0c150a051623292d312e1e0202
78777675747372727271717070707172
73798292a8bbc9d2d9dfeef2eeedf2f6
f9fcfefcf9f5f4f7fcfefefefefdfcfb
fafbfcfdfefefdfdfdfdfdfdfdfdfdfd
fdfdfdfdfdfcfcfcfcfcfcfcfcfcfefe
fdfdfdfdfcfcfbfaf9f9f9f8f7f7f7f7
f7f7f7f7f7f7f7f6f5f5f5f5f5f5f5f5
f5f5f5f5f4f4f3f2f2f0f0efefeeeeee
ededeeeeeeedececebebebebebeaeae9
e9e9e8e9e8e8e7e7e6e6e6e5e5e5e5e4
e4e3e2e2e2e2e1e0dfdededddcdbdbdb
dad9d9d9d8d7d6d5d3d2d0cfcdcccccc
cccdcdcdcdcdcdcac9c8c7c6c4c3c3c0
bebdbab8b5b3b1b0aeacacadadaba49d
9897999a9b9891887f7b787673717070
727373747576767778797b7b7a79797a
7e80838686878889898a8b8b8e8e8e90
909191929190909090909090908d8c8c
8b8b8a8a8a8986868583828180808080
807f7f7e7d7c7c7c7c7b7b7a7a797979
78787877767675757474747474747474
74747474737372727272737372706f6e
6d6d6e6d6d6c6c6b6b6a6a66726e633c
2e2d2e3a463d280c122e46200e182631
39475a59505d4e4479d1f6ecdbcec6c8
ccc3a99586725e45464f47393e56636a
7c7a5c554e4c4542473f220b163f3855
63574432281c0d07142720214019130e
162a3c49411e113a44150b1a1f0b020a
0e0804050204090a010101050b0b0702
010207100b18121a1e151216191b1e14
0b1a110d130a051622282d2f2c1a0202
77777675747371717172717070717273
74838f9fb8d3e7f1f3f3f9fcfefefefc
f9fafcfbf7f4f5f9fcfdfcfbfafafbfc
fdfdfdfefefefefdfdfcfcfcfdfefefe
fefefefefefdfdfdfdfdfdfdfdfdfdfd
fdfdfdfdfdfdfcfbfbfafaf9f9f8f8f7
f7f7f7f7f7f7f7f7f6f6f6f6f6f6f6f6
f6f6f5f5f5f4f3f3f3f1f1f1f0efefee
eeeeeeeeeeedececebebebebebebeaea
e9e9e8e9e8e8e7e7e6e6e6e6e5e5e4e4
e3e2e1e1e0e0dfdededddcdbdad6d5d5
d4d4d3d3d3d4d4d3d2d1cfcecccccaca
cacac9c9c9c9c8c6c5c4c2c0bfbebdbc
bbbab8b5b2b0adaca8a7a7a7a6a39e98
95989b9d9b958f88827a767472717171
7374706e6d6f73777b7c7c7a79777677
7b7f828383848585868788888c8c8d8e
8f9091919191919191919191918d8c8b
8b8a8a8a898987868684838281818283
8281807f7e7e7d7c7c7b7b7a7a7a7979
79797878777676767575757575757575
7576757574747373737273737271706f
6e6d6e6f6e6e6d6c6b6a696371685e40
1f19354f4c3e390c031d381705161a29
32435f4c4e402c3394e5f3e9d3c7c7ca
cabba4948470544a525a52464d5f6167
7b7558554d484034393b21090a2c4b53
6340363236281614233a233c5a2b071c
2f3e423d301b153b350c06131b0d0605
0304080603020604010000070d100c06
0405060d0f122239301d1a1713191d17
17281b0f0908040f162029251c090404
77777675747371717172717070717273
74818ea0bbd7ebf4f6f7fafbfcfdfcfb
fafbfdfbf9f7f8fbfcfdfcfcfafafcfd
fdfdfdfefefefefdfdfcfcfbfdfefefe
fefefefefefdfdfdfdfdfdfdfdfdfdfd
fdfdfdfdfdfdfcfbfbfafaf9f9f8f8f7
f7f7f7f7f7f7f7f7f6f6f6f6f6f6f6f6
f6f6f5f5f5f4f3f3f3f2f1f1f1f0efef
efeeeeeeeeedececebebebebebeaeaea
e9e9e8e9e8e8e7e7e6e6e6e6e5e5e4e4
e2e1e1e1e0dfdededddcdbdad9d5d4d4
d3d3d2d2d2d3d3d2d1d0cecdcccccac9
c9c9c8c7c7c7c6c4c3c2c0bebdbcbbba
bab8b6b4b2afadacaaa8a7a6a5a39e9a
98999c9d9b96928b867e7a7877767574
757572706f7175797c7c7b7a78777778
7b7e808282838385858787888b8b8c8e
8e8f90919191919191919191918e8d8c
8c8b8b8a8a8988878685848382828383
8281807f7e7e7d7c7c7b7b7a7a797979
79797878777676767575757575757575
7576757575747473737373737271706f
6e6d6f6f6e6d6c6c6a6a69656e695e42
2526435344383c0c021c3418061a212b
30415e4c4d322d44a6eaf2e8d2c6c8cb
c8b8a393826f534a515950454b5b5e65
7a7457564d463d303639210b0a2c5155
60453835362c1d192739253e5b2c0c26
3a41403931231b382b0a07111c130906
0303070805020604020203070b0e0b07
060604090f13253d3321201e17191e1b
1c2d1f120706030c14202b2920100c0c
77767574737271717172727171727375
767f8ca3c2e0f4fcfdfefefbfafbf9f9
fcfffffefefefefffefdfcfdfcfcfdfe
fdfcfcfdfdfdfdfdfcfcfbfbfdfefefe
fefefefdfdfdfdfdfdfdfdfdfdfdfcfc
fcfdfdfdfdfdfcfcfcfbfbfaf9f9f9f8
f8f8f8f8f8f8f8f7f6f6f6f6f6f6f6f6
f6f6f5f5f5f5f4f3f3f3f2f2f1f1f0f0
f0efeeeeeeedececebebebebebebeaea
e9e9e8e9e8e8e7e7e6e6e6e6e6e5e5e4
e2e1e0e0dededddcdcdbdad9d7d3d3d2
d1d1d0d0d0d1d1d0d0cfcecdcdccc8c7
c7c6c5c5c4c3c2c0c0bebcbab9b7b6b7
b6b6b4b2b1afaeadadaba9a6a4a2a09f
9d9c9e9e9a9796938e858181817f7d7b
7977767574767a7d7e7e7c7a79787879
7b7d7f8080818283848586868a8a8b8d
8e8f90919191919191919191918f8f8e
8e8d8d8d8c8b89898886858483838485
848382817f7e7e7c7b7b7a7a79797978
79797978777776767575757575757575
7576767675757474747373737271706f
6e6d6f6f6e6e6d6b6a69696a696a5f48
313f5f5b352d410e021a2a1c07212f30
2d3f5c4d4a173068caf6f0e5cfc4cacd
c4b1a0927f6d504b50564e4248555962
797157574c4339273037200e0a2b5d5a
594e3d3c36332b2531382a425f2e173b
51473a32333329321706090c201f1108
0302070e0a02080405070a06070b0b09
0b09010210142c4639292d2b1e1a2123
2837271705030207101f2f31271e1e1e
77767574737271717172727171727375
767e8eaacae5f4fafcfefefafafcfafb
fdfdfcfbfcfdfdfdfcfcfcfdfcfbfcfd
fdfcfdfdfdfdfcfdfcfcfbfafdfefefe
fefefefdfdfdfdfdfdfdfdfdfdfdfcfc
fcfcfcfdfdfdfcfcfcfbfbfaf9f9f9f8
f8f8f8f8f8f8f8f7f6f6f6f6f6f6f6f6
f6f6f5f5f5f5f4f3f3f3f2f2f2f1f1f0
f0efeeeeeeedececebebebebebeaeaea
e9e9e8e9e8e8e7e7e6e6e6e6e6e5e5e4
e2e1e0dfdedddcdbdad9d8d8d6d3d3d2
d2d1d1d0d0d0cfcfcfcececdcdccc8c6
c6c5c4c3c2c1c0bebebcbab8b7b5b4b4
b3b3b2b1b0afafaeabababa9a7a5a3a1
a09fa09f9c9b9c9995908d8b89868381
7f7e7a7a797b7c7d7c7b7a7979797a7b
7c7c7d7e7f8081828384858689898a8c
8d8e9090919191919191919191919191
91908f8f8f8e8a898987868584848585
848382817f7e7e7c7b7b7a7a79797878
79797978777777767575757575757575
75767676767574747473737372716f6e
6e6d6f6f6e6d6c6b6a69686b646e614a
425c6a5532273c121b332819112f3832
2d425d41391c5292ddf7e9dccbc4cbcd
c2ac9d917d6c5b4d4f4f493c3d555d63
796e52544a43392b2d3626080e36485c
5a4b3e333029212937302232432c1f41
433332363632283315040a0a22211008
070508100b020a04050507060709090b
111107060b1525372d202427201f2423
2632221504050809111e2d3328262929
77767574737271717173727272727476
777d91b0d1eaf5f8fbfefefafbfdfbfd
fefdfaf9fcfdfdfbfbfcfdfdfcfafbfc
fcfcfdfdfdfdfcfdfcfbfafafdffffff
fffefefefefdfdfdfdfdfdfdfdfdfcfc
fcfcfcfdfdfdfcfcfcfcfbfafaf9f9f8
f8f8f8f8f8f8f8f7f6f6f6f6f6f6f6f6
f7f6f5f5f5f5f4f3f3f3f3f3f2f2f1f0
f0efeeeeeeedececebebebebebebeaea
e9e9e8e9e8e8e7e7e6e6e6e6e7e6e5e4
e2e1e0dfdddcdbdadad9d8d7d6d4d4d3
d3d2d1d1d1d0cfcfcecececdcdcdc8c5
c5c4c3c2c1c0bfbdbcbbb9b7b5b3b2b1
b0b0b0b0afafafafa9abadacaba8a6a4
a3a2a3a19d9ea19f9b999794908c8886
85847e7e7e7f7f7e7b797878797a7b7c
7c7c7c7e7e7f81818384858589898a8c
8d8e9090909191919191919191949493
9392929191908b8a8a88878685858686
85848381807f7e7b7b7a7a7979797878
79797978787777767575757575757575
75777776767574747474737372716f6e
6d6d6f6f6e6e6c6b6a69686d5f72644b
517675513122381531492716193b3f34
2d445e382b2170b6edf9e2d3c7c4cbcd
bfa99c917c6b654f4f49463734556065
7a6c4f5248423a2e2a352a041140365d
5b48402b2c21182c3c2b1b252b2b2747
38222c393932283412020c0924230e09
0b0708110d030d05060405070708080c
16190d0907161f2a23181d2322242724
242d1f1303070d0b121d2b34292c3232
7b7674767672717375726d7076767474
727c97bdd7dddde5f0f0f2fafdfdfafc
fdfefdfcfdfdfafcfcfbfbfaf8f6f7f9
fbfcfcfcf5e3f0f8f9fcfefcfcfdfefd
fcfdfbf9fbf9fcfefefefefefdfdfdfd
fdfdfdfdfdfdfcfcfcfcfcfbfbfbfbfb
fbfaf9f9f9f9f9f8f7f7f6f6f6f5f5f5
f5f5f5f4f4f3f3f2f2f4f4f4f4f3f2f2
f1f1efefeeeeededecececececebe9e9
e8e7e7e8e8e7e7e6e6e5e5e4e3e3e2e1
dfdededddadadad9d9d9d8d8d7d3d3d2
d1d0d0cfcfcececdcccdcdcdcdcbc5c4
c4c3c2c1c0bfbebcbbbab8b6b4b3b2b2
b1afadaaa8a7a7a7a5a5a5a3a19f9d9c
9a989899999a9a98979593918e8b8785
828281807f7e7c7b7977777878797a7b
7d7d7d7e7f808182838485868c8c8d8d
8d8f8f8f9091908f90909193948f8f91
9394949494928e8e8e8c8b8a89898887
86858381807f7f7d7d7c7b7a79787778
79797979797978787776767575757473
73777878777676757575747575737171
71726e7377736d6f746e646c666a6c63
6b786e533b37494d57524a3e4939372a
3a5c4a27303e78d1f3f2e2cdc7cbccc8
bdaa9b8b736b67584a3b3635394a5a64
71664e4b4a4239302f3a320e0c38303f
404b3f251f151a27242f3026261b1234
231b232c2a1f18190e060a0e2c2c160d
10121718090806040b02040a0b090c0e
0c0b0a0f101c241d1d1c292c26282921
221e23140c0c070b131e2f3a32302d2d
7d7673767672717477726c7078777474
707c9ac1d9d9d5dfececeefbfefdfafb
fdfefefdfefdf9fcfdfbfaf9f7f5f5f8
fbfcfcfcf2daecf6f8fdfffdfcfdfffd
fbfefaf7fbf8fdfefefefefefefdfdfd
fdfdfdfdfdfdfcfcfcfcfcfcfcfcfcfc
fcfbfafaf9f9f9f9f8f7f7f6f6f5f5f5
f5f5f4f4f4f3f3f2f2f4f4f4f4f3f2f2
f2f1f0efefeeeeededecedececebeae9
e8e7e7e8e8e7e7e6e5e5e5e4e2e2e1e0
dfdddddcdad9d9d9d9d9d8d8d7d3d3d2
d1d0cfcfcecececdcccccdcdcdcac5c4
c3c2c1c1c0bfbebcbbbab8b6b4b3b2b3
b1afaca8a6a4a4a4a4a3a2a19e9c9b9a
9794959798999896959492908e8b8784
82818281807e7c7a7877777778797a7b
7d7e7e7f80818282838485878d8d8e8e
8e8f8f8f9091908f8f909194958e8e90
939595959593908f8f8d8c8b8a8a8988
87858482817f7f7e7e7d7c7a79787778
79797979797979797877777675757473
73787878777676757575757676747272
73756e747b756d717871636c68686f6b
74796c543e3e4f616555564c5a383527
3e64432232487bdaf5f0e2cac8ceccc7
bdaa9a8a706b685b483731343b465864
6d644e494b423930303b35120b352f35
384c3f221a121a251c31372624150b2e
1c192027261813100d08090f2f30190f
12161c1b090a04040d01040b0c0a0e0f
08070911131e25191b1e2d2f282a2a21
221924150f0d060b131e313c35312b2b
767574757574737475757576726c7a92
a1a6b5cddee2dedddcd8e1eff8f8f6f6
f6f3f3f8fbfaf8f9f6efebe1d7c9bec5
ddecd9b49b92aec2cfdfe7eceaf0fef7
e3d8d4e3eff4dfe0f4fefefefdfbfdfd
fdfdfdfdfdfdfcfcfcfcfcfcfcfcfcfc
fcfbfbfafaf9f9f9f8f8f7f7f6f5f5f5
f5f5f4f4f3f3f3f2f2f4f4f3f3f2f2f1
f1f1f0efefeeeeededecebebeae9e9e7
e6e6e5e6e6e6e5e5e4e4e3e3e3e2e1e0
dedddbdbdadad9d9d8d8d7d7d6d3d3d2
d1d0cfcececdcccbcacacbcac9c7c5c3
c3c2c1bfbfbebbb7b7b5b3b1afaeaca8
a4a29e9a979594949292929190908f8f
9091919293939292928e8c8b8a888685
84848281807f7d7c7a7978777878797a
7b7c7c7e80808183848587888e8e8e8e
8e8e8e8e8f90908f8f90909192919192
9293959697979595949391908f8f8b89
88868482817f7e807f7e7d7c7b797979
79797979797979797878777777777776
76787878787878797977737476797b7a
78767a75707479736b6e787266616c6e
706a5e514d5751433d515c4a221d3241
67753c2d5460a7eef3e3d2c4c7cdcbc4
b8a5978a747169574436343b424e5e63
7069575550433a2e272f2e191f2b244a
1c1f21242839321311272f1c2510161d
0b0d1a2a2b1c12061b26103051401d0d
0e17201c1107040302060b0403071216
0f0c050413201d1b191f2a2f2b282926
1f111b1c10140e0b060b243d382b2121
76767575757474757575757673718299
a7adbbd0e0e4e2e0dfdde3f0f7f6f5f4
f4f2f1f4f7f5f4f5f1e9e5dbcebeb1b6
cddecca79188a1b2becdd4dadbe2f0ec
dbd1cad8e7f2e1e3f5fefefefdfcfdfd
fdfdfdfdfdfdfcfcfcfcfcfcfcfcfcfc
fcfbfbfafaf9f9f9f8f8f7f7f6f5f5f5
f5f5f4f4f3f3f3f2f2f4f4f3f3f2f2f1
f1f0f0efefeeeeededecebebeae9e8e7
e6e5e5e6e6e6e5e5e4e4e3e3e4e3e2e0
dedddbdbdadadad9d8d7d7d6d5d3d3d2
d1d0cfcececdcccbc9c9cac9c8c6c4c3
c2c1c0bebdbcbab5b5b3b1afadabaaa6
a29f9c99969493929090908f8f8f8e8e
8f90909192929191918d8b8a89888685
84848281807f7e7c7b7a79787878797a
7b7b7b7e7f808283848687888e8e8e8e
8e8e8e8e8f9190909091919192929192
929395969798959595939291908f8c89
88878583817f7e807f7e7d7c7b7a7979
79797979797979797878787777787777
777878797979797a7a78757576797b7a
78777a75717579746b6e776e65626d6e
6e685f524e584f40374b55461d1e3547
6c7238305862aff2f3e2d1c4c8cecac3
b6a49789747267544034343c45516064
7067575651443b2d252f311d2328214c
1e1f2024293a32121123281a2718191a
0b111f2c291a14081f29113254431f0f
0f19211d1408070602070b0403081316
0f0c050412211d1c181f292d2b292a27
1d101a1e1214100e090a2038362c2020
7a7c797674767777767674767c8ca7b7
b9cad6dde4ecf2f3f3f5eef3f3eeebed
efefe9e2e2e1e1e1d9cfcdc0ac937c76
889e957570666b6b6e777d87949daab8
bcb9a1a8c1e6f1fbfefcfcfdfefefdfd
fdfdfdfdfdfdfcfcfcfcfcfcfcfcfcfc
fcfcfbfbfafafaf9f8f8f8f7f6f6f5f5
f5f5f4f4f4f3f3f2f2f3f3f3f2f1f1f0
f0f0f0efefeeeeededecebeae9e9e7e6
e5e4e4e5e5e5e4e3e3e2e2e3e5e4e3e1
dfdddcdbdcdcdbdad8d7d5d4d4d3d2d1
d0cfcecdcccbcac8c7c6c6c5c2c0c0bf
bebdbab8b7b6b3acaba9a7a4a19f9e9c
9a989592918f8e8d8a8a8a8b8b8c8c8c
8d8e8d8c8c8c8c8d8d8a888787878685
8584828181807f7e7e7e7c797979797a
7a7a7a7d7f8082848687888a8e8e8e8e
8e8e8e8e919494959594949392959493
92939496999a99989896959493938f8c
8a88868482807f807f7e7d7c7b7b7b7a
7b7b7b7b7b7b7b7b7a79797a7a7a7b7b
7b7b7b7c7c7d7e7f7f7e7c7a7878797a
78777677797977736f6c685d5e67746c
6765685c4d55463a252f343216284160
7c61263a6966ccfcf2e1cdc8cecfc8bf
b1a1948877755d45322c33414e5b6a69
70605258544842281d333c2d341c1553
3127222228382e121012061234402513
0e2839331e121b14332e17375a4d2a18
1821262122101514050d0705060d1918
0e0e09050e291f1e162125272d302d2a
180e18261a121621190d12232d2f1d1d
7c7d7975747475757677777c8699afb8
b6c8d7dfe6eef3f3f1f4edf3f4f1f1f2
f4f3eeeae8e5e4e3dbd3d3c3b2a19086
8e9e9c877b706e6a6c71727a848994a8
b9c0a59ba4c4dce9ebedf5fafcfdfdfd
fdfdfdfdfdfdfcfcfcfcfcfcfcfcfcfc
fcfcfbfbfafafaf9f8f8f8f7f6f6f5f5
f5f5f4f4f3f3f3f2f2f3f3f3f2f1f1f0
f0f0efefefeeeeededecebeae9e8e7e6
e5e4e4e5e5e5e4e3e3e2e2e3e4e3e3e1
e0dedddcdddcdbdad8d6d5d3d3d2d1d0
cfcdcdcccbcac8c6c4c4c3c2bfbdbcbb
bab8b6b4b2b1aea8a7a5a3a09e9c9a97
959392908e8d8d8c8a8a8a8a8b8b8b8b
8c8d8c8b8a8a8b8c8c89888887878585
848381818180807f7f7f7d7a7a7a7a7a
7a7a7a7d7e808183858788898d8d8d8e
8e8f8f8f929595969695959392949493
9393949698999998979695949393908d
8b8987858381807f7f7e7e7d7c7b7b7b
7b7b7b7b7b7b7b7b7a7a7a7b7b7c7c7c
7c7d7d7e7e7e7f7f807f7d7b7a7a7b7b
7a7974777c7b77736e675e5d5b636b63
666b6b55435547392537393215233f67
7c5721375c71d8fcf0dfcac7cdcdc7bd
b0a0938675735c44342f37444f5b686a
7060555c54443b261f2f312129160e46
35352b2a2d2f23110f14071c3e4f3119
172d3c31180f1d214036182e4d44271a
19202523220f1010070e0605050c1714
0a0c0d0d0e2c25211a2325252b2f2c29
19191f2b21131624241a18202b321e1e
817e7a757372737375787b8597aebdbb
b1c6d9e2e9f1f6f3eff3edf2f6f7f9fb
fbf8f8f8f3eceae8dfd9dcc9bcb8b1a2
979ea9a68c817468696761656b69708e
b5cbad87748eb9cdcbd5eaf6f8fbfdfd
fdfdfdfdfdfdfdfdfdfdfdfdfdfdfdfd
fdfcfcfbfbfbfafaf9f9f8f8f7f6f6f6
f5f5f4f4f4f3f3f2f2f3f2f2f1f1f0f0
f0eff0efefeeeeededecebeae9e9e8e7
e6e5e5e5e5e4e4e4e3e2e2e3e4e3e3e2
e1e0dfdededddcdad8d6d4d3d2d1cfcf
cdcbcac9c8c7c5c3c1c0bebdbab8b6b5
b4b1afadaaa9a7a2a19f9c9a97959490
8d8d8d8c8b8b8b8b8a8a8a8a8a8a8a8a
8b8d8c8a8888898a8b8a898888878685
848381818181818181817f7b7b7b7b7b
7a7a7a7d7e7f8183858788898c8c8d8e
90919292949697989897969392959594
9495959798999998979695949393918f
8d8b89878482817f7f7e7e7d7c7c7b7b
7c7c7c7c7c7c7c7c7b7b7b7c7d7e7e7f
7f818181818181818181807f7e7e7e7e
7d7d7178817e77726d614e5e555c5f55
6575724a32574a3926454232141b3e72
7d461b324883ecfcecddc6c6cbcbc6bb
ad9f9283736f5a4336353e4a535a666c
705f5a62553f31232129200d170d0531
3a4d3b37362012100d180a2d4f684523
2736402c0d0b213654431b213835221c
1d1f2326230d080b0b100605030a130e
0309131a0d312f2721282622282e2b28
1c2b2a342e1514293630221d28392121
888481807e7b78797d848e9cabb9c3ca
d0ddeaeeeef0f6f7f7f9f3f7f9fbfcfd
fdfbfbfbf6f1f0f0ebe7eae0d9dad9ca
b8b7c2c7b8aa978a8e8f898a91918d8f
9bb5b69d7c8a999798b3d6ecf5fdfdfd
fdfdfdfdfdfdfdfdfdfdfdfdfdfdfdfd
fdfdfcfcfbfbfafaf9f9f8f8f7f7f6f6
f5f5f4f4f4f3f3f2f2f3f2f2f1f1f0f0
efeff0efefeeeeededececebebe9e9e8
e7e6e5e5e5e4e4e3e3e2e2e2e1e1e1e1
e0e0e0dfdddcdad9d7d5d2d1d0cecccc
cac8c7c5c4c3c1bfbcbbb9b7b4b3b0af
aeaba9a6a4a3a19f9e9c9a989593928e
8b8b8b8b8a8a8a898b8b8b8b8b8c8c8c
8d8e8d8a8988898a8b8a898988878685
858480808081818181817f7c7c7c7c7b
7b7b7b7d7d7e808184858687898a8b8d
8f919393949596979796949291949596
9697979898989897969595939392908f
8e8c8a888583838080807f7f7e7e7d7d
7d7d7d7d7d7d7d7d7c7c7c7d7e7e7f80
8082828181807f7f7e7e7e7f807f7d7b
79797475726c655b55565564555c5e59
7176522b2b3e353e2e312c353130486e
66331f3d53a4f6f5e2d5c1c4cbcac4b9
ab9e927f6e6854433a3a404a50545d6a
6e5e5a5f5241352e2b25160a12140723
2c44383b381f0f0f0e1821415058522e
283443351a141b2b40391b2530211515
1416222d291709091111050402081311
080f1a240c242c292c2b282b2b272723
1d3427252621181f2e31271f232f2121
8e88868887817d7e838c9badb9c0c7d5
e5edf6f7f1f0f6fafcfdf7fafcfeffff
fefdfdfdf9f4f4f6f3f1f4f0eef2f4e6
d0c9d4ded7c7afa1a8aba4a5acaea290
88a6bdad81888371749bc9e5f4fefdfd
fdfdfdfdfdfdfdfdfdfdfdfdfdfdfdfe
fdfdfcfcfbfbfbfaf9f9f9f8f8f7f7f6
f5f5f4f4f4f3f3f2f2f3f2f2f1f1f0f0
f0eff0efefeeeeededecececebebeae9
e8e7e6e6e6e4e4e3e3e2e2e1e0e0e0e0
e0e0e0dfdddbd9d8d6d4d1d0cecccaca
c8c6c4c3c2c0bebcb9b8b6b4b1afacab
aaa7a5a3a09f9e9d9c9a98969392918d
8a8a8a8a8a8989888c8c8c8c8d8d8d8d
8e8f8e8b8a89898a8b8a898989888786
86858080808181818282807d7d7d7d7c
7c7c7c7d7d7e80818384858686888a8c
8e919395959495969695939190949697
98999999989798979695949392919090
8e8c8b89868484818181808080807f7f
7e7e7e7e7e7e7e7e7d7d7d7e7f7f8081
8183838281807e7d7d7c7d8082817d79
76767773685f584c45505a69555b5e5c
79763b15252d274235231c38463e4f6b
562623455abbfef0dbd0bec3cbcac3b9
ab9f927d6a6350423e3d414a4f50586a
6d5d5a5d50423836312210080f190919
213e363e3a1f0c0e0f18314f514d5c35
2932453b241a162432331b292a140c10
0e0f21332d1e0a071512050301071213
0c141f2c0b1c2b2a342d2a312e232520
1e3b251a21291b1928312c201f282121
c6c1c3c9cbc4bdbdc7d5d5d3d3d4d5e0
f2f1f6f9f7f8fdfefcf9fdfefefbfbfb
fcfcfdfdfbf9fafbfaf8f9f8f6f5f6f3
eeeceeede9dcc9c4d3e1e5e9ebeae5d7
c8d6e8e8cfcdbfb4b7c9e3f6fcfefdfd
fdfdfdfdfdfdfdfefefefefefefefefe
fefefdfcfcfbfbfafaf9f9f9f8f8f7f7
f5f5f4f4f4f3f3f2f2f3f3f3f2f1f1f0
f0f0f0efefeeeeededecededecebeae9
e8e7e7e5e5e4e4e3e2e2e2dfdddddddd
dddddcdbd8d6d5d3d2cfcdcccac6c6c4
c2c0bebdbcbab7b5b2b0afadaba8a7a6
a5a3a19f9d9c9b989896959391908f8f
8e8e8d8d8b8a88878c8c8d8e8f909192
9190908e8d8c8b8b8c89878787878887
87877f7f7f7f808080807f7c7c7c7c7d
7d7d7d7c7c7d7e7f8081828282838588
8a8d8f91929393939393929191939596
98989897959596959493939190908e8d
8c8b8988868584838383838382828281
80808080808080807f7f7f7f7f808080
808181807e7c7a7978797d7d7c7a7877
77796f6c65574b4345555b6a5e645e58
7671351126352735352b222d42404e58
3e1e295581dcfee7d3cac0c8cfcac0b6
a89e9178635b4d454139343c4a525968
6a5b56524c4f4d3727241f18080e0a25
2b282a24282113141b1632534e474b2e
22252c2a2d352b2f242b264b441d171c
14172f3c36311c10201f1209030a181f
1d201d26170d1d2737261e2c27131614
1c39271b2d382c211e1b17171e283737
d4cfd2dadcd5cdcdd8e8e4dedad9d9e3
f5f2f6f9f9fafefefcf7fffffefafafa
fbfcfcfdfcfafcfcfcfafafaf7f6f6f6
f6f6f4f1eee2cfcddeeff5fafbfaf6e9
d8e3f3f7e3dfcfc5c8d5eafafefefdfd
fdfdfdfdfdfdfdfefefefefefefefefe
fefefdfcfcfbfbfafafaf9f9f8f8f7f7
f5f5f4f4f3f3f3f2f2f3f3f3f2f1f1f0
f0f0f0efefeeeeededecededecebeae9
e8e7e7e5e5e4e4e2e2e2e1dfdcdcdcdc
dcdcdbdad7d5d3d2d0cecccbc9c5c5c3
c1bebcbbbab8b5b3b0afaeaca9a7a6a5
a4a3a09e9d9c9a9797959492918f8f8f
8f8f8f8d8b8a88878c8c8d8e8f919293
9291918f8e8d8c8c8c88878787878888
88877f7f7f7f808080807e7c7c7c7c7d
7d7d7d7c7c7c7d7e7f80818181828486
898c8e90919293939393929191929496
979897969494959594939290908f8e8c
8b8a8988868584848484848383838382
80808080808080807f7f7f7f7f808080
8081807f7d7b797777787d7d7b797777
78796c6b6455484145565b6a60665e58
756f331026372732352d242a42414d53
381b2a598be5fee4d1c9c1c9d1cac0b5
a89e907762594d464238313949525a68
695b55504b5253372425241b070c0a28
2e22271d232215151e1632554e45472c
212226252f3c3132212929534a201a1f
1519323e383620132322160a040b1a22
22231d251a0a1a2737241b2a250f1311
1b39281c303c30231b1512151d283d3d
fbfbfdfefefdfbfafcfdf6e8e8f5fcfb
fdfefdfcfbfbfbfdfefbf8fafdfffefe
fcfafbfcfdfcf9f9f5ece9dcd6d2d6e6
f7fcfbfafaf8f7f9fbfdfdfcfdfcfbfe
fefbe9e2e0e9ecf8fdfbfafdfcf8fdfd
fdfdfdfdfdfdfefefefefefefefefeff
fefefdfdfcfcfcfbfafafaf9f8f8f8f7
f6f5f4f4f4f3f3f2f2f4f4f3f3f2f2f1
f1f1f0efefeeeeededececebebeae9e8
e7e6e6e2e2e1e0e0dfdfdfdcd9d8d7d6
d5d3d2d2d0cecdcbc9c7c5c4c2bfbebc
bab8b6b4b2b0aeacaaa9a8a6a4a1a2a1
a09f9e9d9c9b9a989797969594949494
94949492908e8b898c8c8d8e8f909091
9293939291908e8d8c88868686868686
85857e7e7e7e7e7d7d7d7b7878797a7b
7c7c7d7b7b7b7b7b7b7b7b7c7d7e7f81
82838586888b8a8a8a8a8b8c8c8d8d8e
8e8e8e8d8d8e908f8e8d8c8b8a8a8886
86868584838382828282828282828282
81818181818181818080807f7f7f7e7e
7e7e7e7d7c7a797777787b7774757a7d
7c7a655e4b2f242e46594f4d5b69696e
7d6a422620261c3651352a3554595e53
35161c5cb3f9f3e1d1c4c3c8cbc5bcb1
a29c8d735f54555a5a4531364d5a5e6b
6c6564544c52482a23312f1a04031844
4229200b121815213433395758532f25
242519172c3f454b221b353a2d171615
0b1331402e231e0e1831280d060b1116
1e21121934181b282f211211110d0e15
2f434a45513f3a3526150e192b373f3f
fcfcfdfdfdfcfbfafbfcf8edebf6fbfb
fcfdfcfbfbfbfbfdfefbf9fbfdfefdfd
fcfbfbfcfdfcf9faf6eeeae0d8d1d2df
eef4f7faf9f8f8fafbfcfdfcfaf6f3f2
eee9d6ccc5cfd1e0eff5f4f0eef0fdfd
fdfdfdfdfdfdfefefefefefefefefeff
fefefdfdfcfcfcfbfafafaf9f8f8f8f7
f6f5f4f4f4f3f3f2f2f4f4f3f3f2f2f1
f1f1efefefeeeeededececebebeae8e7
e6e6e5e1e1e0e0dfdfdededcd8d7d6d5
d3d1d0d0cecdcbc9c8c6c4c3c1bebdbb
b9b7b5b3b1afadaba9a8a7a5a3a0a1a0
a09f9d9c9b9a9a999999989797969696
9696969593908e8c8e8e8f8f90919192
9293939291908e8d8c88868686858585
84837e7e7e7e7d7d7d7c7a777778797a
7b7c7d7b7b7b7b7a7a7a7a7b7c7d7e80
808283848688878787878889898b8b8b
8b8b8b8b8b8c8e8d8c8c8b8a89888685
85848483828282818181818181818181
818181818181818180807f7f7f7f7e7e
7d7e7e7d7c7b797877797a7774757a7a
7570615a46302b3648564c525d656771
7e663f26242c1f3451382b304e535850
34161b61bcf9f0e1d0c2c2c8cbc5bbb0
a19b8d725f5451585b4833394e5a5f6d
6c6463534d524628212d29150605163a
41301d0b0f14142438393f56574e3027
262518182b3a414b241c3f3224151513
0b1431412d201f0e132e230b060b0e13
1b21141c331b1c282e2617121415141b
35444b43493e39332618121a29333e3e
fffefdfaf8f9fbfbfafbfffef9fafbfa
fcfcf6f8fdfffdfbfefdfffefdfcfbfb
fcfefdfcfdfdfbfdfbf4efece2cfc5c9
d1d8e8fbf8fbfbfdfbfafcfcf0e1d6c7
b3a8937e62726f88bee3ddc2bbd3fdfd
fdfdfdfdfdfdfeffffffffffffffffff
fffefefdfcfcfcfcfbfbfaf9f9f8f8f8
f6f5f4f4f4f3f3f2f2f4f5f4f4f3f2f2
f2f1f0efefeeeeededecebeae9e9e8e6
e5e5e4dfdfdededddddcdcdad7d5d3d1
cfcccac9c8c7c6c5c3c2c0bfbebcbab9
b6b3b1b0aeaca9a7a6a5a4a3a09e9e9e
9d9c9b9b9a999ba0a0a0a0a09f9f9f9e
9f9f9f9f9e9c99989897979696959595
9493939493928f8d8b8a888786848281
807f7e7e7d7d7c7c7b7b787475767779
7a7b7c7a7a7a7979797878787b7b7b7c
7c7d7d7d7d7d7c7b7b7c7e8081858584
8281818384868a898887868584838281
818181818080807e7e7e7e7e7f7f7f80
82828282828282828180807f7f7e7d7d
7c7e7e7d7d7c7c7b7b7a78757376786f
5d4d544b343348534d494063655a607d
8358312933412c2c50413220393f4544
32151b74ddfce5deccbbc0c9cbc4baae
9e988b705e54445563543e42565e6075
6c6262534e54401f181f14040e0e1117
3d47140a06031230494d5553563c3431
2e25131b2a29334a2b1f6118050f110c
0c1934432a17230e04240f0206090505
13221a252f24202c2c372a1520332a32
4b474f3b2a39362d27221e1f22253a3a
fefefcf9f9fbfbfbfbfcfefdfafbfbfa
fbfbf8fafdfefcfbfdfcfdfefefdfdfd
fdfefdf6edf0f9fcfcf8ece4d6c2bdce
dfe4ecfcfafcfcfdfcfcfcfbe8cab3a0
928b7e715f6668779bc0c7b8b3caf9fe
fefdfefefcfcfeffffffffffffffffff
fffefefefdfdfdfdfcfcfbfafaf9f9f9
f6f5f5f4f4f4f4f3f3f3f4f4f4f3f3f2
f2f2f0efefeeeeededeceae9e9e8e6e5
e4e3e2dededddddcdbdad9d7d5d4d2cf
cdcac8c7c8c7c5c4c2c0bebdbbb8b7b7
b5b2b0aeacaaa8a8a7a7a8a8a6a6a4a4
a4a4a3a3a2a2a3a7a6a6a5a4a3a2a2a1
a0a1a1a09f9e9c9c9b9a999897959493
9392929393918f8d8b8a898886858381
807f7e7d7c7c7b7b7b7a777374757677
78797a7979797877777776767979797a
7a7a7b7b7b7b7a7a7a7a7a7c7c7f7f7e
7d7d7d7e7f8085848483838383828180
808080807f7f7f7c7c7c7d7d7e7f7f7f
808080818181818181807f7e7d7c7c7c
7c7d7b7d7f7d7b7a7a79787a7369695f
4a3d4749414451574f494e6767565b7f
845d3326343c292f42422b283f414343
37202b8ee8f7e5d8cabfc1c9cac3b9ab
9e97866e615849565c503f43535a6172
6d60574f4f5141261e2012030c1a0b1c
3f41241b140c18384a444e525840382c
30221c23252532432922561e1216150b
07132e3f2812200b102213080c0a0a0d
111e1f232f2025332d312b171e342e38
423f4b3223312e2319171c2225253838
fefefaf7fafdfcfbfdfefdfbfbfcfcfb
f9fbfcfdfdfdfcfcfbfbfbfeffffffff
fefefeefd7dff7fcfefce9d8c5b0b3d5
f2f5f2fefcfdfefefefefdfbdcac846b
656463605c575f606d90aaaba8c0f5ff
fffdfffffbfcfeffffffffffffffffff
fffffffffffffffffefdfdfcfcfbfbfa
f7f5f5f5f5f5f6f6f6f3f3f4f4f4f4f3
f3f2f0f0f0efeeeeeeedeae8e7e7e5e3
e2e1e0dededcdbd9d8d6d5d4d3d1d0ce
cbc8c6c5c7c7c5c3c1bebbbab8b3b3b4
b3b1afacaaa8a7a8aaabadaeafb0adad
aeaeaeaeaeafafb0afaeacaaa8a7a6a4
a3a3a3a3a2a2a1a19f9e9c9b98959392
9190919292918e8c8a8a898887858382
807f7f7d7b7b7b7b7a78757272737475
76777877777776767575747477777777
77787878787979787877767676777777
7777777777787e7e7f7f80818181807f
7f7f7e7e7e7e7e797a7b7c7d7e7e7f7f
7e7e7e7f8080808181807f7c7b7a7b7c
7d7b767c817f7a797a7778817259554a
32283646545b5c5d5149606d6b525583
84643422363726333044233448434241
3d2f42b2f7f0e6d0c9c4c3c9c8c3b8a9
a095806d655f5059534b42444e54626f
6e5e4a4a514d412f26201002092b0222
43393a31261721434c3846515a453f25
3220282d1f2031392726472724201a0a
010b263b260c1d07201f190f130c1217
0d1a27202f1b2b3d2e292d191c353341
353445271b27241506091a272a263737
fefefcfcfdfdfbf9fafcfbfbfbfcfdfc
fbfcfcfdfdfdfcfcfcfcfdfdfbf8f4f1
eeedede6d5dfefeceff9f4deccb9bcd9
f5f9f7fdfcfcf9f6f8fdfefdefd1ad90
7e716a6865605f5a6c9fcededbe2f9ff
fffcfdfdf9fafdffffffffffffffffff
fffffffffefefefefefefefcfcfcfbfb
f8f7f7f7f7f7f7f7f7f3f3f3f3f3f3f2
f2f1f0efefeeedededebe9e8e7e6e4e2
e1e0dfdddddbd9d7d6d4d3d2d1cfcecc
cac7c5c4c6c6c5c3c2c0bfbdbcbababb
bbbab9b7b6b7b8b8b8b9b9b9b9b9b7b6
b6b6b5b5b4b4b3b0afaeadaba9a8a7a5
a4a3a3a2a1a1a0a09e9d9c9a97959391
908e8f8f8f8e8b898787878685838280
7f7e7f7d7b7a7a7a7977757373747476
76777878787777767575747576767676
76777777777676757574747373747474
7474747474757a7a7a7b7b7c7c7c7c7b
7b7b7b7a7a7a7a79797a7a7b7c7d7e7d
7c7c7c7d7d7d7d7e7e7d7b787777797b
7c797a76787a797b7a797a73664b4545
2e233d53605e54575f5c636766535c82
7650261f3127282e333728303d403e36
333b63c9f8eee3cec7c3c2c7c5c0b7a9
9f93806f62554b51504c4b51585d646b
695e53504f473d3b2f190b04092c1321
32434c47372f36403c34414d5a3b3423
1f151e2623252117152d302c2f281a11
090615292116201026171110140f0e11
0d1116181b212a2a2028322015232e39
373734221b302a201a1c252c2c233636
fefefefefefdfaf8f9fcfbfbfbfdfefd
fcfdfdfdfdfdfdfdfcfcfefdf9f4eee9
e5e3e5e0d5dfebe3e6f7fbe2d0bfc1dc
f7fcfbfdfcfbf7f2f5fcfffef9e6c4a5
8c786f6d6a665f576ba7e3fbf8f6fbff
fffcfdfbf9f9fdffffffffffffffffff
fffffffefefefefefefefefdfcfcfbfb
f9f8f8f8f8f8f8f8f8f3f3f3f3f3f2f2
f2f1f0efefeeedececeae9e7e6e6e4e2
e1e0dfdddcdbd8d6d5d4d2d1d0cecdcb
c9c7c5c4c6c6c5c4c3c2c1c0bfbebec0
c0c0bfbebcbfc2c2c1c1c0bfbfbebdbc
bbbab9b9b8b7b5b0b0aeadaba9a8a7a5
a4a4a3a2a1a0a09f9e9d9b9a97959392
908d8e8e8d8c89878586868584828180
7f7e7f7d7b7a7a797876757474747576
77777878787777777675757576767676
76767676767575747473737272737373
73737373737477787879797a7a7a7979
7979797878787879797a7a7b7c7c7d7c
7b7b7b7c7c7c7c7c7c7b79767575777a
7b787c737377797c7a7a7c6a5f443c43
2d20425b68604f556667656464556081
6e451e1d2e1e2a2b35302a2d373f3c2f
2e4177d6f9ede1ccc6c3c2c6c4bfb6a9
9f927f706050484c4f4d51595e62656a
675f58544d433b4233140806092d1d21
29495653423d433e33323f4b5b352e22
140f1921272818040c32232f352d1a15
0d030c1f1e1c22152a120d1015110c0d
0e0d0c130f242a1f1828352411192b35
39382b1f1b352d2725262b2f2e213535
fbfdfcfcfdfcfbfcfcf9f8f8f9fcfdfd
fcfdfdfdfdfdfdfefefefefdfaf8f5f3
f1efede7e3edf0ded7e5ece2e4dfd2c6
c4cfe4f7fdfbf1e9ecf6fdfdfcf6e7d5
cbc3b59f867b757388b4def4fbfdfdfb
fcfdfbfcfdfdfeffffffffffffffffff
fffffffffffffffffefefefefdfdfcfc
fafaf9f9f9f9f9f9f9f4f4f3f2f1f1f0
f0f0efefedeceae9e9e8e7e6e4e3e2e0
dedddcdcdbd9d7d5d3d1d0cfcdcccbca
c8c7c6c6c6c6c6c6c6c6c6c6c6c6c7c8
c8c8c8c8c8c8c7c7c5c4c2c1c0bfbfbe
bebcbbbab9b8b7b4b3b2b0aeadabaaa8
a7a6a5a4a2a1a1a09f9f9d9b99969594
918c8c8c8a8987848384848482828180
807f807e7c7a79787674747575767676
77777778777777767675757574747474
74747474747372727171707070717171
71717171717273737374747475757575
75757575757575787878787979797979
78787878787878787777777777777777
7774816f7077767973696e6051565945
372c4356655f4c5068695a595b597391
744d302724152e3842422e2a3743331d
204d9dedf6e9dbc8c3c1c1c3c0bbb4a8
9d907f705c44484a4e4d555c5c61626b
66646761524642504119070b10232929
2e4a54413a49594f3e4f43323d272b36
292b2e282629231a27383431331f0a14
2215123040412009140512120c0b0e1b
24110613171c161a201f1e1f1710191d
1c2421182b311f2227262322251b4747
fafdfcfbfcfcfbfcfcf9f8f8f9fcfdfd
fcfdfdfdfdfdfdfefefefefdfaf8f7f5
f3f1efe9e5f0f2ded5e2e9e1e5e2d2bf
b9c5dff5fdfbf1e8ebf6fcfcfbf8eddf
d9d2c5ac90847e7e93badef2fbfefdfb
fcfdfbfcfefefeffffffffffffffffff
fffffffffffffffffefefefefdfdfcfc
fbfaf9f9f9f9f9f9f9f4f4f3f2f1f1f0
f0efefeeedeceae9e8e7e6e5e4e2e1df
dddcdcdcdbd9d7d4d3d1d0cfcdcccbca
c8c7c6c6c6c6c7c7c7c7c7c7c7c8c9ca
cacacacacac9c8c7c6c5c3c2c0c0bfbf
bebdbcbbbab9b7b5b4b3b1afaeadaba9
a8a7a6a4a3a2a1a09f9f9e9c99979695
918c8c8c8a8886848283848483828180
807f807e7c7a79787674747575767676
77777778777776767675757574747474
74747474737272727171707070717171
71717171717172727273737474747474
74747475757575787878787879797978
78787877777777777676767778787776
767481707176757870646a5d4f5b5f47
38304456645f4d50686a58565a5b7795
764f342921142e3a44472e2937433119
1e51a6f1f5e8dac7c2c1c1c3bfbbb4a8
9c907f705b4249494e4c555c5c61626c
6665696353464351431b090d13202b2a
2f49513b384b5d534155452d38272c3a
2e3131282629261f2c373632311c0816
2518133347471e07100314130a0a0f1e
281205151a191219221d1a1f1a101519
161f21172e311d222725211f231a4949
fffffefcfcfcfaf9fbfdfcfbfcfefefe
fefdfcfcfcfbfcfdfefefefdfcfdfefe
fefdf5e7e5f0f9f4f0f4f2cdbfb6a697
9bb4d3e7f5fdfdfdfdfdf8ebe3e7eef5
f9f7f1f1ebd4cedaeff8f1ebf3fefdfa
fdfffbfdfeffffffffffffffffffffff
fffffffffffffffffefefefefefdfdfd
faf9f8f8f8f7f7f7f7f6f6f5f3f2f1f0
f0efeeeeeceae8e6e5e4e2e0dfdedcda
d9d8d7d7d7d6d5d4d3d2d1d0cecececd
cccccbcbcbcbcbcbcbcbcbcbcbcacaca
cacacac9c9c7c5c5c4c4c4c3c3c3c3c2
c2c2c1c1c1c0bfbab9b8b6b5b3b2b1af
adacaaa8a7a5a4a3a3a3a1a09e9c9b9a
979291908e8c8a888788888888878786
868683817e7c7b7a7775757777777776
76767676767675757474737374747373
72727272727373727271717070707070
70707070707070707171727373737474
74747575767676777777767676767675
75757575747474747576767676757574
737868837d707468534c48485a66795c
33535655606664666d6a644c58668ca7
81593c271b172933415a251d38462c1b
2e6cc2f5f0e4d3c3c1c1c2c1bbb8b2a5
9b8f7e6e59434c4948474d515461666a
63616561574f4b4340361e1c260d1522
3d37281120415e6256644a2d37494e48
3f3c2e1e1f2c322e2a0e213f150b142a
1a0517384f3d09020b0b232210061530
351b102c3411061e2e1d12232f1b0a16
091a3a1b3433262d271b13121e1e2b2b
fdfcfbf9fcfdfbfafbfcfbfafbfdfdfd
fdfcfbfbfafafbfcfdfefefcfbfcfdfe
fefdf6edebf2faf5f2f4f1d7ccc4b6a8
a9bfdbecf6fcfcfcfdfdf8ece3e2e5ea
f4f9f4f4eeded9e1f1f9f3eef5fefdf9
fdfffbfcfefeffffffffffffffffffff
fffffffffffffffffefefefefefdfdfd
faf9f8f8f8f7f7f7f7f6f6f5f4f2f2f1
f0efeeedeceae8e6e5e4e2e0dfdedcda
d9d8d7d6d6d5d5d4d4d3d3d1cfcfcfce
cececdcdcdcccccccccccbcbcbcacaca
c9c9c9c9c9c7c5c5c4c4c4c4c4c4c4c3
c3c2c2c1c1c1bfbab9b8b6b5b3b2b1af
adacaaa9a7a5a4a3a3a3a2a09e9c9b9a
98949392908e8c8b8a8a8a8a8a898988
88888482807e7d7b7976767878777776
76767676767575747473737374747373
72727272727372727171717070707070
70707070707070707171727273737374
74747575767676777777767575757574
74747474747474747576757473737474
74786a7c796a6862544b4b4f59657355
38575c5c626665666765654a5a6b90a7
7e5638241e1d2a2d3b57281d35442d22
3978cbf6eee2d1c3c1c1c2c0bbb7b1a4
9a8f7d6c59464f4c47484d5054616768
615e605c56504a3d3d371f1b270e1a29
3d36241324445f61566048303244493f
36362b1e2534322928132839150b1124
180716354b3508080f0e1e1d0f061731
311b142a38180e202c2018252d1b0813
0917351c2c2d28332e21191721212626
f6f5f2f4f9fdfdfcfcfaf9f8f9fbfbfa
f9f9f8f8f8f7f9fafcfdfdfbfafbfdfe
fdfbfcfdfbf9fbf9f7f4f0f5f0eae2d7
d3def0f9f9fbfbfbfcfcf9f0e2d5cccd
e7fefefef5fcf7f3f8fcfaf7fafdfbf8
fffffafafefcfdffffffffffffffffff
fffffffffffffffffefefefefefdfdfd
fbf9f9f9f8f7f7f6f6f7f7f6f5f4f2f1
f1efeeedeceae8e6e4e3e2e0dfdedcda
d9d8d7d4d4d4d5d5d5d6d6d5d3d3d3d3
d3d2d2d2d1d0d0cfcfcecdcccbcac9c9
c8c8c7c8c8c6c5c5c5c6c6c6c6c7c6c6
c5c4c4c4c3c2c0bbbab9b7b5b3b2b1af
adadaba9a8a6a4a4a4a4a2a1a09e9d9c
9b9a999795949291919191919190908f
8f8f88868381807f7c7a797a7a797877
76767575757474747373727275747473
72727171717272727170706f6f6f6f6f
6f6f6f6f6f6f6f707071717272737373
74747576777777777676757473737272
7373737373737373757573706e6f7174
767a6f6a705a4752584a5261565f6343
45626e6d686568665a55674661799ba9
794d2b1d282b2e1e2c4f311f2d3f3235
5a9ce2f7e9dfcdc2c1c2c3bfbab7afa2
99907c685a4f595344494d4d54616a61
5d5853515552472e343c21172913293f
3f321a1a2f4f615c5456443a26373e26
1c27231f3548341b20223d29140e0a13
130d132b3f1f08191d17100e0b071e34
281d1f27422c252626272a2a291a040a
090d291e161c2f4641332b25292c1818
e8e6e2e2eaf2f7fbfbf7f6f6f7f8f9f9
f8f7f6f5f5f4f6f8fafbfcfbfafcfdfe
fefdfdfdfcfafaf9f8f8f7f5f4f3f0e7
e1e6f4fbfafaf9f8f5f3eee6dcd7d8dd
f2fdf5f0e8f8f7f1edecedeff0edecf1
fcfffafafefefeffffffffffffffffff
fffffffffffffffffefefefefdfdfcfc
fbfbfaf9f8f8f7f6f6f6f6f6f5f3f2f1
f1efededeceae8e6e5e4e4e3e1e0dedc
dbdad9d5d5d5d6d6d6d7d7d6d5d4d4d4
d4d3d3d3d2d1d1d0cfcecccbcbcac9c9
c8c8c8c9c9c8c6c6c5c6c6c5c5c5c5c4
c3c1c1bfbebdbcb8b8b7b5b3b1b0afad
abaaa9a8a6a5a3a3a3a3a2a19f9e9d9c
9b9c9b99979695959595959594949392
92928b8986858482807e7d7c7c7b7a79
78777676757575747373727376757574
7372717171717171706f6f6e6e6e6e6e
6e6e6e6e6e6e6f6f6f70707171727272
73747575767677777676757472727171
72727272727373737473737272727373
746c64575e4b3645534f5c625e53504b
506771716961615f524d5f4b667e9da3
7046271c2c313127264e3d292d40363d
69adebf6e6dccac2c1c2c2bdb8b5ada1
998f7a665a525c54434b515157626b63
5f5a54525755483c4444251320163340
3e3321233a545d5244413637161e2c1e
161c202336442c1b212739321d150b11
0f0c14273f23131a17110b0b10132936
231d201c423233322c2e2f2a251b0a0b
16121d271010243a362a2522232a1d1d
d8d5cfd0d9e5f1f9faf4f3f3f4f6f8f7
f6f5f3f2f2f2f4f6f8fafcfbfbfdfefe
fefefefefcfbfaf9f9fcfff6f8fdfef9
f0eff8fdfbfaf7f4eee8e2dad5dae5ef
fefcece1d9f5f8efe1dae0e7e5dddce9
fafffafbfefffeffffffffffffffffff
fffffffffffffffffffefefefdfdfcfc
fcfcfbfbfaf9f8f7f6f6f5f5f4f3f2f1
f1efededeceae9e7e6e5e6e5e4e3e1df
dedddbd6d6d7d7d8d8d9d9d8d7d6d6d6
d5d5d5d5d4d3d2d1d0cecccbcbcac9c9
c8c9cacacbc9c8c7c6c6c6c5c4c4c3c2
c1bfbdbbb9b8b7b6b6b4b3b1afaeadab
a9a9a8a6a5a4a2a2a2a2a1a09f9d9d9c
9c9e9d9c9a999899999a9a9999989797
96968e8c8a888887858381807f7e7d7b
7a797876767675757474737377767675
7473727171717170706f6e6e6e6d6d6d
6d6d6d6d6d6d6e6e6e6f6f7070717171
7273747576767777777675737171706f
70707171727373747272737576767573
725d58414b3b24374e54686366473b55
5d6d75756b5d5a57494457516d849f9d
653e221c31383532204d4a342c413b47
7ac0f5f5e3d9c7c1c1c2c1bcb7b4ac9f
988f79655b566056424e56555b636b65
615d55535a594a4c564d2a10161a3e42
3c34292e46595948342a273404031815
10101d27373f251b232c363d271e0d0f
0b0b16223f27201c100c0507161f3438
1d1d21114239423f3335362b211d110c
23170f310a03182e2b201f1f1c272222
c9c7c0bcc0cad7e4edeeedeef0f5f7f7
f7f2f0eeeeeef0f2f5f7fbfcfcfcfcfc
fcfcfbfbfdfdfcfcfafafcfcfaf8f9fb
faf9f9f6f5eee3d9cfc7c4c3c1c5cfd9
effdf7f0e3e9f4f1dfcdc3bfbabac8e1
f9fdfcfdfefffefefefefeffffffffff
fffffffffffffffffefefefdfcfcfbfb
fcfbfbfaf9f8f6f5f5f2f2f2f2f1f1f0
f0efededecebeae9e8e8e8e8e6e5e4e2
e0dfdedadadadad9d9d9d8d8d7d6d6d5
d5d4d4d4d3d3d2d1d0cecdcbcbcac9c9
c8c8c9c9cac9c8c7c6c6c5c3c2c2c2c1
bfbdbbb9b7b6b4b4b3b2b0afadacaba9
a7a7a6a5a4a3a2a2a2a2a1a09f9e9d9c
9c9c9b9a989899999a9c9d9d9b9a9998
979692908e8d8d8c8a8886858482817f
7d7c7c79797878777676767678787776
757473727272717170706f6f6f6e6e6e
6e6e6e6e6e6e6d6e6e6f6f7070707071
717374757677777777767473716f6e6e
6c6d6e6f70727373717174767775706b
685844504d4342414b5e5f5a5649455d
71716f6e6863625e5352605f6f819e9a
5c341e192e342e412f45483a38483e4c
8ad0f5eedfd3c2bfc0c0bfb9b4b2aa9f
988d77655b5452443849575659656d6a
605d5c575a5b524d483d2b1b1d2a483f
4031282a47544a381f131d310c152320
1a142730353b262820203a2d2e250e07
0b0d10203a2b2a150f0d1220282b3734
1c1e251b3a303d443e39322a231b1010
2820172e1015283027191c2926302828
c3c1b9b2b4becbdae7ebebeceff4f7f8
f7f1eeedececeef1f4f6fbfcfdfcfbfb
fbfcfafafefefdfdfaf9fcfefbf6f7fc
fffdfaf4f2e9daccc0b8b6b9b8bcc5cf
e9fefdf7e8e4f1f1dec6b6ada7aabfde
f8fdfdfefffffefefefefeffffffffff
fffffffffffffffffefefefdfcfcfbfb
fcfbfafaf9f7f6f5f5f1f1f1f1f0f0f0
f0efededecebeaeae9e9e9e9e8e7e5e3
e2e1e0dcdcdcdbdadad9d8d8d7d7d6d5
d5d4d4d4d3d4d3d1d0cecdcccbcbcaca
c8c8c9c9cac9c9c8c7c6c5c3c2c1c1c0
bfbdbab8b6b5b4b3b2b1afaeacaaaaa8
a6a6a6a5a4a3a2a2a2a2a1a09f9e9e9d
9c9c9b999898999a9b9e9f9e9d9b9a99
98979492908f8f8e8d8b898787858381
7f7e7d7b7a7979797877777779797877
75747373737272727170706f6f6e6e6e
6e6e6e6e6e6e6d6e6e6f6f7070707070
717273757677777877767573716f6e6d
6b6c6d6e707273737172757777746e68
63553b574e4750464a635b564e4a4a62
7a736d6b6765666159596566707f9e99
58301c182c332b483642473d3e4b3f4f
91d8f6ebddd1c0bfc0bfbeb7b3b1aaa0
988c76655b544b3d3447575658666e6c
605e5f5a5b5c554d41362c1f21324d3d
422f2828485143301608192f101e2925
1e162c343439272d1f1a3c2631280f04
0b0f0d20372d2f120f0d172c31313832
1c1e2620372c3b46433b312a241b1011
2a251b2c131d2f3126171b2d2b342b2b
b0b6b4b0aeb0b8c4d0d9d9dce1e6eaed
edececeae9e9ebeef2f4f5f7f8faf9f9
fafcfdfdfdfafafffefdfdf9fdfefcfb
faf8f6f5e2e0deded8d1cfd2d8e4ecea
f0f8f9fcfaf8f2ddc2aa94858698b9e2
fdfefffdfbfdfefefefefeffffffffff
fffffffefffffefefefdfdfcfcfbfbfa
f9f9f8f7f6f5f3f2f2eeeeeeeeeeeeee
eeeeedededececebebebe9e9e8e7e5e3
e2e1e0e0dfdfdddbdad9d8d7d6d6d4d4
d3d2d1d1d2d2d1d0cfcecdcdcdcdccc9
c6c4c4c4c4c4c4c3c2c1bfbdbdbcbdbc
bcbbb9b7b6b5b4b3b2b1afadacaaaaa8
a6a6a6a6a5a5a5a4a4a4a3a2a1a09f9f
9d989795959597999a9fa09f9d9b9a99
979697969493939392908e8c8b898785
8381817d7d7c7b7b7b7a797a7b7a7978
77757474757574747474737272717171
7171717171706f6f7070717172727272
727375767779797978767473716f6e6b
68696a6c6e7072737574716d67625e5a
59425534324543465c685e5151576770
696c6c63616b6f655b626a6b6979a8aa
6436201e303024425b2b39384c503f59
a9edf5e4dfccbcbdbebdbbb4b1afa8a1
988975665b4d3c2c2d3f4f4a475c6566
53515a544f5458482f2629251f2b3729
4d331f2f515943281b1e2f29163f2f22
2428382f2d3e28281f3b352729262418
0a071d3d382d3a24311311291a15232a
262128343633353236382d2331311019
1927412e403638383a2d304333302727
aeb3b3afacadb4bfccd4d5d8dce0e5ea
ebeae9e8e7e8ebedf0f3f4f6f7f9f8f8
fafcfdfdfdfafafffffefdf9fdfefdfb
faf8f7f6e4e1e1e3dfd8d6d9dfebf2ef
f2f8f8fdfcfaf3dec2a89184879abbe2
fdfefffcfbfdfefdfdfefefefefcfeff
fefefffefefefefefefdfcfbfcfbfafa
f9f8f7f6f5f5f3f1f2efeeeeefeeeeee
eeeeedededececebebebeae9e8e7e5e3
e2e1e0e1e0dfdddbdad9d8d7d6d5d4d4
d3d2d1d0d2d2d1d0cfcecdcdcdcdccc9
c6c4c3c3c3c3c3c1c0bfbdbcbbbabcbc
bbbab8b7b7b6b5b3b2b1afaeadaaaaa8
a6a6a6a5a4a4a4a3a3a3a2a1a1a09f9f
9d98979595949698999d9f9e9c9a9998
979697969494949493918f8d8c8a8886
8482817e7e7d7c7c7b7b7a7a7b7a7978
77757474757675757474737373717171
7171717171716f6f7070717272727272
737475767779797978777573716f6e6c
68696a6c6d6f717071706c67605e5b58
573c5332324440465e69605251576971
686b6d64626c6f645c626a6b6a7aa8ad
6938211f2f2f24405c29373a4f4e3f5e
b0f0f5e3decbbcbdbebdbab3b1aea8a0
98887466584a3a2d2f3e4c48475b6365
525158534c4f554a2f252b2620283225
4c331f32535a43281d21322816422e21
272d392f2f3f2928243d32292626281c
0b092341392e3b25351811271812202c
292229343332323034392f243232111b
1726432f443839383b313345362f2727
aeaba8a6a2a0a5aeb9c0c5c6bdb3c3db
e5d9d5d8dde4e9eae9e8f1f2f2f1f3f6
fafcfdfdfcfbfcfdfefefdfefcfafcfd
fefefffffdf4f4fbfdfbfaf9fbfcfdfc
fbfbfbfbfcf9fbf8deb69b9eaebed5df
f7fcfff8fdfbfbf9f9fefdfaf5e1f5fe
f9fcfefcfcfefbf9fefdf9f4fefef6f6
f4f1f2f3f4f6f2eaf4f3eef1f4f1f0f1
efedeeeeededecebebebeaeae9e8e6e5
e4e3e2e0dfdedddbd8d5d2d3d5d4d5d4
d4d4d3d2d2d1d0cdcccbcccdcdcbcac8
c5c2c0bebcbdbcbab6b5b3b3b4b5bbb9
b6b4b5b7b8b7b6b6b4afafb5b1ababaa
a7a7a5a3a2a1a09f9e9d9c9d9e9e9e9d
9d9d9a96929090929392939494959798
9999979797969695959594918f8d8b89
87858283838281807f7e7d7d7b7b7a79
77767575757575757474737372717171
71717171717172727373747575757474
767778797876757a767a77706e6f7071
6c70676b696c6b5e4b44453e384b5551
4d142547473b2e435f69715c4c4f666f
6a6c746d6b6d635a5f5760617b8fa5b3
8343272320262f373f3334575a3c407f
cef4efe0d6c3bcbec2c1bab2b2aea49b
94857360443d3746493c3846585d5b62
56564c4d3f2b405b3f293a2e29141717
3d2c293e585d48312a283424133a201f
3b443334434132294b2e1e391b272e2a
132046453d3337182e3614171e13233d
362d2e1b1e24213136433e302b231825
191f2e303836333334383c403f2c2f2f
adaaa8a6a29fa1a8b1b9bcbfb9b0bbcf
d9d2d0d2d6dde3e8eaebf1f2f2f1f2f5
f8fafbfdfcfcfdfdfefefdfefcfbfcfd
fcfcfdfefdf5f4fbfdfcfbfaf8f7f8f8
f7f6f2eeedf8f9eccaa48e8f9cabc7e4
f9fbfffafafbfcfaf7f9faf3ddbfd2ef
f7fcfdfcfdfdfbfafefdfaf7fbfaf6f8
f5f4f5f5f4f7f5edf5f3eef2f5f2f0f0
efeeeeeeedededecececebeae9e8e6e5
e4e3e2dfdfdedcdad8d4d2d2d3d3d3d3
d3d3d2d2d1d1cfcdcbcbccccccc8c7c5
c3c1bfbdbcbcbbb9b7b5b4b4b5b6bbb9
b7b6b7b8b7b5b4b3b1a9a7aba7a3a5a6
a5a5a4a3a2a2a1a19f9e9d9d9f9f9f9e
9d9d9a96939090929392929394959697
989898989897979696969592908d8c8a
88868383838281807f7e7d7d7b7b7a79
78777575757575757474737372717171
71717171717172727373747575757575
76787979787776797478767272727071
7071665e585b594c3f3d3e332f495857
490f2848453b374b616a705c514e5f6e
696c6d676a6b5f575c555e647a8ca1ae
84482721212931353a373c57563c468a
d5f6eeded2c1bcbec3c1b9b2b1ada39b
9384735f453d3a48493c3a48575c5d62
5452494a3d2b42573d2c3a2c2b1b1716
3e2d28425959422f32312e22122b1d28
3b3e30314144342d442a1f381b292e28
17223f3e3b3335192a32141a2117263d
31222518232c26313a453b2e2a22151f
161b2e31323433333437393b39272f2f
aba9a9a7a29c999ba1a8abb1b2a9aab5
bdc3c4c5c7ced7e3edf3f3f2f1f1f2f3
f4f6f9fcfdfefefefefefefffefefefd
f9f7f9fcfdf6f5fbfdfcfcfbf3edefef
eeebe0d3cef6f5d09f7d71717582a8ef
fefafffdf5fbfefcf4eff3e4a77586d1
f4fdfbfcfefcfafbfdfbfdfdf5f2f7fc
f9fbfefaf5f8fbf4f6f3eff3f7f3efef
f0efeeeeeeeeeeeeeeeeeceae9e9e7e5
e4e3e2dededddbd9d7d5d3d2d0d0d0d1
d1d1d1d1d1d0cecccbcacacac9c1c1c0
bfbebdbcbcbbbab9b8b7b7b8b8b9baba
bababbbab6b1aeaea99e96959292989e
a1a1a2a2a3a4a5a5a1a09fa0a1a2a2a0
9e9d9b98949292939391919292949596
979799999998989898989693918f8e8c
8a888583838281807f7e7d7d7c7b7a79
78777676767676757574747373727272
72727272727273737474757576767575
77797a7a7a797878717274767b7a7271
7974634334383327262f2e1c1c455e65
40052f4b403d4b5c666d6e5b5b4c506b
696d5d596665554f56525b6a79869aa2
8651261b253037302e414e564f3b54a0
e5faecd9cbbebbbec3c1b8b1b1ada29a
9384725f463f424c493e3f4c575c6063
514b4243382c485038313929322b1713
4231274b5d52342a4444231d110b153c
39332c2a3d4a3836362221341d2e2e25
1e27312f3733311d222a172329202e3d
250c12122f3f31334248362828200e12
11142e3324313434343535322d1d3131
a6a5a7a8a6a19f9fa1a3a3aaafa8a3aa
b1b7b9babdc4ceddeaf3efeeeff1f2f1
f0f1f4f7fafcfcfbfafbfcfcfbfcfdfc
f9f7f9fcfcf6f7fbfcfcfdfbf4eeece7
e2d8c6b3adcddcc8a2867b76747f9ccb
cfd0d9ede5d3d0d6d0c7cbc29371799d
cae4eff9fefcfbfcfbf2f4fbf6f5faf9
f8fbfdf9f4f7fbf8f9f6f2f5f8f5f0ef
f0efeeeeeeeeeeeeeeeeebe9e8e7e5e3
e2e1e0dadad9d7d5d4d2d2d0cececece
cececececdcccac8c7c6c6c6c5bebebd
bdbcbcbcbbbabab9b9babababab9b7b5
b4b3b3b2b0adababa89f99969292989d
9fa0a0a0a0a1a1a1a09f9e9e9fa0a09f
9d9b9a98959392929291909192939495
969697979797979797979693918f8d8c
8a888583838281807e7e7d7d7c7b7b7a
79787776767676757574747373737272
72727272727373747475757676777676
77797a7a7a797977747777757676706d
6e6258352c383a3d33373b2b243d4f61
32053f4e474c5963696a645d6653586e
5d61463e53655e4f504956727e879898
85562617232b3330303b47594f4164b2
edf7e8d8c9bababec3c0b6b0b0aba199
9283715e48413c4440393f4d575e6667
544f4646392e49493732302424202321
36302b3f52523b282e33292820231f32
2f26222337493e3b392b2932202f2c23
283132373f352a1f1a211932321f293a
27111a1b2a31212039453b322a1d151b
16152239283034393c3f3e3932212a2a
a1a2a5a8a9a7a4a3a29e9ca4aea89da0
a6adb0b1b4bbc7d7e8f2eceaedf2f3f0
ededeff3f7fafbf9f7f8faf9f9fafcfb
f9f7f9fcfcf7f8fbfcfdfefcf6f0e9e1
d7c8af978fa9c5c1a48f857b747c92ab
a4abb7e0d7aea6b4b0a3a7a4826e6e6f
a5cee4f6fefdfcfefaeaedfaf6f9fdf7
f7fcfdf8f3f6fdfbfdf9f5f7f9f6f2f0
f0efeeeeeeeeeeefefefeae7e6e5e3e2
e0dfded7d6d5d3d1d1d0d0cecccccccc
cccccccccac8c7c5c4c3c2c2c1bbbbbb
bbbbbbbbbababababbbcbcbcbbbab5b2
b0aeadadabaaa9a8a6a19b979392989d
9e9e9e9e9e9e9e9e9f9e9d9e9fa0a09e
9c9b9a98969593929291909191929394
959595959596969696969592918f8d8c
8a888583838281807f7e7d7d7d7c7b7a
79787776767777767675757474737373
73737373737374757576767777787777
78797a7b7a7a7a76777c7a7472726f6b
63534e2925384151403f483a2b36425e
26044e504e5a656a6c675c5f6f5a5f70
53563125426567504c41527a8388968f
835a261421262e303135415c4f4674c3
f5f5e5d7c7b6b9bfc3bfb5afafaaa099
9183715e4942383d38343f4e575f6b6b
58524a483a2f4a443633281f17162f2d
2c2f2f34485342251b242f322e392828
271b181e314743403b33303123302a22
313a343d47382420131a1b3f3a1e2437
2a1621232624130f3042413b2d1b1b24
1b16173e2d30353d4347474036252424
9f9e9d9fa2a2a1a09e99969ba3a1999a
a2a6a7a9aaaeb9cadce9e5e1e2e8ebe7
e6e9eceef1f4f6f6f5f4f4f7f6f6f7f8
f6f3f3f5f9f6f7f9f9fcfdfbf8f4ece4
ddd1b9a39cb2d1d7c3b0a69e9598aeb4
a2887dabbda48781817e7d766c716f66
717e8da1b3c2ced6d7d0dbf0f6fbfdf7
fafcfcfbfbfcfdf8f9f9f6f6f6f6f6f4
f1eeeeeeeeedecedecece7e5e4e3e2e0
dedddcd5d4d2d1d0d0d0d1cfcccccbca
cac8c7c7c7c6c4c3c1c0bfbfbebcbcbb
bbbababab9b9b9babbbbbab8b6b3b0ae
aba9a8a8a8a9a8a7a7a5a4a19b9a9c9d
9c9c9b9b9a9999999998979798999998
9797979696949291908f8f9091919293
939393939394949494949492908f8d8d
8b898784838281807f7e7d7d7d7d7c7b
7a797877777777767676757575747474
74747474747475767677777878797878
78787878777676757679756f6b675f50
382e4b3d3e3e374b4e443d35303e4959
1214465c5c666859576467747a677060
3035291e3858584b50565c7381859488
805d33232b3637343c3231544e558ed7
f7ede1d8c6b1b9bfc2bcb2aeaea89f98
90816f5b4a453d443f3a4350575f6c6d
5e59514b3d314847332a2d2d1e293c46
3e25242f4140322a292e344b4e2b192c
281f212b313639272c253427252d2720
2f34272e3d312135211f232d22121e34
2e1e2824221b1c15252f38392719201e
1e0e0d332e343536363a3f403f331e1e
9e9c9b9d9fa09f9f9d989497a09f9799
a0a3a5a6a6aab4c5d9e6e3dedfe5e8e5
e4e8ebeceff3f5f5f4f2f2f6f6f4f6f7
f5f2f1f3f8f6f7f8f9fbfdfbfaf6ede6
e0d4bca7a1b5d5dfcebcb2aba2a2b8b7
a17b6898b4a17c6e71706e6665727063
5f626e8298adbec8cbc6d5ecf7fcfdf7
fbfcfcfdfefefdf7f8f9f6f5f5f6f8f6
f1eeefeeeeedececebebe7e5e4e3e1df
dedddbd5d3d1d0cfd0d1d2d0cdcccbca
c9c7c6c6c6c5c4c2c1bfbebebdbcbcbb
bbbabab9b9b8b8babbbbbab7b4b1aeac
aaa8a6a6a7a8a9a7a7a7a7a49f9c9e9d
9b9b9b9a999897979796959596979796
95969696969492908f8f8f9090919292
939392929293939394949492918f8d8d
8b898784838281807f7e7d7d7d7d7c7b
7a797877777877777676757575747474
74747474747476767677787879797878
78787877767575757678746d68635947
29214b444840334a5446393332414b57
0b1a4361626b6a5350646b7c7e6b765a
2429261c35545349525d607080859486
7f5e38282e3c3b3640312b524f5b98de
f8ebdfd9c5afb9bfc3bcb1aeada79e98
8f816e5b4b463f47423c4451575f6d6e
615c534d3e32474832262f322131414f
4522212e3f392c2c2e3236545a26132d
2921242f3130351e26203523262c261f
2e312228392f1f3c262127271a0e1c33
30212a2521181f18212835382419231c
1f0c0a302f35363431353d4042381c1c
a09c9897989a9b9a9895918f92939396
9ba1a29f9a99a0b1c6d6dcd2ced0d1d1
d5dde0dedddfe4e8e8e4e0e5e3e0e3e9
edeeecedf2f0f2f4f3f6f9f8f4f0eeef
f5f5e8d9d8f6fcfdf8f4f5efd2afb0eb
fad2dae2eaf3f2e0d6dfdcba8f737589
9aa495745e657faae5efead9c5b3adb4
aeb2c3d8ecf8fefdf7f7faf9f6f6f9f8
f3f0f0f0efedebe9e7e7e7e6e5e4e2e1
dfdedddadad7d7d6d7d8d9d6d2d1cfcc
cac8c6c5c7c7c6c5c3c1bfbfbdbbbbbb
bbbabababab7b6b7b8b8b6b3aeabb0b1
b2b2b0aca9a6a5a39c97969492929392
929394959698999a9291909091929291
919293949594918f8e8e8e8e8e8f8f90
909091919191919191919292908f8e8e
8c8a8884838281807f7e7d7d7d7d7c7b
7a797877777777777676757575757575
75757575757576777778787979797877
767473716f6e6d6e6865676d6f675538
17184c45534b445f624e423a34495650
1d42545a6069554c5b656a7567686b3a
203345433c362e3b646464718285927f
69422b27304b432a36453a3f496fb8ee
f5e6ded4bbacbabec1b9aeacaba49c97
8d7e6a564b48434f4e464750555c686a
625e50473a3141504624162e242b4a3a
49313f5542282e474d4151574c190b1d
1c131c2d2c2631232e2a260f282b302e
2d292228362a1c3c231416131a273338
312939322b2e3c281c1625312e292715
182c102a2414151b212e3c3e3d361b1b
a19e9a98999c9d9c9a96939092949496
9aa0a19e9a999faec2d2d9d0cccdcece
d2d9dcd9d9dadfe4e5e0dce0dedcdfe5
ebecebecf0eff1f3f2f5f8f7f3f0eef0
f6f8ecdfdffafdfefbf7f8f1d1ababe6
fad8e4eaf0f9faeae0eae7c89c78778a
9da7987a666a7ea4dce6dfcbb9a79fa6
a0a4b4c7daebf8fdf8f8fbfaf7f7f9f7
f3f1f1f0efedebe9e8e7e7e6e5e4e2e1
dfdedddcdbd9d8d8d8d9dad8d4d2d0ce
cbc9c7c6c8c7c7c5c3c1c0bfbdbababb
bbbabababab8b6b8b9b9b7b3afacb0b2
b2b2afaba8a5a3a0989392908f909191
91929395969798999392919192939291
91929494959492908e8e8e8e8f8f8f90
909090909090909090909191908e8d8d
8b898884838281807e7e7d7d7d7d7c7b
7a797877777777767676757575757575
75757575757576777778787979797877
767371706e6d6c6e6865666a6a635338
151a4e45544c465d5c4c453c354b5a51
264a555e6168564f5f686b7365696632
1f3347443a322e3f656366718185917d
643b27262e46402833453c3e4a75bef0
f5e6ddd2b9acbabec0b8aeacaaa39c96
8c7e69554a48414e4e45464f555d6769
625f52483a303f4d4525152a222b4437
44304255402630494c40545041190d1b
1c131c2d2c2731262d2a250d282b302f
2c27212531271b3a251719171d2a3335
2f2a3b332e313b271d1826312e2a2918
1d3013282314131a1f2d3c3d3b351a1a
a7a6a4a3a5a9abaaa49d9d9996999997
989a9c9d9c9b9ea8b6c1cbc6c5c8c7c5
c4c6c9c9c7c7ccd2d5d0cbcbc8c7cdd6
dfe4e7e9eae7eaeeedeff1f1f1f1f0f1
f7fbf7f1f4fcf5f9fdf7f0e2bd9495b9
e0dcf5fbfefcfdf9f8fefef8d4948085
9ba19ea2a69e8f8ea1a7988684796c6f
6d6f70707da3d8fefffffffffdfcf9f5
f3f4f4f4f2f0eeecebeae9e7e6e5e3e1
e0dfdee0dfdedddddddddedddad8d6d4
d1cecccbc9c9c8c7c5c3c0bebcb9b9ba
babbbcbdbdbbbabcbdbdbab7b3b0b2b2
b1aeaaa6a2a19d90868182818385868b
8f8f9192939495969695949495969695
949596979797959391908f9090909090
90908f8e8e8d8c8c8b8b8c8c8b898888
88868483838281807f7e7d7d7d7c7b7a
79787776767777767675757474757575
75757575757576767777787979797774
726f6d6b6968686c6e6b65594c494c3a
0f27594459524b4c383d50483d546759
55675572656461636f766f6a616d4a14
1c30493d29253858635e737079828c77
5123131e25282a232a42453c5490d6f8
f1e2dacbb2adbdbebeb6acaca8a09b96
8a7c6650494733404742424b565f6667
63645b4e3a2c353c37291c1716281e2b
2a2544493123394c39375b290e1d1e14
2018222e303130352924260c29293133
29241e101a171531302c2e2e2e302822
272e40313d3a2a1b262d30312b2b342c
3b3f241e211b1a1b1a27363633301616
afaeacaaaaadaeada7a2a29f9c9f9d99
9a9b9ea1a3a3a5acb6bec6c4c6c9c9c6
c3c3c5c6c4c4c9cfd2cecac9c7c6cad1
d8dde1e4e7e4e7ebebebeeeff0f1f0f0
f5f8f7f4f7fbf7fafdf7f1e9d2b5b5ca
ebe9f4fafefcfcfafafdfbfae1ac8a81
8e959aabbcbfb6a99a998b80827b6d6a
696a686b80aadefefdfdfaf8fcfdfbf7
f6f7f5f5f4f3f1f0efeeebeae9e7e6e4
e2e1e1e1e0dfdfdededededddcdbd9d6
d4d2d0cfcccbcbc9c7c5c2c0bebbbbbb
bbbcbdbebebdbcbdbdbcbab6b3b0afae
aeaba8a5a4a4a39c9390929091949495
96969696969696969998979798999998
98989999999998969593929393939393
9393908f8f8e8c8c8b8a8b8b89888787
87858383838281807f7d7d7d7d7b7b7a
79787776767676767574747474747474
74747474747576767677787879797672
706d6b6a6968686b6e6a6251403e4638
0e2956415c55514a383f4c443f556653
495f58726a6762646e6f67605d694316
23394837262b425c64617d656b7e8a76
51261722262125262a3c42405d9dddf7
eee1d8c8b1aebebebdb5ababa89f9a96
8a7b644e4847343e4644444b57606466
626561533c2d373c382a191314292a38
35223b413528384c3b314722191d201d
21171d292d302f3528222b102725292a
221e180b1414192f3632303332312823
2b31402e3d3c2d222c33312d25222f34
3d3d211f212424221f29353028251515
bdbdbab6b4b5b4b2aeabacaaa7a9a49e
9e9ea2a9afb1b1b3b6b9bfc2c7cbcbc8
c2bdbfc2c0c0c4c9cccac7c6c5c3c5c8
ccd0d6dce3dee2e7e7e6e8ebeff1f1ef
f1f5f7f9fcf9fafcfdf7f3f6f7f1eeea
fffff2f8fdfcfafcfefbf7fefad79d7b
797e95bce3f9fcda8d807475807d6f62
64615a6284b6e7fefafaf1edf9fefffc
fcfdf9f8f8f8f7f7f6f6f1eeedeceae9
e7e6e6e2e2e2e2e1e0dfdedfe0dfdedc
dad8d7d6d0cfcfceccc9c6c3c1bebebe
bebfbfc0c0bfbfbfbebcb9b6b2afaaa9
a8a7a5a4a7aaaeb1aaabaeaaaaadada7
a2a19f9d9b999897a09e9d9e9fa0a09f
9e9d9d9e9e9d9c9b9a99989898989898
98989292908f8e8c8a8a8a8988868686
85848283838281807f7e7d7d7c7b7a79
78777676767676757574747373747474
7474747474747676767778787979736f
6d6a69686868696b6d695c432c2c3d37
0c2d513d615b5a483a44453c44556449
35525e72746e63676c6459505661381a
3048452c2036556367668e5254768674
512d202929151c2b2c323c466eb2e9f6
eadfd5c2b0b0c1bdbbb4ababa79e9a96
8979624b4746353b4446474d59606264
5f676b5e402f393e3a2b140b112c3f50
491d29323c30364d3e2624162e1e242c
2315161f282f2d34281f3317231f1d1b
17150e030911202d403d343d39332725
3137402a3d403130383e34281a142840
413b1c2221343631282d332413111313
c9c8c4bebababab8b5b4b5b3b2b4aca5
a7a8acb3b8babababcbec2c5c8cacac9
c6c3c1bfbebec1c5c8c7c6c5c4c4c5c6
c6cbd2dae0dadee6e5e3e5e8eaeceff0
f2f7f9f9fbf9fbfcfbfaf7f7f7f8f7f5
fbfbf9fcf6fafcfdfbf8fbfcfaecb187
7688b5dbf2fbf6d49b887e7f818a969c
a395828ab1d9f1f3e0c9b8b5cbe1e5e1
e4f1fafafbfbfbfbfbfbf8f6f5f3f2f0
efeeece5e5e6e6e5e4e2e1e1e1e0dfdf
dedcdcdcd7d6d6d5d3d0cccac7c3c2c2
c1c1c1c1c0bfbdbcbbb7b3afaba8a3a5
a9acaeafb3b7bbbfb8b9b9b2b1b4b5b2
afaeaba8a5a2a19fa3a2a1a2a2a3a3a2
a1a1a1a1a1a0a09f9f9e9e9e9d9d9d9d
9d9d9898969493918f8e8e8c8b898989
89878684838281807f7e7d7d7b7b7a79
78777675757575757474737372747474
7474747474747575767677787878726c
6b696868696a6b655d53504a40414a3d
142d46345b4e4f3a38444243504e5a52
415760706d5e585d68695a4e514f3021
3857482f344b53525f68794f4f7c8a73
50312123251c1f252a353e4977bdeef5
eae0d3bcadb2c2bdbab2aaaba69d9995
887860484645383b44494a4f5a616060
585f6a5f4336454e3a1d0c0a1b3f4548
3a2b3430322e3845342629173a34201b
2820181f282a2c292b1e2e171e1e1a17
18170e06060b1c2241423638373b332a
2d2d3e312c3d42412d2a2e33291a233b
3e352c322938352c212732291e1d1111
d2d1ccc4bfbebdbcbabcbcbababcb2ab
aeb0b4babfc1c1c0c1c2c4c7c9c9caca
c9c7c2bdbcbdbfc2c5c6c5c4c4c5c5c4
c3c7d0d9ded8dce4e3e1e3e7e7e8eef1
f3f8faf9fbf9fcfcfafcfbf8f8fefeff
f8f8fdfff2f9fefef9f7fdfcfafbc091
7490cdf3fefdf1d1a58f86868293b3c8
d2bb9fa8d3f4f8eacda58d8aa9cbd2cd
d3e8fbfcfdfefffffffffdfbfaf9f8f6
f5f4f2e8e8e9e9e8e7e4e2e2e2e2e1e1
e1e0e0e0dcdbdbdad8d5d2ceccc7c6c5
c4c3c2c1c1bebcbab8b4afaaa6a39fa3
aab0b4b8bcc0c4cac3c4c2b9b5babbba
b9b7b5b1adaaa8a6a6a5a4a5a6a6a6a5
a4a4a4a4a4a3a3a2a2a2a2a2a2a1a1a1
a1a19d9c9b9997959392918f8e8c8c8c
8c8a8884838281807f7e7d7d7b7b7a79
77767575757575757474737372747474
7474747474747575767677787878716b
69686768696b6c605244474f50525441
1b2e3f2e57454731374440495a49525a
4a5c626f68534f57656d5b4d4d412a26
3d624b32435a52455a69694e4b808d73
4f35231e2121222129373f4b7dc6f2f5
eae1d1b8aab3c3bdb9b2a9aca69d9995
88775f4746443a3a434b4c515c625f5c
525a6a61453b4e5a3a120609224e4943
30353b2e2a2d393f2d262c1744441e0e
2c29181f28272c222c1d2a171a1e1713
19190f0904071a1b4346373537423c2e
29263c371f3b4f4e251b2a3b351e2038
3c31383e303a35281c23312d26270f0f
edeae5e0dbdad9d9d7d4d2cfcdcdcac7
c7cbcccbc9c8c8c7c6c6c8c8c9cacacb
cbcbc8c3c4c4c5c7c8c8c9c6c6cacdd0
d2d4d7d9dadbdfe4e6e7e9ebeaeaecef
f2f5f7f9fafdfefefefefefdfdffffff
fdfdfefffcfdfffefefdfefdfdfdf0ca
c1cee7f8fefbf5e9d5b98e82aedbecf2
f4efe8e4e4e7e0c6a58678767e858c92
98b2e1f5fdfcfafafbfefefefefdfdfc
faf7f5f4eeebf1f1edeeece9e8e9ebec
edece9e8e5e5e5e4e2dfdbd8d5d1cfcc
c8c4c0bcbab6b2afaca9a7a7a7a8abb3
bcc3c6c4c2c4c8c9c1c1c3bfbdbfc1c3
c6cacdcdcac5c1beb9b7b4b3b1adabac
adacacaba2a5aba8a7a6a5a6a7a7a8a8
a8a8a9a9a39b9b9f9e95909291908f8d
8b89898885817d7c7c7c7c7c7a7a7979
78777676757475757473727373737171
73767878767578797b7a77777875716c
68676b6e5e57535551404954545c5e41
3445424f43324e3c415b5a4e58564c59
716d6d6c4f4142545c4a342e47442944
3b442f36506665595f616451527d848d
5e34212124141f312f2a354c94daf6f3
e6dacab2a7b6c1beb7aaa3a8a49d9891
86745a4a453c3f4b4c48454e5c61615d
515a635448494c47301208121e3f5345
3043382730404a422f39332b413d1425
493d1e1a1f1c1f121719200918191417
1c2a2d161418201e2d3e392b293a3c3d
48331c222d3f38362d26344e492b2948
4834244237382d2116161e26271b1414
f5f1ede7e3e1e1e1dfdad8d5d3d2d1cf
ced3d3d0cdcbcac9c8c7c9c9c9cacbcc
cccdcac5c6c6c7c8c9c9cac7c7cbd0d4
d7d8d9d9d9dce0e4e7eaebecebeaecef
f2f4f7f9fafdffffffffffffffffffff
fffffffffffffffffffffffefefefeda
d7dfeefafefbf6f0e3c59181baeefcfd
fefefcf4e9e3d9bc9a7d727172727882
88a4daf3fefcf9f9fafdfefffffffffe
fcf8f6f7f0ecf4f3f0f0efebeaecedef
f0efeceae8e8e8e7e5e1dedad8d4d2ce
c9c4bfbbb8b4b0ada9a7a5a6a8aaaeb8
c1c9cbc8c4c5c9c9c1c0c3c1bfc1c3c5
c9cfd4d4d2ccc8c5bfbbb9b7b4afadaf
b0aeafada2a6adaaa9a7a7a8a8a9aaaa
aaaaadada59b9ca2a19690949392908d
8b89898986807c7b7b7c7c7c7a7a7979
78777676757475767573727374727070
72777a7a7775797a7d7b77777874716d
68676c705a524c52513f4955555f6141
3b4c44583d2d503f43626250585a4b59
7c72706b483c3e535a412a264645294c
3a3c273754696b5e605f6352547d8195
6234202325111e353126324c9adff8f2
e5d8c8b0a7b8c0beb7a7a2a7a49d9790
8673594b453a414f4f47434d5c61625e
515a6251494d4b422e1308141e3b5646
3148372532454f43303f3530413b112b
51421f191d191b0e12181e0517171318
1d2f3619191d221f273c392925383c41
5137131d3140312f2f2a37534f2e2c4d
4c351f4439382a1f1412192427191616
fefdfaf8f6f7f9faf8f3f2f0eeebebec
eeece7e0d8d4d2d4d6d9d6d5d4d2d0cf
cecdcfd2d3d4d6d8dadbdcd7d6d6d6d6
d7d8d9dadee2e9edf0f1f0eeeff0f1f3
f5f7f9fbfcfeffffffffffffffffffff
ffffffffffffffffffffffffffffffff
fff6f0f1f8fdfffef5dbaf9abbe4f8fd
fcf7f6fafdf6e5dcdfb29a867d8297af
bcbbc1e2f6fafcfefdfbfcfcfdfefefd
fcf9f7f6f7f2f7f9f5f7f8f7f5f3f0ef
eff0f1f2f3f3f2f1ede8e3dfdbd9d7d2
cbc4beb9b5b3b2b2b3b6bec9d4dbdede
dbdcdeded6ccc6c2b6b0b1aca4a2a2a5
b0c2d3dbdcdbdbdbd7cfc9cbcdc9bfb4
b0b5babbafabaaa19e9c9da0a4a8abad
aead9e9d948c8e9ba7aba39795939290
8e8d8c898683817f7e7d7c7b7a7a7979
78777777757374757473727374737475
747374767a7c7a7b7f7e7774726f6566
6f6f67544443425a3d373d48525d5f57
5f524f553931444449473e445a636a6f
716362523b202a41361d1e2630473a53
332f3848464c60656167676257889593
6748302a2e152344442b3461b3ecf8ee
e0d3c2aaa2b8bfbdb5a6a1a7a49c968f
84735e5148404247413d41506065665f
5052564d4c4d434d583b11070c32473d
273e3631393f3f32283a332a562c2532
3f311f2129201004092219050c0e0e16
1b2020130d0b29223b4042473929324b
471f1a1e505339384649463f332e393a
170a1737262e221e1f1e1b1a1d171e1e
fefdfaf8f7f8fafbf9f5f4f2f0eeeeef
f0efebe5dedad8dadddedbdad9d7d5d3
d2d1d3d7d7d9dadcdedfe0dcdadadada
dadbdcdee1e4ebeff2f2f1f0f0f2f3f4
f6f8fafbfcffffffffffffffffffffff
fffffffffffffffffffffffffffffffe
fef7f2f3f9fefffef7e2bdaac6e8f9fd
fdf7f4f8f9efdad2d6b19e8d848698ae
babac2e1f6f9fbfefdfbfbfcfdfefefe
fcfaf8f6f8f3f8f9f6f7f8f7f5f3f1f0
f0f1f2f3f3f3f2f0ede8e4e0ddd9d6d2
cdc7c2bebbb9b8b8b9bdc4ced8dee0e0
dededdd8cec4bfbaaea7a9a6a09d9ea4
afbfcfd7d8d7d7d7d7cec6c6c7c3b9ae
a9adb4b8b0aca99d989495989ca0a3a4
a4a49999918a8c98a4a9a29695949290
8e8d8d88868381807e7c7b7a7a7a7979
78777777757374757473727374747575
757474777b7d7b7b7f7d7673716f6768
706e634e4143445c37363e49535c5d57
5c4b4e563e3947494e4a444d5d60666d
6d645c4d3920293f341d2027324b4150
322d3c4e4a4d60645d676a675b899690
674a322d30192545452c3768baeef8ec
dfd3c1a9a2b9bfbdb4a5a2a7a39b968f
8473605248413e433e3d435261656660
5152544b4a4a3f4551401c0d0d31473d
273c3230363d3d322a3c38305628222f
3c352423272012090b2118060b0d0d14
191c1a0f0b0d2923373d404437282d40
3a1b1f264e5239354245433b302d3230
140b1831242b1e1a1c1c19181c181d1d
fefdfbfafbfdfefefefdfcfaf9f9f9f9
f9fafaf7f4f2f1f2f4f5efeeece9e7e4
e2e0e3e8e9eaebedeef0f0eeedebe8e7
e6e8e9eaebeef3f7f9f9f7f5f6f7f8f9
fafbfcfdfdffffffffffffffffffffff
fffffffffffffffffffffffffffffffb
fdfbf7f8fcfffffefefcf1eaeffbfefe
fef6eeefe9d1b2a8b5b0aca9a0989ba8
afb5c7e1f3f6fafefdfafbfbfcfcfdfe
fcfbfcf8fef8fafcf7f5f8f7f4f4f3f2
f3f4f6f7f2f1f0eeece9e6e4e1d6d5d5
d4d3d3d2d2d0cfd1d4d8dde2e6e9e5ea
ece8d8c1aba3a39b8c848a908f8f929e
aab5c0c7c8c7c6c6d6c9b9b2b0ada499
8f8c9caeb2b1a78e7e7676797d808181
807f86888683838c979f9e9695949391
908e8e87858584817e7a797979787878
77777676757475767675747577787978
777576797e817e7c7e7c74706f6e6e73
7368563437444f632434434f58565458
4f324a585259555d64585a6e6c535a64
5d684636312126372d1e2a2b3a5a5c44
2e264e66575161614f68737b6c8e9982
63523d3638252f48492f4282d2f6f5e7
dacfbca5a3babfbcb2a4a2a7a29a958f
8274665749453133343e4e5e67666763
56514c444441342439544726152e473f
2833252a2d32363334434e46571a1827
32433a28221f18191220150b0609090d
110a010104122a282730363a31231a13
0a0e33434550382b3035362c28291a0d
08101b1d1a23120c101311111a1d1919
fefdfcfafbfcfdfefefdfcfbfafbfbfa
f8f9f9f8f7f6f6f7f8f8f5f5f3f1efed
ebeaeceff0f1f1f2f3f4f4f4f2f1efee
eeeff0f1f1f2f6f8f9faf9f8f8f9f9fa
fbfcfcfdfdffffffffffffffffffffff
fffffffffffffffffffffffffffffffb
fdfdfafafdfffefdfdfcf7f2f3fafdfd
fcf6efece4ceb3a6a9a5a4a39f9697a1
a9afbfd0dadbdee4e7e8eff1f1f3f5f6
f8fafcf7fef9fafdfaf6f8f8f6f6f6f5
f5f5f5f6f5f4f2efedeae8e7e4dcdbdb
dcdcdcdcdcdad9dbdee1e3e6e7e8eae6
ded5cab8a69d9b93857e8a979da1a6ab
b0b5babec0bfbdbbc4baaea7a19a9188
817f8c9a9fa39d86787576797b7d7e7d
7c7b8082838181868d9495929291908e
8d8c8c858383827e7b78777777777776
767675757474767776767676787a7a7a
7a7a7b7e8183827f7f7d757273747776
6a5c513237424e5b1e364e5c60575158
54364c5757635f67645a5e6c64495367
655c413834262a372e1f2421365b5946
3b3c5b6959505b5a4c6874797490977e
5e4a34344033394948355095dcf8f3e4
d9ccb9a5a5bbbebbb0a2a2a6a199958e
817367574844323335404e5c66676962
58544f464442392c384d483024354533
2c33242c2d313532374d574e4d251c2b
3338302520180f100c1c140d0508090b
110c0204020c1e282c32313429211a11
0e1425303f482f1e1f2732302b24130a
101a201d21200e0b111514151c1f2424
fefefcfbfbfcfdfefefefefcfcfefefa
f7f7f9fbfcfcfdfdfdfdfefefdfcfbfa
f8f8f9fafafafafafafafafcfbfaf9f9
f9fafbfcf9f9fafafbfcfcfdfcfcfcfc
fdfdfdfdfdffffffffffffffffffffff
fffffffffffffffffffffffffffffffa
fdfffefefffffefdfcfbfefefaf9fdfc
f9f6f0e8dccbb6a49995989b9d959199
a0a7b4b8b8b5b7bfc8cfdee2e3e5e9ed
f2f8fdf7fffafcfefdf9f9faf9fafbf9
f9f6f5f4f9f9f5f2efecebeae9e4e4e5
e7e8e9eaebe9e8eaecededece9e8f2e2
cabcb6ac9e9491887b7689a3b2bac2be
b8b4b2b3b5b4b1acaaa69f968b807770
6d6d747f848f8f7c71747879797a7a79
7776787b7e7f7e7d7f848a8e8e8d8c8b
8a8a898281807e7b7774747575757574
7474747474757778787778797b7d7c7d
7e81848585868883807e78767a7d837a
5e4b492e373f4e50153b5e6f6c594e58
5b3b4e575e716d74665e656a5a3b496a
714a3b3a392e2f382f211d13305d5648
4e5d6f6e5c5153504669777780929678
583d27324c47494a463f66b1e9faf0e1
d6c9b6a4a9bdbebbaea1a2a6a099958e
7f7269594643333436424f5b64696e62
5c595348454541373744493d3a3f4421
3235242f2d3034303b5c645940352131
362820221f0f02020416120f0308090a
130f040800020d2833362c2c1d1e1a0e
141d1014363e220d08142b372f1c0807
1c27281d2b1d0a0a1117191a1f213535
fffffdfcfcfcfcfdfdfefdfcfbfcfdfd
fbfbfcfcfdfdfdfdfdfefdfdfdfdfcfc
fbfbfcfcfcfcfcfcfcfcfcfbfbfcfcfc
fdfdfdfdfbfbfcfbfcfdfdfdfdfdfdfd
fdfcfcfcfcfeffffffffffffffffffff
fffffffffffffffffffffffffffffffd
fefffffffdfdfdfefdfbfefefafafdfd
f3f0f0eae2d9cdb8a49a969396938f94
96949493949595969ca3a9abadb2b9c2
ccd8e3f6fef5f6fcf8f0eceae7e8e9e9
e9ebeef0f2f2f2f0f0efeeededededed
edececececeae9e9e8e8e9e9e8e9eddf
cfcbc9bca595918f837d8da6b2b6bab9
b5b1aeafb0aea7a1a0a09b918478716f
6f6d6d6f6f7a7f746f70717173747475
74757676777979787b7e838686858484
8484837e7c7b7874706f717272727272
72727272737476777878797a7c7c7e82
86898b8a88868782807f7a7b7e818672
4838483a414658572e506a706a5b4f54
655259595a6766644e4c4c413a2f3951
4b264049462d2c2e2216121735624953
475c6f675a5352535165667282919373
553e2c364b4444433d3f70beedf8ecdf
d4c5b1a3adbebebaaa9ea2a59f98958e
7d6f6859443e343a3f4950575e656d62
5c5a554a42414344403f463f313b3e21
3d3620241e23303542584e3b32413638
2c21212a27150c081320141103080d0e
1818090a16191e1b2e313433201b160f
15190d1f4040261611182a31261a1a1d
1b132021261a0d101313171d22233737
fffffefdfcfcfcfcfdfefdfcfbfbfdff
fefefdfdfdfdfdfdfdfefdfdfdfdfdfd
fdfefefefefefefefefefefbfbfdfefe
fffefffefdfcfdfcfdfdfdfdfdfdfdfd
fdfcfcfcfbfeffffffffffffffffffff
ffffffffffffffffffffffffffffffff
fffffffffdfbfdfffdfbfefefafbfdfe
f0edefebe5e2dbc5ac9d958e92928e90
9088807c7f82807d818989898c939da8
b5c4d4f5fef3f2fbf6ece5e0dcdddedf
e0e4eaeeeeeff0f0f0f1f0eff0f3f2f2
f1efeeeeedebeae8e7e6e6e7e8e9ebdd
d3d5d5c5aa95919388818fa7b2b4b5b6
b3afacacadaaa29a9a9d9a8f7f736e6e
706e6966636d756f6e6d6d6e6f707172
7374757374767676787b7f8181818080
80807f7b797874706d6d6f7170707071
71717171727476777878797b7d7c7f85
8b8f908e8a878782807f7c7e8283876e
3b2c4741474b5e5c3d5d7171695d4f52
6b60605a5862625b40423d2827283042
350f44524d2c2a281a100c1a3865425b
445c6f635955525457645c7083919270
543e2f394a43423f383f77c6f0f7ebdf
d4c3aea2b0bfbeb9a99da2a59e98968e
7c6e685a433b363e444d51545a636d61
5d5b574b403f444d463d44412c393c22
44371e1d141c2e394755412a2948423c
261d222f2c19120c1c26161204091011
1c1e0d0b242628132b2e3a3722191410
16180b254742291b161a292e2018252b
1b081c2323190f141511151e24243939
fdfdfcfcfcfcfcfcfaf6f6f3ebe2e2ea
f3f8fbfcfdfdfcfcfdfdfbfbfbfbfbfb
fbfbfbfcfcfcfdfefefffefbfcfefefe
fffefefcfbfdfdfefefdfcfbfcfefdfd
fdfcfbfbfbfeffffffffffffffffffff
fffffffffffffffffffffffffffffffc
f9fafefffdfbfdfefaf5f8fdfaf9fbf8
f9fbfbfbf7efe2cebdafaba29f989ab1
c9be9a93949791898c918f8b8988898a
8d96a4d1dad6e0f2fafbf8f2ece6ddd1
c7c3c4c6d7dee4eaeef0f0eeeef0efef
edececebeae9e9e9e9e9eaeaebebe7e6
e4dfd2bdaeb1bdc5c0b5b4bbb7ada7a9
a9a7a5a39f9b989597968f81736a686a
6b6b6b6c696c6e686a666566686a6b6c
6c6c6d6c6c6e70717273757676767677
7777777674726e6a69696c6e6e6e6e6f
6f707070717274767778797c7d7b828c
92928e8b8988838182818082817b7559
3230545855525e454a636b626367594b
586666665e575440364d452427302e30
19323a363e44442d1108102e3a3c3d64
4c6961555c5d51505b6159727e8e8e67
4d43414847353a45414d8bd6f3f4e8dd
d0bca89eb2c0bdb8a69aa1a59d98968e
7c6c645a44322b3a475052545a636c63
5d57534b3d363a332836524d34384c45
45342a2d212435404c583f28433b4840
2d25252c2b23281b1c14211e0d131c18
140d050f232929222f2527161f221f1e
1c232d373b3b2f25120911191a1f292c
150b2224171c1b2621161829393b3333
fdfdfcfcfcfcfcfcf9f5f5f2e8dddce5
f0f6fafcfcfcfcfcfcfcfbfbfbfbfbfb
fbfbfbfbfcfcfdfefefffefcfcfefefe
fefefdfcfbfdfdfefefdfcfbfcfefdfd
fdfcfbfbfbfeffffffffffffffffffff
fffffffffffffffffffffffffffffffb
f8fafdfffdfbfcfefaf4f7fdfaf9fbf7
fbfdfefefbf2e3d0c2b4b2a9a49b9db8
d5c9a199999b938b8e93908c88878684
858d9ac8d1cedaedf8fbf9f5efe8ded0
c5bebec1d3dbe2e9eef1f0eeeef0efee
edecebeae9e9e9e9e9eaebebecece7e8
e7e0d1bdb1b8c7d0cdc1bcbfb8aca5a6
a7a6a3a09c98969497958d7f71696869
6a6a6c6e6a6c6d676965646567696a6b
6b6b6b6b6b6c6e6f7071727474747475
7575757573706c6968696b6d6e6e6e6f
6f707070717274767778797c7e7c838d
93938e8a888883818282818280797055
3132575d57535d414d646a5f62685a49
546867686056513a344e452327322d2d
143938323c49492e110912333c343e65
4e6b5d525c5e504e5c6159727e8d8d66
4b43444a46313947435190daf4f3e7dc
cfbba69eb2c1bdb8a59aa2a59d97968d
7c6b645b4430293a475051535b646c63
5d56524b3d35392e2134544f37384f4c
46342c2f232536414d583e2949374840
2f27262d2c272e1e1d1125211116201b
130a040f232a29252f2324101f242122
1f27353a393a302611050d171a20292c
140e2424161d1e2a25181a2c3e413333
fefefffffffffffffefbf9f1e5d7d2d6
dde4e9eff3f3f1f0f1f4fcfcfcfcfcfc
fcfcfcfcfcfcfdfdfefefeffffffffff
fffffffefbfcfdfefefefdfcfdfefefe
fdfdfcfcfcffffffffffffffffffffff
ffffffffffffffffffffffffffffffff
fffdfcfcfdfefffffefcfafbfbfcfeff
fcf8f9fcfbf0e1dadcc5d5d8d5c5bdc7
d0c8b9ab9e928689969e918b8c8f9291
9298a1a6a8a2a8b2bcc4c3d8f5f8f9f9
f6f1f0f1edeef1f4f5f5f3f0f0f3f2f0
edebe9e7e5e7eaeceeefefeeedecf3f0
e0d1ccd1d9e0e2dfe7e1cfc7bdb3b0a7
9f9c96918e8e919490918f8b87847e76
706f727571706f696d69676b6e6f6e6c
686565686a6b6a6a6968696c6c6c6d6e
6f6f7071706d6b6a6b6b6c6c6e6e6f6f
70717172727476787a7b7d808382878d
8e8a848182848383827f7e8077675246
454f6467584d45405a6d74615b573f3c
5c6d666c695b51372b3c3a272a313c49
3a413850545235253436284e5631675c
505a464a4d4239425a66676881918c6a
422c303f3a2233484565ade6f6f0e1d7
c9b4a19cb4c3bdb7a298a1a49c97958d
7c6a615f492b27373d3f404b5d6a6f60
605955544b4344301725495259404c52
4c2b252417152636424e473e5222262f
3b3030414d4d42251d203e3f3630352e
1a0e0a04122522281a1e361e24262730
3b50461f34332c230b02193333231d21
224243302727273c4238343e505a4949
fefefffffffffffefdfcf9f4ebe1dde0
e5e9edf1f3f2f1f0f3f6fcfcfcfcfcfc
fcfdfdfdfdfdfdfdfefefdfffffefefe
fefffffefcfcfcfdfdfdfdfdfdfefefe
fdfdfcfcfcfeffffffffffffffffffff
fffffffffffffffffffffffffffffffe
fffefdfdfdfefffefdfcfbfcfcfcfefe
fbf8f9fcfbf3e7e2e4d2dfdeddd3cdd2
cfc0b4a99f93878994998f8b8d919391
90959da1a19b9fa7b0b9b9c6dee6eef4
f6f4f3f4f1f2f4f6f7f7f5f4f3f3f3f1
eeedeae8e7e8e9e9eaeae9e8e7e6ebeb
deccc3c6cdd3d6d5e0dac6bcb3ababa3
9b97918b8888898b898a89878584807a
737173767373716a6c68676b6f71706d
686565686a6a696a6a696a6b6b6b6c6d
6e6f6f706f6d6c6b6c6c6c6c6e6e6f6f
707171727375777a7b7d7f818485888c
8c87827f808280807e7a797a72604f48
4a525f6459544c495e6c74625c594547
616d656c6b5d5035283434282e34404b
38423c51524d382d37362e5058396c59
4f57454b493b394960645f6684928a6c
432a304139243649456bb6eaf6eee0d6
c8b3a19cb5c3bdb7a297a1a49c97958c
7d6a605f4a2b26363c3d3f4b5d676b5f
615b56554c44453119284a5456383f52
4d2824251a182737404b46414d28252f
3e34303942453e261c2134362e262925
150d0b060f1f262c201e36211f21272d
374e4427302c24200d061b302e222226
2245422e292824383e3530394b574444
fefefffffffefdfdfefefdfcfcfeffff
fffbf9f8f5f0eef1f7fdfbfbfcfcfdfe
fefffffffffffffefdfcfcfefefdfbfb
fcfefffefefdfbfafbfcfdffffffffff
fefdfdfdfdffffffffffffffffffffff
fffffffffffffffffffffffffffffff9
fdfffffffffffdfafafdfffffffefcfd
faf8fafdfefbf8fbfffafcf3f7fdfef3
ceaba4a3a1978a8b8f8b8b8c8f949590
8b8d94928e8785868c9899949ab2cfe8
f7fdfefefefefefdfdfcfcfdfdf6f5f4
f2f1efeeedeae7e3dfdad7d6d6d6d3de
d7bfa9a3a8aeb1b7c9c5ac9d96969d99
90887f79767472717477787a80868884
7d76777b7a7c786c6a66676d74777671
6a66666b6d6a68696c6e6c68696a6b6c
6d6e6e706f6d6e6f706f6d6b6f707071
7273737476797b7d7f818386898c8b88
847f7c7b7c7c7a79746b686a604c444f
5b5952595d6861666b6b7666615f5768
6f6e626b72624d30201e212c383c4e51
314548574d4142463f353d575d517d52
4f5044503d283a5c706048628e948372
45233247382a414e467fd2f7f8ecdcd2
c4b1a19eb7c4bcb7a196a1a49b96948c
7d6b60624f2a25343a3a3d4b5b5f5f5e
6661585750494935222f4f5c4d201a51
4e22212621202b383d4245483e372131
4842301f1f2f33281b22161c1707070a
060a10090810323a331c342c12152626
2a463d3e24160e16141421241e223034
254c3f2a2e2a1d2b332c252a3e4f3737
fdfdfefefefefdfdfdfefefdfcfdffff
fdfbfafaf9f6f5f7fafcfcfdfdfdfefe
fefefefdfdfefefdfdfcfdfefefdfbfb
fdfefefefcfcfbfafafafbfcfdfefefe
fdfdfdfdfdfffffefefffffffefdfefe
fffefefefffffefefefefefefefefefc
fefffffefefefefcfbfcfffffefefdfe
fcfbfcfefefdfafafffcfbf7fafcfdf7
e4cdc0b2a89e8f888a8a898988898b8a
8685888a88848383879196949bb6d9f2
f9fdfefefefefefdfdfdfdfcfbf9f8f8
f7f6f4f1efece7e3ddd9d6d6d4cec2c1
bfb4a8a3a3a2a4a9b2b09e96938e919a
988b7e75727171717980848586898884
7e78797d7c7a756e6d6a6a6c70747370
6c6a6c6d6c6a6a6c6c6b696868696969
6a6b6c6d6d6d6e6f706f6e6d706f6f71
7374747374797e808282878586888785
827e7a78797c7c766e5e5f5f5d575356
5f605660695e6760635b635f6361545e
666262696e60402020353c3c4546515b
4346504d4b47494c4439445b4f46694a
5251464a41374862675e526d8a95816b
45282a3a382d3f4c4c88dbf6f6e9dcd1
c1ac9d9fb8c3bbb59d94a1a29995938a
7d6d5e5a4e2f2a333e3b39495b5e605f
675b5459534b4e41333a53614b1e1f4a
3d2223292e27212d3d3b3f413934303e
433a2514141e201a10140d110e050408
07111e140b10303e30171f211014211f
24392b2e1d1412241a14272b23293434
25363736343023272a26242c3d443434
fdfdfdfdfdfdfdfdfdfdfffffcfcfffe
fcfbfcfefefdfdfefefcfeffffffffff
fffefdfbfbfcfefcfefdfefefefdfbfc
fefefdfdfafbfcfbf9f7f8f9fbfcfcfd
fdfcfdfdfdfffffefefffffffdfbfdfe
fffefdfdfefffefdfdfdfdfdfdfdfdff
fffffefdfdfefffefdfcfffffdffffff
fffffffffefffdf9fffefbfdfefdfcfd
fdf6e1c3b1a7968585898786817d7f83
817b7a818182817f828992959ebce5fd
fcfcfefefefefefdfefffefcf9fcfcfd
fdfdf9f5f2eee9e2dcd7d5d6d1c4afa0
a2a8a8a49c95969998988f8e8f86839b
a2907d716d6e70717f8c93928e8c8a86
7f7a7c7f7f78726f70706d6a6c70706f
6e6f736f6b6c6d6f6d69676868686766
67696b6a6b6d6e6f706f6e6e726f6e71
747676737279828385838c8583828181
7f7c7874757c7f73684f55535a65655f
656a5a6976536f585a494c5666634f53
5d5461686b5e300d20505b4e54525467
59485a414a4e5253493f4d5f3d3a5242
57534843454958685b5c5f7985967e63
452d212c39323c4a5293e7f5f4e6ddd1
bea79aa2bac1b9b29993a0a09894928a
7e705c524e353133433c34465b5d6160
6955505d564e535046465868481c2642
2a23252d3e2f14213d3339393430424e
3c30180607090a0a0304020303020206
07192e210f102e432d1107140d131c18
1c2a181b1611173421142f3429303934
261d2e453b372a22201f22303c393131
fdfdfdfdfdfdfdfdfdfdfffefcfcfefe
fbfcfbfbfdfefefdfbf9f6e8dee1eaf0
f3f8fcfcf8f4f8f7fdfdf9fbfdfdfcfc
fcfdfdfefdfdf7f0ece9e8e7e5e2e2e2
e1e0e0dfdfdad7d3d3d6dbdfe0e3eef3
fbfefefefbf8fbfdfdfdfdfdfdfdfdfc
fefffffefefefffefcfcfefefefefefd
fdfcfdfefefffef9fcfefdfdfdfcfcfc
fcf9f3eae2d5c2b4a7998d87827c7977
75777b77787b7e7e7e80858a93abcde0
dddee7ebf7fcfefefdfdfcfbfbfbfbfc
fcfcfaf8f7f6f6f4f0e6dad4cfc8bbb7
c1ccd0c9b59d8f8582817e8a9a9ea4b6
baac9e948f8e8c8a80878e939ba6adad
a0887f797976706c6d6d6b686a6c6d6d
6e706f6c696768696969686767676767
68696a69696a6a6b6c6d6d6e72717172
7476767675777c7d817b7f7b8282807d
7a797a7979797988644e48555e696a6b
6c666567584c58565c47464b55575158
635c6c6b5a44200c29575f514c403d4f
4f364c39515048493e303e484c45515c
4d4d4f51626b6b6b5a5c6d74838b776e
5a3b252838414e4d55a2effaf3e5dcd0
bba498a2bbc1b8b19892a0a099949289
7d726154493129314549454d5c656965
645351565250514a3f405560421f1d2e
19181b1f231a11233d323a3b37354146
34210e0303060d11080d080604080609
1327301f141e3c3f1e122025302a1e1a
2127112a272d232e24192a2c25292d36
392a30473e392e2b2e2a2329363b3232
fdfdfdfdfdfdfdfdfdfdfffffcfcfefe
fcfdfafafdfffffdfbf8f2ddcdd2e0e9
edf5fcfdf7f0f5f5fdfdf7fafcfdfdfd
fcfcfdfefefef4ebe6e3e1dfdad6d6d5
d4d3d2d1d1c8c3bebec3cad0d3d8e6ee
f9fffffffaf5f9fdfdfdfdfdfdfdfdfb
fefffffffffffffefdfcfdfefefefdfc
fcfafcfefefffefafbfefefdfcfbfcfc
fbfbfdfefaecd7cab8a19088827c7671
6f757b7374787c7e7c7c80848da3c1d2
cecfdce2f3fbfefefefcfafcfdfbfbfb
fbfcfbfaf9fbfcfdfaeeddd4cfcac2c3
d0dde4dcc2a18b7c787676899faab4c3
c6baaea5a09d9a9781858c94a2b3bec0
b08f817676756f6b6c6c6a67686b6c6c
6d716d6a676565666869686667676767
68696a68686969696b6c6d6e72727273
747577787777797a7f78787782817f7b
77787b7c7a787692634e4257616a6d72
70646a674a494d555d4742464d52525b
6661716c5238180b2e5a615249373243
4a2d4535555144453828373d534a516a
494a5259707b746d5a5c757283867373
644226263849584f57aaf2fdf3e5dccf
baa298a3bcc0b8b09893a1a199959189
7d736355472f2530454f4e505d6a6d68
6253515351514f483b3e545c40201925
1113171816100f253c323b3d39384143
301a0a0301050f150b110b08050c080a
192d321f1624433d16122d2e42361f1b
23250d312f3b292b261c272824262637
423031483f3b3130352f2425343c3232
fdfdfdfdfdfdfdfdfcfbfdfdfcfcfefe
fcf9ece2dfdacbb7aaa5a4aaaeaaa298
98a3afb9c9dae1d1cdd3d5dce1eaf0ee
ebf2fcfdfcfefdfcfbfbf9f7f7f8f5ef
e9e3dcd7d5c1b9b2aeafb3b7babcc3d0
e3f5fefffefefdfdfdfdfdfdfdfdfdfe
fffefefefdfefefefdfdfafafffffdfd
fefdfefefcfcfffefbfcf8f2eae3e2e2
dedbe1eef3edeaf3ecd7cab095857c76
7473727773747a7b78777b7d7a7c878e
86838c9297a2b2c9e3f5fdfcf7fefdfd
fcfcfcfcfcf9f7f6f0e1d1ced6dbe3e6
eaebede9d4b9b0b9b8b6b4bdc8cacdcf
cfcecdcccac5beb8b2b0aeb0bcccd7d9
d6cebcb1b5b5aba09e84746e6863605f
62666466686866646363656767666666
686a6b6a6a6a6b6d6e6f707172737471
6f6f7275736f6e6d726d707179787a7b
7a7b7d7a736965736c3e464c4d616c6b
5f5866532f42375159413c4348586c6e
646372633819090e36504b423f3a3b48
553e253c4a3a2e2319213c48517a656a
3a4340445d6b6b6d55445f6c89846c71
65483438444b53496cd1fbf9ede2d9cb
b49d95a5bec0b6ad9592a1a098939189
7a6f6454473b2f3845514f4853696c68
5c5557504d4c3e31252c474c3d362a28
2d2426161419242f3133382b1d191915
0a040302000718211621351605121a28
3c3f35332c3138220b214f3f3a352d22
18232922293f2a2835352e1d1313152a
3e3229332f2f1b1627343635383a3434
fdfdfdfdfdfdfdfdfcfbfdfdfcfcfefe
fcf9eaded9d3c2ada09b9aa3a8a3988d
8d97a2abbbcdd4c5bfc5c8cfd5e0e9e7
e4ebf4f5f7fafcfefefefdfbfbfdf9f4
eee7e1dbd9c6beb7b3b4b7bbbdbfc3d1
e3f5fefffffffefdfdfdfdfdfdfdfdfe
fffefefdfdfdfefefdfdfafafffffdfe
fffefefefcfcfffefbfcf8f1e7e0dfdf
dbd7ddeaefeaebf6f2dfd5bb9f8f847b
787673797474797a77777c7d78767e83
7c7981868b95a8c2def4fdfcf7fefdfd
fcfcfcfcfcf9f7f5efe0d1cfd8dee6ea
eae9eae8d7c0bac6c5c4c0c8d0d0d2d1
d1d1d2d2d0cac3bebab8b4b5bfced9db
dad6c4bbbfc0b6aba88d7c766f696463
656866696c6c6a676463656867666666
686a6b6a6a6b6c6d6e6f707172737471
6e6e7175726e6d6c706b707177767a7b
7b7c7c797167636c683e4849495f6c69
5c55634e2b40344f58403c454a5b7271
6363726235160810394e463e3d3c3f4a
5542213c4734291d14203b4a527a6469
36413e425b68696d55415b6b89836c72
674a393d464b524973d8fbf8ece1d9ca
b29b95a5bec0b6ad9492a1a098939189
796d6454483f333b45504e4652686c69
5c5557504d4d3e2f2228414638382f2b
31292b19141a26302f3236271714130f
05030504010719221924391705141e2d
424437352f31331c0a23513e36332d22
17222c1f273d2a29383a301c10101226
3b3329312e2e19132434373636373333
fcfcfcfcfcfcfcfcfcfbfbfcfcfcfdfd
fdfcead6c9beb1a7a6a8959e9a908c8e
8d88857c6c6974786e7270717c99b3b8
b1b0b0adc1d3edfcfefefdfefdfcfcfd
fefefefefefefffffffffffffffefafd
fffffffdfcfbfcfdfdfdfdfdfdfdfdfd
fdfdfefffffffffffffffefbfffffeff
fffdfefffdfafdfffffefbf6ece5e6e7
e2dcd9d4d0ced4e0e6e6f0ece7dfc8aa
97928b877b747675747b8a8c7c6e6c75
78787b7d8697aabcd3ecfcfdfdfefefd
fcfbf9f9f8fafaf7f2e9e0dddfdddada
cec2c4ced8e3efeef3f4eeeae7e3e3de
dadadad8d5cfc9c5cbcac6c1bfc3c8ca
cbcdc8cbd5dad4d0cfc5c0bdb7ada095
8e8b878d93969186796d6b6e6b686667
696b6d6a6a6c6e6f707171717373726e
6b6a6d706f6d6e6b6d6d7b7770747a7c
7c79736f6d665c543a4e52363f5d6f61
4d504c2e2639304a513e475d616e8579
6567725e39221a224849322c384d5a59
52542133371d180f0e2030526642415e
253742505c5d636d553b536d8883737a
705e55534a414c5798f0f4f4e5ddd5c5
ac9694a8c0bfb4a89292a2a099949189
75655e534f594e4b47443e3f546b6e6f
6354504e545b5440271b1c16132f4a40
324445301614202623202413080d0b09
0718201a0f0d1921223223100a212a38
4e56442f30260f030a25381f21221615
1e1c1d161d2e2a30444d3c1c06060c15
25373632383a2218212b2f2b20172020
fbfbfbfbfbfbfbfbfbfbfafbfcfcfdfd
fdfcf0e1d9d1c8c0bfc1b4b7aea09a9a
999792887b7476786d75767a86a2bdc4
c0c0c0bbc6d7edfbfcfcfcfdfcfbfbfc
fcfdfdfdfdfdfdfefffffffffefefcfd
fefdfdfcfcfcfdfdfdfdfdfdfdfdfdfd
fdfdfefffffffefdfdfefefcfffefdfe
fefcfdfefdfafcfffffdfcf8f1ecedee
e9e3e3dfdcdce0e7ecedf4f0ece8d8c2
b4aa9b8d817a7a78777f8d9791817c81
83807f7f839cbacfdff1fcfdfcfdfcfb
f9f7f4f1f0efece7e1dcd6d5d6d4cfd2
ccc5c7cdd0d9e5e7eef1edebe8e4e4e2
dfdfdedcdad7d2d0d0d0cdc8c6c8cbcd
cdcbc9cad1d4d1cecec8c5c3beb5aba3
9d9b979ba0a19c9081736e6f6c696869
6b6b6c6b6b6c6e6f7071727272716f6d
6a6a6c6f6f6d6d6b6d6b7670696b6e6f
706e68666866634b37484a3a435f6f63
54554e312b3d354d54444e62636c7c6e
5d616b5c412f26284747332f394d5856
49532e3435231a1415243b5b6c4d4758
253b4a58605d5e63544860738782767c
6e5a4d4945415161a1f1f2f5e4dcd3c2
a99594a9c0bfb3a79092a29f99949088
74645f54505b4e4a47403a41586c6e6c
65555253585c54402a1f1f1a162f4b38
3644422a191b23241e1c1f0f060b0906
061c23180e0a121b21321d0d081c2838
484d403134280e030e28342222221818
20231f171c2f2f32434b3c220e090b10
1f30302c3434221d23272928211c2d2d
fbfbfbfbfbfbfbfbfbfaf9fafbfcfcfd
fefefcfdfefefefdfcfafcf2dcc6bab6
b6b9b2a59d8d7c796b7e838e9cb8d5e1
e3e6e6dcd3dfeff7f8f7f9fcfbf9f9f9
f9fafafafafafbfcfefffffffdfdffff
fdfaf9fbfefffefdfdfdfdfdfdfdfdfc
fcfdfefffffefcfafafefffffffdfcfe
fcfafbfdfefcfcfffffbfefefdfcfdfe
f9f6fafafafcfcfafbfdfef9f9fcfefc
f5e2c19c9087837f7d8697b3c0aba0a0
9c9288847caae1f9fcfbfcfcf9faf8f7
f4eee7e0dcd5cbc1bcbcbfc3c3beb5c0
c6cacfcac0c1cdd8e4e9ebece9e7e7eb
eceae7e6e6e8e9eadcdfdfdbd6d3d3d4
d1c8cacac8c8c9cbccced0d0cecac5c2
c1c0bdbdbebcb6a7948276706f6e6e6f
6f6d6b6d6e6e6e6e707273746f6d6a68
68696b6e6e6c6b6c6f6669605a565351
55554f515c6574362f393a434b667169
64635338364842545b505e6f68656954
4a535b57534f4138474337383d4e544f
34524d372f301e1f252c54717b68564a
24445c6c6a5d524b5066808385807e80
6a513a333b425e79b6f3edf7e2dad0bc
a39295acc2beb2a38d92a29f99959086
7263615953614d4847393246636f6d64
6859555f625e5541302825241c304f27
4044391c202b2b211112140502080301
022629160a04030d2034110505122439
3c3938363d2e0c02192f2c2823201f1f
2634271b1a313b3640473c3021100a07
0f20231f2a262229281e1b23252a4d4d
fbfbfbfbfbfbfbfbfaf9f9f9fbfcfcfc
fdfdfcfcfcfbfbfdfdfcfdf8ede2d4c2
b6b8bfc4c7b4989e9cb8bdc6cedceaef
f0f2f2ece8eef4f8f8f8f9fbf9f6f7f8
fafbfcfcfcfcfdfefffffffefdfdffff
fefcfafbfdfffefdfdfdfdfdfdfdfdfd
fdfcfcfdfefefcf8f3f7fcfffffefeff
fefcfcfdfdfdfcfefffcfefdf7ece2d8
cccddfedf7fbfdfcfbfdfcfbfbfcf7ee
e7dac3a99e96918b858996a8aea29ea3
a5a09d9d93b8e4f7f9fafcfcfafaf8f7
f4eee5ded8d0c3b7afacabacaca8a4ac
b0b9c4c5c3cbd8dfe8e9ecf0edeae6e8
eaeaebeceeefeeede8e9e6e2ddd9d5d3
cec7c7c3bdbbbbbbb9b8b9bbbbbab9b9
bbbab0adaaa7a1968778717070717375
75716d706f6e6d6c6d7073746a696766
66686a6c6d6b676a6d5c534c4d4e463b
3c3e3e495f6b6e3d232d2c425963686f
6b5848322e4e4c545b535b6360606153
5b646561625740314549433f383c4352
3c434c3127282026262b5569736e6334
2c3f535c58554d3f4a636c7d83817e72
5037262737425c7dbff7f1f2dfd8ccb8
a09197aec2beb1a18c92a29f99959085
7265665e515744464b3d384e686e6c66
6a564e5a5f5c544031272121192a4b20
2c352a1311171b19161d190602070203
0a1f1b0c060202081928220f040a1c31
2c222a34392e10010e232325181b2625
24332f16163847383a3c31303323100f
191e1f222a29262a2417162123233535
fbfbfbfbfbfbfbfbfaf9f8f8fbfcfcfc
fdfcfcfdfbf8f8fdfefefefdfefeedcd
b7b8cbe3efd9b4c1cbeff5fcfefefefd
fcfdfefcfdfcfaf9f9f9fafbf7f4f6f8
fbfdfefefefefffffffffffefdfdffff
fffefcfcfdfefefdfdfdfdfdfdfdfdff
fefbfafbfdfefcf6ecf1faffffffffff
fffffefdfdfdfcfefffefefcf0dcc8b5
a2a5c6e0f4fbfefefcfdfbfdfefcf0e0
dad3c5b5aca59f958d8c949d9d999ca6
aeaeb1b5a8c5e8f6f7f8fcfcfbfbf9f8
f4ede4dcd5cabcaea39c989696939399
9ca9b9c1c7d4e2e6eceaeef4f1ece5e6
e9ebeef2f5f6f3f0f4f2eee9e4ded7d1
cbc5c4bdb3aeaeaca7a3a3a7a8aaadb2
b5b5a39e98938e867a6f6c707174787b
7a746f72716e6b6a6b6f737466656463
6566696b6c6a65686b513e3841473926
24282d426371684317211f4166615f74
724e3d2d265356555c565858585c5a53
6c746f6b71603e2c424f4f47332c3255
45354c2c1f20232d282b56636c75701f
353b4b4d484e48344460587881827d65
381f131c34415a82c8fbf4ecdcd7cab3
9c9098b1c2beb09e8a93a39f99969084
72676a644f4d3b444e413d566c6c6a69
6c5347555d5a534032271d1e16254719
18271c0a02050c121c271e0702060206
111a0e0301010205121d321804021529
1d0d1c33362e140104171b220f162c2a
22333711113f523b3532263144351617
221c1b252b2d292b2110111f221d1e1e
fafafafafafafafafaf8f7f7fbfcfbfc
fdfaf8fafaf9f9fdfdfbfdf7f8fcf8e1
bfa8a3b9ddd6b1bfbfeafafdfefdfcfc
fcfcfbfbfefdfbfafafaf9f8f5f3f4f5
f7f9fafafbfcfdfcfcfbfafbfcfcfbfc
fefefcfbfafafcfdfdfdfdfdfdfdfdff
fefbfbfdfefefef3dbd9e3ebe9edeee6
e6f5fffdfbfdfbfefffcfcfcf3e3d1c3
b6bad2eaf8fbfcfcfafafcfdfcf8f3ed
e3d4c4cac1b9b5afa8a5a7a7a3a09fa1
a19e9ea2a2adbac4ceddedf8fcfbfbfb
faf8f4f0edebe6e1dfddd9d5d4d1d0cf
c8c9cccccfd7e1f1f2eaebf3f4f5f2f3
f5f5f5f7f6f2eae4e1dcd4cdc7c0b9b3
aeaaabaaa7a6a7a6a3a3a7acafb1b2b0
aba59a96908b87817a74707171757a7f
807d797675737270717274746a6b6c6c
6a6a6c6e71716d6c664637363e3d3937
40464551666857352b171f3c5b575869
6a55493b334e484d59574f47566b665b
6b746b696c4e303247565e5a45342e52
3233312a1e27303d3c3036445742463a
4238524a373a392c3d4b42647d7c725c
2f1b1b23323e538bd7faf8e5dad6c6ae
99919bb3c1bdaf9b8893a49f99989183
716568644b414051544b4e616d6c6960
6052515e67614e3d31241c1e1c2c441c
17160e0504071116151f1505070f0e17
241a12110e0a08080b0b23282118110f
0b11222823221a060206090b11222d36
3923241b123c593f312b191c2c240c15
231b202f3432241f150b1222231f1c1c
fafafafafafafafaf9f7f6f7fbfcfbfc
fdf9f7f9fafafafdfdfafdf5f6fcfde9
c3a293a9d7d5b0bfbbe8fbfefefcfbfb
fcfcfbfbfefdfbfafbfbf9f7f4f3f3f5
f6f7f8f9fafcfcfbfaf9f9fafbfbf9fb
fefefcfaf9f9fbfdfdfdfdfdfdfdfdff
fefcfbfdfffffff2d4d0dae4e1e6e8dd
ddf2fffdfbfcfcfefffbfcfcf5e6d5c9
bec1d7eefafbfcfbf9fafdfdfbf7f5f1
e7d4c4d2c9c2beb8b2aeaeaba6a3a09f
9d98969aa0a4a9b1bed2e7f6fdfbfcfc
fcfcfaf9f7f8f7f5f6f6f2eeece9e8e4
dad5d4d1d2d8e1f5f5eaeaf2f6f9f7f8
f9f9f8f9f7f1e7dfdad3cac1bbb5aea8
a39fa1a3a3a3a5a4a2a3a8aeb2b4b3af
a79f96928d8884807b76727172757b81
83807d7876757473737374746c6e706f
6d6b6d707373706e644234353d3a3a3d
4b514f576765512f33131f3a57535565
67584e40394c424a58574b4156706a5e
6b7469686b472a35495964614d372d51
2b33262a1e293643443229384f2f3644
48385549313334293a43395c7b796e58
2c1a1e26323c518fdefafae2d9d6c5ac
98919db5c1bdaf9a8793a49f99999282
716567654a3c4256574f55656e6c685d
5b5255626b644b3c32231c1e1e2f441e
170f090305081218131c12040913131e
2c1b1316140d0a0909041e2f2d200f05
041225241c1e1c080100020212272e3b
421d1c1f123b5c4130281413241e0815
231a22333834221a110a132324201b1b
fafafafafafafafaf9f7f5f7fbfcfbfc
fdfdfcfbfbfcfdfdfdfbf9fdfdf7f8fa
f8f0e5e1dcb8a3dbd9eff9fbfcfaf7f9
fcfcfbfcf9fbfbfaf8f5f4f3f2f0f2f4
f6f9fbfdfdfefefefefdfcfbfbfcfefe
fefefdfcfcfdfdfdfdfdfdfdfdfdfdfc
fcfdfefef8ecdfceb3a2a3a8a0a5a797
9dcaf2fdfdfefdfdfefefefefdfbf8f9
faf9fafbfbfcfefcfcfdfdfcf9f3eee7
dbd1ccb5aca5a4a9aeafafaaa39e9693
918f8c8e8d8e93999b9eaec9e5fbfafa
fafafafafafcfbfafafcfaf8fafaf7f8
f6f7f5f2f4f5eeeaf3f0f7fdfcfcf7ef
e6dfd9dadee1e2e1cdc4bbb3ada9a7a6
a4a1a2a5a8a5a2a4aaabaaa8a4a2a4a8
a7a4a0a09f9a948c847e787472737881
888a8a87888b8e8e8c8884817f838683
7c76777b7876796e55373e453e3e4852
5c594f53635d453b30382c3345575f49
3b4a3c314d4743586c6e57415d796457
757a6b665c2a163d636e67594b3d3257
1f311c1028392e3e4d3d362528496c36
363d3d2f28354142473c516e886d5f62
43281b18253f65b3eff1f6e9dcd5c2a9
96919fb6c0bdae998693a49f9a9b9483
6f5d5b5e493b4e6351495964666d6a5e
514d565c69664327171018232c3e3c1c
0f0c14181010222d23211f2232331e12
0e10232e221619180b0209303b3e230a
0a1b261d06040503010201061f34464b
300a120f162452432e301e0a06070711
110f1c22223226231c0d08121f2e2d2d
ecececebeceff2f3f2efeff2f5f7f9fb
fafafafafafbfcfcfcfcf8fefef7f8fc
fcf7eee8e0bea8d8dbf1f9fbfcfaf8f9
fcfcfbfcfafbfbfaf8f5f3f2f1f0f0f3
f6f9fbfdfdfefefdfdfdfcfbfbfbfefe
fefefdfcfdfdfdfcfcfcfdfdfdfdfdfc
fcfdfefdf7eadccdb7a9aaada6a9a89c
a3ccf1fdfdfefdfcfefefefefefdfbfc
fefdfdfdfbfcfefcfcfdfbfaf7f3eee6
d7cac4aca49c9da4aaaeb1aea7a19a96
94908d8e8d8d92989b9fadc6e0f9f9fa
fafafafafbfcfbfafbfdfbf9fbfaf7f9
f7f8f7f4f4f4ede8efeef5f9f6f4eee5
dfdad5d4d7d9dadac7bfb6afaaa7a6a6
a5a3a4a6a7a4a2a4a8a8a7a49f9ea0a3
a3a09d9d9d9a958d86807b7674757981
888b8b8a8c9092928f8a868280858984
7d797879757374675238404842404d54
5a585054635d443b313b313644595f46
384639304f48465c6c6c56445f78655b
77796a645b29153d646d6150443a3656
20331d102c3d34434d3a3525264f6b32
323d392d29364143473e546f866e5f5f
44291c1a264069b9f0f1f5e8dcd4c1a8
9591a0b7c0bcad998593a39f9a9a9483
6e5c5a5c493c4e62514a5863666c695d
504d585d6864402516101720293a371d
0f0e1719121325302622222330321e11
0f12263126191b1a0d0508303f42240a
0919241e08050303010203071e314145
2b0a0f0c131e4b442f2d1d0903040610
11131920222f25231c0d0812202e2e2e
9699958f96acc1cac5c0c9d0d0d7eef7
eeebeceff3f6f4f4fafdf6fbfefdfbfc
fdfefdfcfbedc8b9dcfbfdfcfdfdfcfc
fcfcfdfdfdfbfaf9f9f7f4f0eeebe9ec
f3f6f9fbfbfdfbf9f9fcfefdfbfafcfb
fbfbfbfdfdfdfcfaf9fafcfdfcfbfcf9
f9fcfdfbf5e8dadbe5e7e9e7e9dfd2da
e7edf2f9fdfcfbf9fbfdfcfcfcfdfdfe
fefdfcfefdfdfcfcfbf8f1ecf1f8f5e2
c1a2958181777a8c97a3bbc6bebbb5af
a79e97939593959fb0bfc6c8cff0f6fc
fcfcfcfcfcfcfcfcfcfdfdfcf9f7f3f2
f1f2f4f0e6dedfe4d8dbe6e0d0c1b6ad
b7c8cbc1b6afacada8a4a09fa0a0a0a5
acb1aea9a4a2a19e9893908c8a8b8d8c
89868284888e9394918d898483828284
888c8f9aa1a4a39e978f8a8780868f85
81837969605c4f3d464546565c4c645b
474e5c5e645f473b3b404b4643625e43
3b382f2e544e59706758505b676b6f75
7e6a6459603113375d5e3b1f1f274d48
2e462c1e3b4d57644a222c2e2a664b20
213a2f293339393f444e5a6b7b7d634d
3c2c262c34467accf3f3f4ded7cdb9a4
9592a4bec1b7a6938295a19c98969083
695a57524a424855554e505c66685f51
4b4e6067655331201c171410131b1c22
1321211917202f3a33232e2115221b12
21232f3935281b1e18160f34514d250a
050918291f17020702060e0c0f141617
181402030308244832190f070304030a
1931091a2b1d1d1e160b0c1a272b2626
898b89848897a6aca8a4aaaeaeb5cbd6
cfcbcacbcfd1d2d2d7dbdee3e7e8e8e8
e9eaebedf2efdad1e7fcfcfcfcfcfcfc
fcfcfbfbfcfbfafaf9f7f4f0efede9ec
f3f7fafbfafcfbf9fafcfdfcfbfbfcfb
fbfafafbfbfcfcfaf9fafcfdfbfbfcfa
f7f7f6f5f5eee6e7eeeeedeaf0e9dfe5
ecf1f6fafbfafbfafcfcfbfafafbfcfc
fdfcfbfdfdfdfcf9f5efebe8ebede5d1
b4998f82837b7c89909cb4c0bec2c5c4
c0b9b1abada9a6abb6c4cfd7def3f9fd
fcfbfcfcfcfcfcfbf9f8f5f1ece8e3de
dbdde1ded7d3d5d5ccced2c6b8afa8a2
a9b6b8b0a8a3a1a39e9e9d9b9c9c9da2
a8aba9a49e9b9a96908d898684848685
82807e7f8185898b8a88858382828386
8a8e919a9fa2a29e98908b8885838782
817e6d5c5a5c4d353f494f575c566054
4349565c696e544544394a53475b563c
302d2a34535a5e6f5d52576366656d78
76635c575e3517395a56341e26374c3f
234a381c394c53543c20272c2c5a4429
293630313d423d3d404e5f6d7a785e4b
3d2e2b30364882d3f5f2f0ddd6ccb8a3
9391a4bec1b6a5938295a09c98969285
6c5c564f49424a55534e505963665e54
5053616563563a231917150e0e151720
1a26231b1b2532362d242f2318231c13
1f222b3734261e1f201d193648452d18
0e0e1d2f2516041213121d11151d1c16
1412080808172f3c301b0d0806050813
1d30101b2a1d1a1b17100e151e232626
7173726f6e7073747372706f6e768b98
97918c898b8f9294979cb2b7bdc2c4c4
c5c7cad2e0f3fdfdfdfdfafbfbfcfcfc
fdfbf9f8fcfcfbfbfaf7f4f1f2f0ebec
f4fafcfbf9fcfcfbfcfcfcfbfbfbfdfd
fcfaf8f8f9fafcfaf9fafcfdfbfafbfd
f3ede8ebf4fafcfefefbf6f0fcfdf8f9
f6f9fdfcf9f6fbfdfdfaf9f8f8f9fafb
fbfbfafcfefdfbf5e9dee1e1e0d8c6b2
9d8a848587828083848ea6b8c0cfe1ed
f0ebe1d8dad2c7c0c3cee1f3fbfafefe
fcfafcfdfdfdfcfaf5efe8ddd3cbc6ba
b2b6bebebabec3b8b6b6ac978b8c908d
8f95948f8e8e8e908c9396959495979d
a1a09e99938f8d8882807e7a79787979
777577767576787a7c7d7f8080828589
8f9497999c9fa09e99938d8b8e7e797d
807459454f5e4a2732515f5a5c685848
3c414d5a74886c59552d486c4f4d482f
1b17213f5172676f4a486573675b6b7f
69554e545d3c1f3e5546291d33564c30
0f535018354b4a36231e1e292f44373b
3831333e5153453a3a4f69727a6f5547
3d33343a3c4e90dffaf1eadcd5cbb7a1
9191a5bec1b6a5928295a09c9897968a
705e544b48444f55514e50565d625d59
5a5e6562605c4b281417160d07090e1c
2630281f222f3630232630261d262016
1d1f2633312323222f2a2c3a36373b31
2118253d30140728342a3818202e2614
0d0f1411113444272c200c0b0d091324
262f1c1d281e15151919120c0c152828
9c9a97928c86838384868890989fa49f
9188838080838587888c9293979c9d9f
a2a7b0b8becedee5e9eef0f4f5f6f7f7
f7f5f3f2f3f3f4f4f4f3f3f3f0eae6e7
eef4f6f5f3f4f5f5f6f7f8f9f9f9fbfc
fcfbfaf9fbfcfcfcfbfbfdfdfcfcfcf3
e1cfc1bec5cbced3d5ccc2c4e4f6efe5
dce4f1f8f7f6fafbf8f7f6f4f3f3f4f5
f5f7f9fafbfbfbf7ede1eaeae0ccb4a2
968a87817c787a828ea3c0d4dce3ebf0
f2f1ede9e9e3d8cfcacad1dbe2e9eef2
f3f4f7f8f8fafcfbf9f5f1ece5dfd6c8
b9b1aea69d9b9f9e9b9b948a87898883
83858280828485888791979593929293
94928f8982818382807e7b7977777778
777778787878797a7c7e7f818285888c
9296999a9a9b9a98948f8a87847c7a7c
7b695046525f52384460664d3e50413a
383f4a546d856161433058705b504937
251d25475e7675744d435b635a546071
635b5c6256361e455147382e4161502b
0e49572137504c2f1a181f3b3b343b43
37393f4752544b4747546570796e574b
4033353d3f519be7fbf2e4dcd4c8b49e
8f90a6bec2b5a59182969f9c98969286
706259514d494b4b47494d525c64605a
5d60635e5c5c5029141d221a100f1423
2631302c2a2b30312c2b322a21221c15
19222a302d211c212a24353b30303c3d
31242e47412d0f2e2b3245272833322a
1e172a2f343e4c2e27312916121d251e
1c2314191c1d16151b1b140e0f171f1f
beb8b4aea498908f92969caab9bfb8a4
8d817b78787a7b7c7d7f79777a7d8081
878f9ba3a3b1c6d2dae3e9eff1f2f4f4
f2f0efeeecedeeeeeff1f3f5efe6e3e4
e9eff1f0efeff0f0f1f3f5f7f7f7f9fb
fcfcfbfbfcfdfdfdfdfcfdfdfdfdfdec
d4b8a29ba0a7abb1b5a79aa1d1f2e8d5
c8d3e8f4f6f7faf9f4f4f3f1f0eff0f1
f1f4f9f9f9fafbf9efe4f2f0e0c4a695
908b897e746f758296b4d5ebf3f2f3f3
f4f5f6f6f5f0e6dbd0c8c5c9cfdbe1e9
edf0f3f5f4f9fdfcfbfaf9f7f3efe3d3
beaea19486808389878682808587817b
7a787473787b7e828390989592908e8c
8a87837b75767b7e807d7a7877767677
7879797a7a7a7a7b7c7e808183878a8f
94999b9a99989593908c88857d7b7a7b
7761494655615945526c6b42273d2f30
343e495068835867363365736552493e
2d22284e6879817950405457504e5766
5e60676e51311f4b4f48443c4c6a5428
0d405d2939544e2a1314204a46293f49
3540494d545451525158626e796d584f
423437414154a5edfdf3e0dcd3c6b19c
8d90a7bfc2b4a59083969f9c98958f84
70655d55524c484340454b505b66625a
5f62625a595c542a14222c2417131829
263337362f292c33332f352e24201a15
15242d2f291e1720251f3d3c2b2a3d47
3f2e35504f41153325384f322e363b3b
2c1d3b4750465234233f401f162e331a
14190e16121c17161c1d160f12181919
ece9e7e7e5e0dee0e3e1dfe0e5ebe8d8
c6b7aea49689807e82867f7c7f84888a
919ba3a5a6abb2bbc4c7c4b9bbc1c5c6
c5c4c4c4c3c2c0bdbab9bcbfc0bebbb9
babbb8b5b6bebfbebdbfc2c4c2c1c7cb
ced1d3d7dde1e7eae7e5e4e5e6e7e8dd
c8ae998f8f90909090929290a7bdbab4
abadbac9d4d9d8dbdededddad8d7d6d7
d7dadfdedcdbdde0ddd8dfdcd2c0afa8
a8a09da7938a919ba8b9c4c8c9c8c9c8
c6c4c2c0c3c1bfbebcbab7b7b8b6bcc2
c5cad0d4d4cdc6c7c9cdd4dbdfe1e5e3
d6c2b1a4988b84868380808285817674
767573727475777d7f898f9194969592
919293908c8884807a77767473727273
7577797b7c7c7b7b7d808488898b8d90
92949593949594918d898683767f786d
6757484b54585a5a6565603e1c202629
242d41516d8a7068413c6463494f4e4b
5654425f76667b6e5133475963696b68
5861696e3f2517424b51555663675318
09334e342a3d4543372220363b314041
414756585550536062646469766a5850
4237404a475fb6f3fbf7dddbd1c2ad97
8a90a8bfc1b2a38f83979f9c98958f80
6f6a695f5446494441474b515f6d665b
5d5957504b4535191121302f26222430
2a313a3f32201e30392a2f2a2118181f
22282c29262017201d133231302e2e37
413f3d443d3c254239433f2319192434
2d1935332e5b5832273d35252e3d361d
11232d0f141c2024241b121013151212
faf7f7f9f8f6f6f9fbf8f3f0f2f8f6e8
d7c8bdb19f8e827f8388817e81878b8d
949fa5a6a7a9adb4bebfb9a9abb2b7b9
b8b7b7b8b7b6b3aeaaa9acafb2b2afac
acaba7a4a5afb0afaeb0b3b4b2b1b9bc
c1c4c8ccd3d8e1e4e0dedddedfe1e2d9
c4ab968c8a898886858c908b9badadab
a3a2acbccacfcfd2d8d7d6d3d1d0cfcf
cfd2d7d6d4d2d4d8d8d5d9d6cec0b2ae
afa7a4b49c939aa3aebac0bebcbcbcbc
b9b6b2b0b4b4b3b5b7b6b3b1b1acb1b6
babec5cacbc0b6b7bac0c9d2d9dde6e8
ddc8b6aa9d8e8484827f7f83867f7372
767572727373757c7e878d9095989794
94969897938d87807976747372717072
7476797b7d7c7b7c7e81868a8b8c8e90
92939391929493908c88868274807769
6255484c53565a616b635d3c19172327
1f283e516e8c7768443e645e414d4f4f
63634a647a60796a522f435a69717168
56626a6e3a21153f4a545a5d6b655214
082f49372636424b412621303833403f
44495a5c554f54646867646875695850
4238434d4963bbf5fbf8dcdbd0c0ab96
8a90a9bfc1b2a38e83979f9c98968f7f
6f6c6c625544494541474c51616f685b
5d57544d473f2c15102131322b272732
2b313b42331d1a303b292d2920161823
262a2b27252117211a102f2e322f2933
42443f41383a29473f473a1e12101d32
2e18342d24625a31283c32273542371e
1026360d151c2329271b111013141010
f4f6f7f8f8f8f6f2f2f8faf9f3f4f8f5
eef5f9f4e8d4bda8999396969ca19b8f
858384888d8f92a3bac7cadadeddddda
d5cec6c4cececcc8c2bebcbcb9b6b4b3
b7bebebbbebec0beb9b4b1afaca8a5a6
a7a7a7a8abaeaeaeadacacadafaeacbd
b5a79c948e89858a9996989eb4c4beb8
bfbdb8b8b9b4adadb4b9b7b6b5b4b3b4
b4b6b9bab9b4b2b2b4b3b7b6b7b7b7bc
bebbbcbeacabb5babcbab2a9a4a19f9c
9c9da0a39e9c9c9e9f9e9c9d9fa5afbc
c3c4bfb4a8a7a8a39d99989898989ba8
b2b4b0a7968275707373717073777c79
7674727272706f73696d747d878c8d8f
959da5b0b6bbbdbab6aea9a59e97908b
88878483807d7d7f858c8f8f8f8e8e8c
8b8a89888c92959189817b797f714f42
4c4c413d3d3f4b5f6756503922273d32
1d20375980814e4a334267593f48403e
5f6e535d4d554f50411e507f7b66636a
6e6c605e3a311c2d3f3d364352423309
0a3240493d3b3a4638151f311b2f6c48
3c525b63686361646168708082695146
362e3a464f7fd7fcf8f5dad6cbbaa691
8793aec1c0b0a28b84999e9b98968e7b
6e70716555414a4c4747484f626f635b
5b5352514a3a1f161a2331393c3b3436
3332353d382b2b37444c433326171724
231c161b202026293125261f2c322724
324239242e3250464f2c170d13151625
313243171b4939171e20272f29201c12
2f453f2c150d121a19100a0e17191212
edf0f1f1f2f3f2edecf2f7f9f3f4f7f6
f1f7faf6ebdbc8b8aba6a9a9aeb2ab9e
938f909296979aa7b8c2c6d4d7d6d7d8
d7d4d0cdd3d4d4d1ccc8c6c5c3c1bdbb
bfc7c6c1c3c5c7c6c0bab7b5b2afaaab
acacabacaeb1b1b0b0afb0b1b3b1afbb
b5a9a09994918f929e9c9fa3b3bfbbb8
bdbcb8b8b8b3aeaeb3b7b6b5b4b3b3b4
b4b5b8bbbbb7b3b2b3b2b7b5b5b6b6b9
bcbabcbdacadb5b7b9b8b1a9a5a3a19f
9fa0a1a39e9c9d9f9f9d9c9da0a4acb6
bcbdbab2a9a7a8a39f9c9b9c9c9ca0aa
b1b3b0a7968478727472707174777b78
7674727172706f72696e7680898b8a8d
939aa2abb1b6b8b7b4afaba7a199928d
8a88858582808082878d8f8e8d8c8c8b
8a8988878b91949089817b797d6d4a3f
49473d3b3e424b595f514e39262a3c32
2124395c837f4c4e3140645844473c3b
586756594556474a3f20517d755f5d65
6b6a5d57342d1a293b3a374249392f0f
0d313c423d3d3c473d1e253624396a45
3e515b6366615e615d66717d7e665248
39313a434f84dafdf7f3dad6cab9a590
8793aec1c0b0a28b84999e9b98968e7c
6e706f6354424a4d4746474e616d605a
5b5352524c3c211719212e373c3a3131
2f32363c362c2e3a43483e2e23171724
221b161a1e1e2429332c291e28302924
2e3d3826333552454b26130c12151724
3135461c214232181e202a2f281f1814
2e403e2c1710151c1c150e1016181010
d2d7d8d6d9deded8d1d6ebf7f4f4f7f9
f9f8f8f6f4f3f5f7f9f7f7f8faf9efde
cfc7c4c2c0bcbbb9afabb0b9b7b4bbcc
e0eff6f4e6eaf1f5f5f3f0edefeee7df
e1e9e5d9d7dfe6e7e0d7d1d0d0ccc4c3
c1c0c0c0c1c1bfbfc1c4c6c7c8c4bfb6
b5b1b0b0b1b4b8b6b1b5bdb6abaaadb9
b3b3b8b8b4b4b6b6b2b3b3b2b2b2b3b4
b5b6bac3c8c6beb8b4b1b7b4b3b1aead
b0b3bcb7afb1b2aba9adb0adaaacaeb0
afaba7a3a0a0a2a3a19d9ca1a6a0a19f
9ea1a8adadaba9a9aaacaeb1b1b1bdb8
b2b1b0a6958c887c776f6e767b797677
77736e6d70716e6d6b75818d918a8382
878b9195979ba1a5a7afb0aba69f9993
8e8b8c8c8c8b8b8c8f918f8988878685
858485878b8e8f8c86817d7b755a3835
3c332c3345514c443f3d473739333631
323743698f744c64283758545b452e2f
3a4a5f4928592b323a2d556f5a40414d
5e62503a1d190f1c2a303f4325161f27
192d2d263e45454d50423b4d4c665c39
484c5d625c545456505f736b6b5d5655
4a3e3c3b4f98e8fdf2ebd9d4c7b4a28f
8796b2c1beaea18a859a9e9b98968e7d
7171695b52464851494342495a645756
5b53535754472e1a131724313833231d
1f303b3a2f2e39413c33271616141623
1f181616141319273946341b17293429
1e2933344c465a43360c090a10151922
2f3e52343c2617201d213932251e0c1f
292a382b1f211f2229281f1613120909
cccecdc8c8cbccc8c6d0e5f1f2f2f3f3
f4f4f5f5f4f3f5f7f8f6f7f7f8f7f0e6
dedbd9d8d6d3d4d2c9c5cdcfcac6c9d4
e3eef3f1e9edf2f6f7f6f3f1f2f1ece7
e9efece3e4e5eaeae5dedbdbdad5cbc9
c8cacdcfd0d1cfcfd1d3d5d7d8d5d1c8
c7c1bfbdbdc0c4c4c3c1c4beb8babac0
bab9bcb9b5b5b7b7b3b7b6b5b5b5b5b6
b7b7bac3c8c7c1bcb6b3b5b2b2b2afac
acadb5b1adafb0a9a6a9acaba9abadaf
afadaba8a7a6a6a4a19e9ea4acb3b3af
abacafb1b0adacacadafb1b3b3b2bcb9
b6b9bbb29f8f877e7e79798488827976
77746f6d6e6f6d6c6f78838b8c847c7a
7e82888d9093979b9b9d9d9b99979490
8c8a88898a8a8a8a8a8a888484828282
838384878a8b8c8b87827e7968533839
3c322e36474f4a433c3c4a3835302f32
393e496f937752643b415b5f5f47302f
35445f482c51292a373b57635346484c
535d4e2f14110e1f2b354c4c26152229
172b2e243b4b4b4c4d423c5753625338
414b555550515b5c4c53656b6c615e5c
4f40373857a3eafbf0e7dad3c5b2a08e
8798b4c1beaea188859a9d9b97968f7f
747166554d434a554c45434a59625555
5a524f514e4129171115222e3530211d
1d2d37342926323a363026191d1b1821
1c191a17121015222f3f301613242f27
1d26343c483d4d483b18111010141a20
29394d392f2d1f2823212d2f2f2b1820
25293230221a181e292e292019151111
c3c2bcb3aeb0b3b1b6c8dceaeef0ede9
ebeff1f3f3f3f5f7f7f4f6f6f6f5f3f3
f5f9faf8f7f7fafaf0edf7f1e9e0dde1
e8eeefedeef1f5fafafaf9f7f6f6f5f2
f4faf8f3f7eff0f0edeaeaeceae3d6d4
d4d9e0e6e8e9e7e8eaebedeff1f0ece3
e2d9d5d2cfd2d6dadfd3d0cbccd1cecc
c6c4c1bcb7b7bab8b4bdbcbab9b9b9ba
bab9bac3c9cac6c1bcb6b2afb1b3b0ac
a7a4a9a9aaadada7a2a3a8a9a7a9acae
afb0b0afb1afaba7a3a0a2a9b6d1cec7
c0bcbab7b3b1b1b0b2b4b6b7b6b5bbbc
bdc4cbc5ae94858188878a989c8f7f76
7676716c6c6e6c6a757f8689857c736f
70737b8286888a8b8984828386898c8d
8b888385888a8a88847f7e7f7e7c7c7d
7f8283888887888888847f7654483a3e
3d31303b494d4741393c503a312b2633
4448547a997c5b645950606f66493430
2e3c60453346261f34515a504a4f534a
43574c1e07060c232d3e5f5b2813262d
152930213753544a48413f655e5c4637
38494a423e4d65654640516c6e696b68
5743303464b4eef9eee1dad2c3b09f8d
889ab6c2bdada088859b9d9b98979283
7773624d463f4d5b5147464b585f5354
5a504949453822130e13202b2f2b1e1e
1a29322d1e1a26302d2c271e27251b1e
181b21190e0e0f1c20362a100c1c2926
1d213649422f3a50432a1e1912131b1e
203147421c392a332c211c2a403f2922
1e29293826110e192a36383023191e1e
c8c8c4bebbbec3c6c8c9c8c0b9b8b6b6
bdc8d0d5d8dadde1e4e5e2e1dcd7d4d6
dde4e9eef3f6f8faf3ecefe4e2e5e9ed
efefece9e7e8eaedf0f1efedeef2f3f0
edebe3dfe8e4e2dfdbdce0e2dcd3cdca
c8cbd2d7d8d7d3d2d2d1d1d4d9dbd9d9
d9d2d0d0d0d3d8d9d9d3d1c8c5cac7c6
bfb6b0b0b7bcbdbbbcc6c4c1bfbdbcbb
bbbabac0c3c3c0bfbbb7b8b5b5b4b1af
aca6a8acaba9aaa9a7a6a6a7a6a5a5a5
a5a5a6a6a7a5a2a2a2a1a1a3aabfc2c4
c8cdd2d2cfcccbcacacbcdcecececfd3
d2d0d5d7c7a88e8aa4aea2988f817774
7a7f7b736f6e6e6e8d918d847d777371
72767c808182858788858384878b8e8e
8a87878787878785817c7a7a79787879
7c80828686858585807667593e382e39
434649474948414137314e412d303449
53515a7a917854634f5a5c555d4a3a32
2c313b36343334293564674d454b4943
4a594713080a1120333d444128172719
121d302f32595b48382b344541473749
474a4b413b4b60583438596c6c686b66
5b4f42497dc8f3f9efe0dbd0c1af9e8d
889bb7c2bdada087859b9d9b98958d7f
7674634d463e46554b43464d59625855
5b4f464540331c0e090d151c1f1f1d27
2b2521211e1f282d26212322302b1a1a
15181d1a13151c19161f15080c16191d
242a32383127373b3a322e2b27282417
18323e3435282f2e1c1623333932271e
16393a30222b2f3132353c3f36271a1a
cbccc9c5c3c7ced4d3c9bba597959396
a0afbac2c7cacdd3d8dbd6d3ccc3c0c4
ced7dfe8f1f5f6faf5ebe9dcdfe9f1f5
f4f0eae6e3e2e3e6e9ebeae7eaf0f2ef
e8e2d6d2dedcd9d4d0d3dadbd3c9c8c4
c1c3c9cdcdcbc6c4c3c0c0c3cacecdd2
d3cdcdcfd0d5dad8d6d2d1c7c0c5c3c3
baada4a9b7c0bfbdc1cbc9c6c3c0bebc
bcbababdbfbebdbebbb8bbb9b8b5b2b1
afa8a7afaca7a8aaaaa7a6a6a5a3a2a0
9f9fa0a1a09e9c9ea1a2a09fa2b4bac3
cdd8e1e3e1dedcdad9d9dbdddededbe2
e0d8dbe3d8b69590b6c7b29986787273
7d858278716f6f719d9d918177747473
74787c7f7e7e828587858485878c908f
8a868a88868585837f7b787877757577
7b808385858384837c6c5746302e2736
4855594f49453d40352a4d462b343d57
5d565f7b8c76506248615944574b3e33
2a2b232c35273d2f3570704c4249433f
4f5b440d090d141e383d33312819280c
101630372f5d5f472e1d2d302e392e55
514b4b403a495e5029345e6c6b676a66
5d584d578ed5f6f9f1dfdccec0ae9d8d
899cb8c2bdaca087859c9d9b9893897c
7675644e473f42524741474f5b645b56
5c4f44433d30190b07080f1315171c2d
352216191e232a2b211a2125362f1917
13161b1b161a25180f1107020c120e18
29312f2d2621362e3438393634362a13
1433392c461d312b110f2738342a251c
1044452b1f3b444138353e4943301818
ecebe9e6e4e2e1e0d9cbc3bab4ada49f
a0a6a7a4a0a0a3a9b1b4a6a4a19e9b9b
9c9ea0a7b5c2c7c7cad4deeaedeff1f3
f3f3f2f1eae9e9e8e7e6e5e4e4e5e4e1
dfdcdadaddd9d5d1d3d9dfe0dbd6d5d7
d5ccc8caced1d4d4d1cecbc9c7c6c4c5
c4c2c2c4c7cbcfcfcbc5bebabcbdb5ac
a49c9392a1b2b4afb4bebabbbebfbebd
bdbec0bfbcbdbfbcb9babcb5ada6a1a4
b0b4acadacabaaaaa9a9a8a8a6a6a6a4
a3a3a4a5a6a49f9c9c9fa09f9f9d9ea0
a6aeb8c0c6ccd1d4d5d7dbd9d5d7d3e1
e2dde4eddfb797a4d3dfbf9f93928c7e
7c7c7a7e76686e67b2c7a18081827971
72787b7d7f8286837e7b7b7f848c98a2
a6ac9c827f83827c73706f7077737375
7b7f8087848187856640352c1b33485b
42525e544f4c44493a3c493e42385769
5d5a69746f55465f4d6d3b24453f352d
1f181e383c323d4c425b634d3b393e46
5053361a1f161a1b242c2d25191b2c17
11192c343c4a4433251e21293142434c
47482d1f3658665c4b455e6d67685c62
5b5754639cdff6f2ecddd4c9b9a5978a
889fbbc0baab9e888c9d9e9c9b978a7b
75756c5c514c483e393e47515c605853
585043423f301c0d050204090f121425
1e1a1416222f2f22151a2e2825312f25
1a173343301d1c0f0405020714191617
1d1e1a1b21272c242021242022251b12
233e3b2b4e2a34261e1b273022141816
12283c31283b4547443f40464b482f2f
f4f2f0eeebe8e5e2dbccc7c1bcb4a9a3
a2a6a59f9a989ba2a9ad9e9c99979594
9393949aa9b7bdbdc2d0dbedf1f1f2f2
f3f4f4f4ecebeae8e7e6e5e4e4e3e1df
dddbdbdcddd9d5d2d4dae0e1dedad8dc
d9cfc8cacfd2d7d8d5d2cfcbc8c5c3c3
c2c1c0c2c5c9cdcdc8c2bab7bbbbb2a7
9f988f8e9cafb2adb1bbb6b8bebfbebe
bebfc1bfbcbdc0bcb8bbbcb4aaa29ca0
afb7aeacacacabaaa9a9a9a8a7a7a6a5
a4a4a5a6a7a5a09b9c9ea09f9e989899
9da5aeb8bfc7ced2d3d6dad7d2d4d1e0
e2dfe7f0e0b899aadae5c3a2989a9280
7b7a797f76676f66b7d0a58083857a71
72787b7d7f8386827b79797d838b9aa6
abb4a0817d82817a716e6d6e77727275
7b807f878481888561362f2718365163
41525f55514e464c3c41483c47395d6d
5d5b6b72684d445e4e70341d403c342d
1d141d3a3d363e534556604d39353c47
5050321c23181c1a1f282b22161b2d1a
121a2c333f463f2f241f1f283244484b
45462718365b675f524a5e6d66675861
5a575566a0e2f6f0ecdcd2c8b7a39689
88a0bcc0baab9e888e9d9e9d9c988b7a
75756e60544f493a363d47525d5f5853
5750424240301d0e050102070e111222
1918141623313020131b302821313327
1b17384b341d1a0d01020108161b1817
1a1a1617202929221b1c201b1e211813
26403b2a4f2c3525221e272d1f101514
122139312a3b4448464140464d4d3434
f4f3f2f2f2f3f2f2f3f6f5f3f4f2eeed
efebe8e5e3e1e0dfdfe0e2e1dfdedede
dfe0dad3d6dadcdedfe0e1f0f5f5f4f4
f4f5f5f5f5f5f5f4f4f4f4f4f2f1f0ef
eeeeeff0f1f2f1efeae6e5e6e9edf1ef
eae2dee0e4e6e4e7eef1f1f0ede6dce1
ded9d4d1cecdcdcdcac5bcb5b5b5aea3
99979799a6b7bdb9bbb7b4b7bdbebec0
c2c2c2c6c5c2bcb5b8c2b9a89e9a928a
95b0c4b9b6b2b0b0afaca8a7a8a8a8a7
a6a5a4a5a2a2a2a3a4a6a39f9e9fa1a3
a5a6a5a4a3a4a6a7a6a8aeb0b2b8b8cb
dfe8e9e3d5c6c2d2ecf4deccdddeb685
7071797e727c9c8cd4c3998a897e7574
79817c78777674716f7476787a7d868d
8e97907b777572716f6f74766a6a747d
78817c7180847e71553e4b3a30779567
545664696e726c6455475e48504f6569
4d485e6756362d41516026182c2d3636
2723283a3f495c54475f634f3e322b33
3726180d1d2a31222a2215191a172625
251a3c3e424b524b3d3129323e504f50
40351b1e4462635c5a535f695f5f5864
5d575772b1ebf9f1ecdcd2c6b4a0958b
8ca4bdbeb7a99c878f9e9f9c9a978c7d
76746d61564f403230373f4b59605a51
564f424240311e17110905050b100b09
19171c1f1b1e2620182629292c2b2a23
0d05131a0d0101030308000d141c231a
101a262425231f1a18171613131c2324
262a2828321928292f26211d22291b09
05110e0822383b38383a3e454e524343
f3f3f2f2f2f3f3f2f3f5f4f3f4f2efee
f0eceae9e7e6e4e4e3e4e6e5e3e2e2e2
e3e4e0dbdee0e2e3e4e4e4f1f5f5f4f4
f4f4f4f4f4f4f4f4f4f4f4f4f3f2f1f0
efeff0f1f2f2f2f1edeae9eaedefefec
e5dcd7d5d7d8d6dae1e3e3e5e6e3dcdf
dcd8d4d1cfcecfcfcdc9c1babbbcb7ad
a3a2a1a2abbac0bdbfbebbbfc3c3c3c4
c7c7c6c8c6c4c1bbbcc3bcab9f99928e
99afbdb7b4b1b0b1b1afabaaaaaaaaa9
a8a7a6a6a4a4a4a4a5a6a4a1a0a0a2a3
a5a6a5a5a4a4a6a7a5a6acadaeb4b5c5
d6e0e4e2d9cec7cbdde6dbced7d3ab81
6f6f777b7287af9bc7b6978f8a7c7578
7d827c78777673706f737577787a8187
888f8c7a777471706f6e72736b6c7677
747d7b747f7e7669503d42363e738661
5c5d62636970685d534a584a494d6267
4c495f665533293d5359231f2f2d3839
2b2a2d3a3e4b5d4f485b5e4d3e343037
39271d101c2c322329241d232522322c
251d424448505952413127323e4d4a4b
3c2e1d23465f5d5656525f685e5d5865
5d575876b6edf9f1ebdbd1c5b29f948b
8da5bdbeb6a89b878f9e9e9b99968c7d
75736b60554e3c302f373f4a585f5950
554e424240311e16100906060d140f0b
15151b1e1a1d241f192727262826241e
0b050f140a0101020206000a10171d16
0e18252223221d1a19181715131a2020
2125262a301925283028221f23281b0c
0915100c2840403a38393d434c514747
f2f1f0f2f3f4f4f4f3f2f1f1f3f3f2f2
f4f3f3f4f5f6f5f3f1f0f3f2f1f0f1f2
f3f4f5f7f5f3f4f6f5f2eff4f5f4f4f4
f4f4f3f3f0f0f1f3f4f5f5f5f6f6f6f6
f5f4f3f4f4f1f4f6f7f6f5f7f9f6ede3
d6cabfb4ada8a9afb6b9bac2d0dbdcda
d8d6d4d2d2d3d4d6d7d7d3ccced4d4cf
c4c3c2bcbcc4cacaccd5d3d6d8d4d2d3
d6d6d3cec9ccd3d0c9c7c7b7a498959b
a7ada9b1aeacafb5b9b9b7b4b3b2b1b0
afadacacaaa9a8a8a8a7a6a5a5a4a5a6
a7a7a7a7a7a8a8a7a3a2a4a4a3a7aeb1
bbc8d5dfe5e5d8b6aeb9d2d3c6ae8776
6e6c727172aceccaa18e919d8d757684
88857d7877756f6e7070707273727475
73787e7777716d6f6f6c6a6c6f747d65
6672777e7b6a5e4f3f38242b6e665651
74735d505a675a454c54474f3448595e
484b6266532b1d335b411d373b2f3e45
3c413f3c3e5262424b4f4f463b3c4242
412b2e1a1b323827272b36464a495945
2425555b5a6271694c2f21303d46393b
2c1925354c5549424a505f665c585967
5f565a82c8f3faefe8dad0c1af9e938b
90a8bebcb4a59786919e9d9a97948b7e
7570685f534930272c37404a585d564f
534c4242403220130b08090a11201e12
0b0f181a17191e1d1d2a221b1c15100e
05030201020100000200000302060d09
0714211e1f1c19191d1d1a1a14131716
121622312c181e25322d272829251c16
19221718385651423a383a3f464e5454
f1f0f0f0f2f2f2f2f2f2f2f2f3f3f1f1
f2f2f2f3f4f4f4f4f3f2f3f3f2f1f2f2
f3f4f5f5f5f4f4f5f5f3f1f4f5f4f4f4
f3f3f2f2f0f0f0f2f3f4f4f5f5f5f5f5
f4f4f4f5f5f4f5f5f6f6f6f6f6f4efe7
e0dad5cdc8c6c4c4c4bdb6b6bfc8caca
c8c6c5c4c4c5c7c7c7c7c1b7b5babab5
adadaba5a3a9aeb0b3bec0c8d0d3d5db
e0e1dedad5d7dad2c8c4c6b49f93949d
a8aaa4adabaaaeb3b6b7b5b2b0aeaeae
aeaeaeafb0aeadadacaaa8a8a8aaa9a9
a9a8a8a8a8a7a6a5a2a2a4a3a0a0aaaa
adb4bfced9d7c39e9498b2b9a9927c70
6a6a6f6d72aee5b58c818a9382717a89
887f797473726e6d6d6d6d7071707273
70757c7776716e70706d6b6c6e6f7270
75796c72715c5a5c4d4133386d594d60
6f6a595863625347475045473d4b5a5f
50586a6a5c35252d4c321d3f41373d3e
3d4b4a434352563c434f4c434043484f
4c3d442214272d2426303b4241455640
22274f595861716e54322336464b3c41
341f2e3c4b524740454d5e66605b5b66
5e555c8ad0f4f8ede5d9cebfae9d918a
90a9bebcb3a39585919e9d9996928a7e
756e665d50442e262b363e4a585c544e
514b4242403220140c0b0f0d0e1b1a10
0d141511111618171a221e1413120c0a
05090602020101020300020203040709
0d161915181816161919161816171a19
181d2730291c21273430272526221b19
1a1a19263c504e4642403e3c3d404444
f1f0efeff0f1f0f0f1f4f3f3f3f3f1f0
f1f2f2f3f3f3f4f4f5f5f4f4f3f3f3f3
f4f4f4f4f4f4f4f4f5f5f4f4f5f4f4f4
f3f2f2f1efeff0f2f3f3f4f4f4f4f4f4
f4f5f5f6f7f7f5f4f5f6f7f5f2f1f2ed
ecefefeceaeae5ded5c3b1a7aab0b5b6
b5b4b3b3b4b5b7b6b3b4ac9e979b9a96
92928f8985888d9094a2aab9c7d1d9e4
eceeedeae5e4e2d5c8c1c4b1988e94a0
a9a69da9a8a8abb0b3b4b3b0acabaaab
adb0b2b3b7b4b3b2b0adacacadb1afad
abaaa9aaaba7a3a2a1a3a5a39c97a6a1
9c9ca5b9cac5a98175708a9a856f6e69
65696c6872b2dd9c71708288756d8091
897873706f6f6d6b69696a6e706f7171
6d72797775716f7273706c6b6d69647e
87825f63644a566c5d4c46496d4a4271
6a6054636f5c4a4a414a443e48505c60
5b6a757068423126391e1e4849423d36
3f57594c495148353a50483f464c515e
5b535f2b0d1920202637433e3741533b
202a4958566173755d36253e52534049
3f2639444b4e453e3f485c67655e5e66
5c545f94dbf6f6eae2d7ccbcac9b8f88
91abbfbcb2a19283919e9c989590887d
746b635b4d3e2b242a343d4a585b514d
504a4143413221150e1016100b14170e
101b10050b13111016171a0c090e0704
07100a03020202050601050104030109
1619100a11141312141411171a1d1f1d
1f262c2d2522242b37332823241f1a1e
1b111d3742494b4c4c494239322f3131
f2f1f0f0f1f1f0f0f0f0f0f0f0f1f1f1
f1f2f2f1f0f0f0f1f2f3f3f3f2f2f2f2
f3f3f3f2f3f2f2f1f0f1f2f4f4f4f3f3
f2f1f1f1f3f3f3f4f4f4f5f5f4f3f3f3
f3f3f3f3f3e7e1dedfe4eaecededf0ec
ebededebebeff1efe7dac9b7aaa5a6ad
adaba9a8a8a8a8a6a1a29b8f898c8e8c
85838282858a8d8f949695989da5b7cf
e3ebedf1eee3cfb8b0b3b6a89b999894
96a7bab3b4b6b7b8b9babcbab8b5b2b2
b4b5b6b7b9b7b8bbbab7b4b2b1b3b2b1
afadaaa8a7a8a7a3a0a0a09c948d8e90
9494949daaa9977f7e7473807f797c74
6e6d6b69729db47c7576807e74768282
7872706c686a6e6d67686a6d6e6e7172
6f757976716f6f70706e6e7579676274
7c5e3b4a4f575f62594a5264644c4e76
6b7269625e5a5a59534542485859605c
6072736b704f321b2d3344534848473e
44534e4448503d2e4450535251535a5d
605d6022060f1823323d3e39353a4330
231a2b475066767c693d263d4b4c4250
42233b4b51534b454854666a6f656364
595366a2e3f6f3e7e0d6cabaab9b8d86
91abbfbcb39f8f81919d9b97938c837a
7169615a4c3c2f26272c3444565a504c
4e4941434032221812141b160c101411
17231c1620271e1514141b1313170e08
070f0d0603020305020108050b0e0b11
1b1a1313191d1d1e2224221b1c23282a
2b2d2d2729281f212f342e2b2c28201e
19101e363939434f524c433a31291d1d
f3f1f1f1f1f1f0f0efeeefefeff0f1f1
f2f3f2f1efeeeeeff0f2f3f2f2f2f1f2
f3f3f2f1f2f2f1efeeeff2f4f4f3f3f3
f2f1f1f2f5f5f5f5f5f5f5f5f3f2f2f2
f2f2f2f1f1dfd7d2d4dae3e8eaeaefec
ebedeceaecf1f8f8f1e5d5c0aba09fa8
a8a6a5a3a1a1a19e9899938781858787
7f7b7c7f868c8d9094908a87878fa5c4
dfeaedf5f4e3c6aaa4abaea49d9e9b8e
8da8c9b9bbbdbdbcbcbec0c0bdbab7b5
b7b8b9b9bbb8babfc0bcb8b6b3b5b4b3
b1aeaba7a5a9aaa4a09f9d9990878287
90908c8f999a8d7f837667727c7f847a
72706c6a73939f6c777a7f79747c837b
6f6f6e6964676e6d66676a6c6d6d7173
71777975706e6f6f6e6e6f797f66616f
774c293d445d655e574a59735f4d5478
6c7b7462565963615d43414d605f625a
6276726974563216273e5859474b4c43
47514840484f382a4951595d56575f5c
6263611e020a142538403c3634363a2b
25121c3f4d6878806f41273c48494354
44223c4e55554f494d5a6c6c74686564
58536aa9e8f6f2e6dfd6cabaab9b8c85
91acbfbdb39f8d80909d9a96928b8178
7068605a4b3b312725283041555a504b
4e4841434032221a14161e190d0d1212
1a2823202c31251714131c17181c120a
070e0e090402040500010a070f131116
1e1b15181e2223252a2d2b1d1e272e31
31312d242b2b1c1d2a343230302c241f
18101f3534314051554e443a31251212
ededecececedececeae9eaeaeaeceeee
eef0f0f0efefeeeeeeeef1f0f0eff0f1
f1f2f1f0eeeeededeeeeeef0f0f0f0ef
efefefeff1f1f1f1f1f0f0f0f0f1f0f0
eeebe8e6e4d1cbc6c3c3c3c3c2c1c1be
bab8b6b6bac0bebab9bab8ae9f979a9d
9c9b9998979696979c9b948982818283
87858284888987878a85848584858e9c
a6afb9b8b1a59686818598b0c2c2b3a8
b0c7d7cacfd3d4d3d3d6d9dad9d6d3d1
d1cfccc9bdb3b4bbbfbebebebab6b5b3
b1afaeadacadaba49f9c9897948e7e7e
878f908e8e8f8c8479746b6970747485
88776c6d737c87817a889a9b958e8174
706e6d676169787a726d6b6a69696e6f
6b6f6f706c6d6c62595556606c665f68
4b38323a505843303547727a63626c4d
3e495e685a4a535d444164545e55524c
5d706b65715e3c363e40554e42484e4a
4744363c515e4c4e52595d60615d5a60
67634f190c192b3834333a3d37334132
0d0b163951707a7a694f4d4a3e3d4556
3e1b3555635e514d576772717b6b6861
54547abdf0f5f0e6ddd6c9b8a99a8983
92aebfbdb29d887e8f9a979491887d72
69635c564b3d2f2522242c3e5255494b
4e4741433f3021191110191d19191b22
26211d1a191e22211a1210151d131012
090f1515100e1612030c06080b111511
0e141d1f1d1c1f252b2d2e2420252f34
2e252525262a181d2937352b26231e14
18231e1b212d4253544b43413e3a3636
ebebeaeaeaebebeae8e8e9e9e9eaeded
edeeeeeeeeeeeeededecefeeeeedeeef
eff0f0efedecececedededefefefeeee
eeeeedeeeff0f0efefeeeeeeefefefee
edeae7e4e2d1cbc7c4c3c2c1c0bfbeba
b6b3b1b1b5bab8b2b2b4b4ac9f989b9d
9c9b9a99979796989e9c968c85848586
8c8b87898b8b88878b86858787878e98
9fa7b2afa79d9284808396b3c9c9b9af
b9cdd9ced2d7d8d6d7d9dcdedddad8d6
d5d3cfcbbdb2b2b9bdbdbfbfbcb6b5b3
b1afaeaeadadaaa4a09c98979690807f
878f908e8c8d8c8477736c686d727286
8a786c6e7277828379899c9e988f7e72
706e6c66606a7a7c736d6a6a69696d6e
696c6b6e6a6c6a5e5450515a66635e65
4335343c5359402c3249727865676f46
364058675a4750593f4269575d534f4a
5d6f6a6570603e3d443f544c40464c49
4742353e5461515756595c61635e5a5f
65614a170d192e3932313a3d36334435
0a0c183950707a776652554d3d3b4655
3c1b34556560524e586972727c6b6961
53557ec2f2f5f0e6ddd5c8b7a8998883
93afc0bcb29d887d8f9a969491887c71
67615a554a3c2d2422242c3e5154484b
4d4741433f302019110f191d1b1b1d24
27201c19171a21211a1310151f131016
0d10161611101914040e07090b111610
0b131f211e1c1f252a2c2d2420242f35
2c222325252a171d2836342a24231e14
19271e171e2b4051534a4442403d3d3d
dddbdbdbdcdddddcdcdfe0e0dedde0e0
dedddedfdfe0e0e0e0e0dddcdbdad9da
dbdcdee0dedddee1e4e5e5e4e4e4e4e4
e5e5e5e4e5e5e4e4e3e4e3e3e2e2e3e3
e4e4e3e2e2e6e9eaebebebebebebe9e7
e1dbd9dadad9d3cbc4c0bdb8b4b4b9b6
b5b4b3b2b1b0afadaba9a8a8a7a8acb1
bcbdb7b2aca6a2a19f9fa3a9adafb4b8
b8babcb0a4a8b5b8b3b0a6bdd4d2c9d2
e1decfd5d8dbd9d8d8d9dadbdcdbdbdc
dcd6ccc5b5a6a1a7adb1b7bbbab8b6b3
afadacacaca8a5a8acaaa09d9d999d9c
969394938c8585866f6e746f696b7882
80756e6f6e68707c68738a8b80726567
7069645d5d6c7b7b73686567696a6c65
5652525f60615b4b413f45494140534d
38323854686c5d4d55624e506b72713f
2b2e3d51514845372c485b6d504d4b53
686d6d716c653f545d38474235353336
444c4d637472647c6a495061605c5b4e
48442d110206242323333e34232d5749
0a233d3c445e6d66585f715a3c3c4746
2b1e2f4f62625952545f647679626760
525891d7f5f3efe5dad1c3b0a3968683
97b3c1bbaf9d857a8d97959491897b6b
5d554d48423a242024282f405151464c
4e4741433d2f201b1510141a1c1b171f
262024241914191a19231b202a1a1b34
4025120f0e0f17160a150e0e0f13140f
0c152326222124241e1a191d1c1e2a31
26191c222b2e171c1a252824262d2b1d
212f2018261b293d484a494845424c4c
d9d8d7d7d9d9d9d8d8dbdcdcd9d8dbdb
d9d8d9dadadadadbdbdbd9d7d6d5d3d4
d4d5d7dad8d8d8dadddfdfdfdfdfdfe0
e0e1e1e0e0e0e0e0dfdfdfdfdedededf
e0e0dfdedddedfdfe0e0e1e2e2e2e1df
dbd6d5d6d5d1cec9c4bfbdbbb9babfbd
bdbdbcbcbbbabab9b8b5b3b3b2b1b5ba
bfc0bebbb5afacaba8acaeb3b6b7babe
bdbcbcb3abadb6b8b6b7b1c0cecec9cf
d8d8d0d4d6d8d7d6d6d6d7d8d8d8d8d8
d6cec1b8afa19da4abafb4b7b4b3b2b1
afaeacaaa9a6a5a9ada7988e8a838a8f
8d8683827d78787a6e6d6b696666737b
7b756f6f6e6b71786e7283847b726766
6e69635c5d6d79786e6562666a6c6d64
514a4b5a5a5a5346404246464248594d
3a404a606d6b5e52565d4c536d766e43
303b43484744453a3445525f494f4f5b
6c6b6b70686543505a3b4e473b423e3e
4d545469746d607a63434d6365605a4c
4646331b05052623202f3a3228345745
0b26483f445d6f66575f6c573d404841
2720334f5e5e5750515d6676775f6760
525995dbf5f3eee4d8cfc1ada1968683
97b4c1bbae9c847a8c97949391897c6a
5b5149443e37242125292f3f5253474c
4d4741423d2e1f1a1511151a1d1c1922
232024241b1518191a241e2027181630
442c1716181a1f1b0d14100e12161511
11171f23212429271e17171a1a1b2429
20171b1f232b1a242028292625292b20
212a1d19241824374347484845424a4a
d1d0cecfd0d0cfcfcfd1d2d2cecdd0cf
cdcdcecdcdcccccdcecececccac7c5c4
c4c4c6c9cacac9cacbcfd2d3d3d4d4d4
d5d6d7d7d5d5d5d5d5d5d5d5d3d1d3d5
d6d7d6d4d3cac7c4c3c5c8cbcdcecdcd
cbc9cccec9c0c2c5c2bfbec1c7cbcdd0
d1d3d4d5d6d6d6d8d8d3d0d0cdc8cace
c9c8ced0ccc8c8c5bfcdcccecccacbcd
cac1bbbdbcbbbab9bec9cdc7c1c4cac9
c3c8d6d2d2d2d1d1d1d1d0d0d1d0d0cd
c7b9a699a095929ca4a8acaca7a7aaae
b0afaba6a2a1a4acafa2846a5a4e5a72
77675a575958585b6b69555b5f5b656a
6f74726e6e72756e7e70747170736e67
6969615a5f6e746f645c5c646c706f60
44383a4d4d49423b3f4a4a40435b694d
4062768078695f5e5a504a5b727f684e
3b5b51332c3a4543493e3b3d3856586d
776666705d6450455344625649655b50
63696777736055785134466671695a48
434a43340c032b221a28312d3246573a
0f316547465b7366566061513e494c35
1c253c4e5353524d4a5a6b7772576461
525b9fe5f5f1ede2d5ccbba89e948684
9ab6c2baac9c83798c959393918b7d67
54483f3a36312323272a2f3f53574c4d
4e4742423c2d1e181513151a21221e2a
1b212524201b17161b2425201f120a25
4e3d252631363329151315101b1f1616
1e1a151c212c362f1d12121515131416
13121918112322372e2e2d2b24212b28
221c161d1f1218283741474745444747
b8b7b4b4b6b7b8b8b9babbbbbabbbdbd
bcc1c2c2c2c3c3c4c4c5c6c5c4c3c2c1
c1c1c2c4c4c5c5c5c5c7c8cbcbcbcaca
cacac9c8c5c5c4c3c3c3c4c5c5c5c5c5
c6c6c4c3c2bcbab9b9babcbebfc0c2c1
c0bebfbfbcb7b8bab9b9babcbebfbfc2
c2c3c4c4c5c5c5c4c1bebcbcbab8b8bb
b8b8babbb9b7b7b6b3b7b6b5b3b1b1b2
b0adacadaeafafaeb1b6bbb8b3b2b4b3
b2b6bebabab9b9b8b8b8b8b7b8bbbebd
b7afaaa4a79a959ca2a4a5a9aeacabab
adb0b0adaaababa5977f6659544e525e
61595352525253545c5b525557555b60
666a6d6f727577747e77797877787572
74746b6b6c77766955454c5b686d624e
3b3c3e4e4e4e4d454348474352616a53
4d706c6a6561574c4b4f4b5f726d5658
4050423334373d4b504a463d4d656373
7d726b69585c595a594d4e45425f5d50
5a65666d6e605766493c455763635c56
5457483b10073026212d34353946583a
233261534f60685f56575a55323f452c
16213a4b4e4e4d4a49596c716b595e5f
5067ade8f6f2ebe0d4cab9a89d948684
9ab6bfb8aa9883788c96919290877866
554a4038322d1f212629304255574a4a
4d4543453e2f1e13121313192120242e
21272a26201f2526232a261e1e131129
39392f30352e2f333015111023241e22
261f181c242f2c282611121a20201b15
12131b15171b1a2c2d2b272b29232929
241211131e12172632343a4541434343
a09d9a9a9b9ea1a2a3a4a4a5a7a9aaab
acb4b7b8b8b9babbbbbcbebebebebebe
bebebebebfc0c1c1c0bfbec4c4c2c0c0
c0bebcb9b6b5b3b2b1b2b3b5b7b9b8b7
b6b5b3b2b2afaeafafb0b0b0b1b2b7b6
b5b4b2b0afaeadaeb1b4b6b7b6b3b1b4
b4b4b4b4b4b4b4b1aaaaa9a9a8a7a7a7
a7a7a7a7a7a7a7a7a7a29f9c99989797
97989c9ea0a2a4a4a4a3aaa9a5a09e9e
a1a5a7a2a2a1a0a09f9f9f9e9fa6acad
a7a6adafada1989ca19f9da7b4b1aca9
abb1b5b5b3b6b39f7e5b47474e4f4b4a
4b4b4c4c4c4d4d4e4e4e4f4f50505156
5c62697176797a7a7f7f7f7f7e7e7e7d
7f7f757c7a807864472e3b51646a563d
334043505054584f4747434562676b5a
5b7f6354525a4f3a3b4d4c64725b4362
464534343c3436545956523d63746f7a
847e70615354626e60563a343c595f50
5161656368605a5542444548555d5f65
65634d43140a342b2833383c4046593a
37335f6059645c58574e545b26343e24
121d39494a49484849586e6c645c585c
4d73bbecf8f3eaded4c8b7a89d948784
9bb6bcb7a89384768c96909190847466
574c42372e291b1f2629304558574848
4c4445483f311e0f10141119211e2a32
282d2f291f2434362c31271d1e13182c
2535393b38272c3e4c180e112b28252f
2f231b1c27322321301012202a2d2114
11141d121d1313212c27222c2e24262a
26090c0a1e1315242e272e423c423f3f
8d8a8786878a8c8d8d8b8b8c8d8e8f90
90939597999c9fa2a4a5a7a7a7a7a7a7
a7a7a7a7a8a9a9a9a9a8a7a7a6a3a2a0
a09e9c9a9d9c9a99989797989a9b9b9a
9a999999999697999b9fa2a4a6a7a5a5
a6a7a8a9a9a9a6a4a6a7a8a9a9a8a8ab
aaa9a8a6a5a4a3a3a2a1a09e9d9a9a99
9999999999999999999c9a9796969797
9797979593908e8d8d8d8f8f8d8b8a89
89898a8c8c8c8b8b8a8a8988888c9191
8a898e90928b87898a8682858b88898d
919594918e867c715e4d484d52514e4e
4f4f50505051504f4f4f4f5051515150
52565b60646566666a6a6b6c6c6d6e6e
6e6d6d6f6b6d6956463d48595d594f3a
424b525c5e635d45383e4e565f776f70
64544c4d595442465751425d5a54575a
42403737362f3d5e655f646080726572
77696165635d5f6752414731273d4443
55675e535d62647558504e535f625e62
666e503116213f2a2637404042444a40
44375c605753545a5855655f2e2b2115
101a333b3e4549484f5f6c6e655d585c
5782c8f1f7f1e7dcd2c6b5a69c948785
9cb7bcb6a68d7d718894909291857566
574b40352b261f1f2329334657564a4f
5449454842331e0f11130d131c1c2424
292f261d1d263238342d2e271f191d24
1f293138382d282d3c36191835362e2f
2d272018181f141a2410202728272626
272322161e1e1a1b2325242727293530
26111315141413151c1e2b3f3d434040
85827f7e7f8284858380818182838485
8586878a8d9194989a9b9e9e9e9e9e9e
9e9e9e9d9e9fa0a09f9e9d9b9a979594
93918f8e9392908e8d8c8c8c8e8f8f8f
8f8e8e8e8e8c8e9094989c9fa2a29e9e
a0a2a4a6a7a8a3a1a1a2a2a3a4a4a4a7
a6a5a3a19f9e9d9d9f9e9c9a98959493
9393939393939393939a989595969798
989795928d8985838484848483838281
7f7e7e83838382828181807f7f828685
7e7d828386838081817c777779777b81
878987837f72655d5148484f54525050
515152525253524f4f5050515252524e
4e5155595c5d5e5e6162636465666768
6765696a6565635045434d5c5a524d39
48505862646a5f41313b525d5e7e717a
6842434b5d513d4b63523e5b50515f57
403e3939342e41636a646b6f8c72616f
72615a676a615e644c384c301e31393d
57695c4d596369836155535863645e62
6772522a172b43292539434242434443
49385a60574c505c58586c613228150f
0f1931363944494951626b6f655e585c
5b89cdf3f6f0e6dbd2c5b4a59b938785
9cb7bcb6a58b7a6f8693909393867667
574b40342a24211f2229354757564c53
574b454843341e0f11130c111a1c211e
2a3022181d27313a372c312b1f1b1f21
1d242e363930272635431e1b3a3c312f
2d29221713170e182010262b2725272e
302924181e221c1920252425242b3b33
2715161a0f15130f151b2a3e3e444141
8885828080828384827f808080808080
80808181818282838384878787878787
87878787888a8a8a8a88878989888889
8a8988888b8b8b8c8c8c8c8c8b8a8a8a
8a8a8a8a8a8b8b8b8c8c8c8d8d8d8f8f
8f90909090908f8d8c8b8a8a8d90928d
8c8c8c8c8c8b8b8d91929496989a9c9d
9b99999999999999999b989594949494
938e88888786858483827e7e81838585
8483828a8a8a89898988888684858888
85878c8c8c8f91908f8c8985827f807e
766a5f575452504e4d4e5052514f5051
51525252535352515152525353535453
54555658595b5b5c5d5e5f6163656667
656060594b375969716467655953535f
6a768f8a7c7a725d51576c7e786d504d
3a2f46505a52493c323b47575950505b
594b3436434a5361696b767e79636479
745a55666b5d524f4a31542b244a5046
556e6d544551766a6e878971594c5364
6168573f43514b333041463e40453a4a
54455669674d55625c53482c222b0f08
0c23343331373e4652616c695e574f51
619cdcf7f4ece1d6cec1afa199928888
9fb7bbb4a386736a828e8e9291847465
564a3f332823231e202a384a57554b4f
574d464944331818241e0f0b12182421
242b170f202d2e3536202f2d13131b18
222d33333538312c2e4641303f2c261e
1d29322a262a162a25141e1f160f111e
29262214191f1a1920262523232a3430
3835162324191b151617161c25334242
8885828080818283827f808080808080
80808080808081818182858585858585
85858585868888888886858786868687
8888878789898a8b8b8b8b8b8a8a8a8a
8a8a8a8a898b8b8b8b8b8b8b8b8b8d8d
8d8c8c8c8b8b8a8886858484868a8c89
89888786858584858a8b8d8f91949697
95949494949494949494918e8d8d8d8c
8b87808080807e7d7c7b77777a7e8082
82828289898988888787868583838585
83858989888b8d8d8b8a87837f7d7e7b
716459524f4f4f4d4d4f5152504f5051
51515252535352515152525353545454
555657595a5c5c5d5e5f606164666768
6762605b4b30576b7263646156525464
6d788c8777746f5e565c6e7e7a6a4c49
3633474e534b44352a3a49515c514d5a
5d4d363a4a525a646c6f787f75606478
70565364695e544d4b3055312e50554a
556d7057444f776b718b8c73594c5363
6267594349564b343242443b3e453a49
5449556b6a5057635d534225212b0f07
0b22323231343c4653606c685e574e50
63a0def7f4ebe0d6cdc0afa099928889
a0b8bbb4a2867369818d8d9190837364
554a3f332824241f212a394a57554b4e
574c464844331817231e0f0c12192422
232a150f212d2c3234212f2e12111a17
232f33333538322f2f4344363f2d261e
1b28332b292d172d28161c1c140e101d
29272215191e181820242323252c3532
3a39142123181d17191a161922303e3e
85827f7d7d7d7d7d7f83828281818080
80808081818182838484868686868686
86868583848586868584838382828384
868786858384868888888786888a8a8a
89888787868e8e8d8c8b8b8a89898a88
86827f7c7a78736f6d6a696a6c6f7181
7f7a746d66605c5b5e5f606264666768
6c6e6e6e6e6e6e6e6e63615e5d5c5c5b
59565253545453504d4b4a4c50575f68
70777a7c7c7b7b7a7979797875737271
6e6f726f686a6c6a696b6d6b696d6c66
5d524b4b4e5153535454514c4d515050
50515252525353535354545555565658
5a5a5a5c5e60636564656667696b6c6d
70726c6f5e1e546a5c444043434c5d6c
6d6852594b474c5464706f6e78643e4d
38554b412219180e153c4f2b655c3d52
6c5745596f7a7f757b827c7d6654636c
543e44535b646b525330575e6e696961
596b7a6c504d737a7c87806e6158555f
6864624f525b46353940362831433e3e
4f5b5371746164635e542f18272b0d05
03162532332c344a555a6d6b625a4d4a
6bb0e6f6f3e9ddd3cbbeac9e9790888c
a3b9bbb3a089716a818b8b8e8b807162
54493f342a262320232c394956554b4b
5249444640331f1012171213181d2627
1c221312252c25242b2b313111081314
2a3333353632323d3b30494c3f392e28
191d2b25313916323323120d1114141c
2b2e2916231609101a171823303a3f40
3e3b070914132325292e241b1e202627
83817d7c7c7b7b7b7b7c7b7b7a7a7979
7979797a7b7c7d7e7f80828282828282
82828181828384848382818483828383
84848381818283848483818080818181
807f7e7e7e8383828281818080807f7d
7c78767371706d6a69676667686a6c76
75726e6964605e5e6060606162636464
666767676767676767615f5d5d5d5d5c
5b5856555553514f4d4b4d4f51555a60
666b6e717170706f6f6e6e6d6a676665
6364666360616261616262616061615e
58514d4e505151515353504c4e535151
51525353545454545455555656575759
5a5a5a5b5d606365646666686a6c6d6e
70706d7260235c6f5d46444a4f566164
5b51444f454143495b6c6f6c6b593b43
3a493b36211b1a14204346295d5f4954
6c554e616e767e747a80757767576366
4d3a404c515e704c52405d5965666157
52606c6656547079787f786b645a4f54
6564654b4c5f503c3e4235272e404038
4c5c53726f6165615c56362430270a06
0618202d332f364d5a5c6c6961594e4a
70b7e9f7f2e8dcd3c9bcab9e9790888d
a4b9bab29f89716c828b8b8d8a7f7163
554a3f342b272220252e394856554b4e
524742433e342513101514161b1e2526
1a1e1213222927262d323132180c1414
2731363c392d2d35352841433c382d28
1b1c241d2a34132b2f2616101417151c
2a2d2b1b23170c172018151c262f3b3e
3435100c11192724252c2a2427242525
807d7a797978777774706f6f6e6d6c6b
6b6b6c6d6f71747577787a7a7a7a7a7a
7a7a7b7d7e7f80807f7e7d8586848282
817f7d7b7e7e7e7d7b79757371707070
6f6f6e6e6e6d6d6d6d6e6e6e6f6e6968
67656462616061616161606060616161
6262626262626263636261605f5e5d5d
5b5a5a5a5a5a5a5a5a5d5c5c5d5e605f
5f5e5d5a56524e4c4c4c535553515051
5355575c5c5b5b5a5a59595854504f4e
4c4d4e4b51514f4f4f4f4e4f4f4b4c4e
505152535452504e50524f4c4f575454
54555656565757565657575859595959
5959595b5d616466666768696b6e6f70
706e6e77652e6c7a604b4c5a666c6956
38232a3d3a36313249636e6952433431
40311a21201f2021365133264d656059
6d505f726b6e7b70777c676c695e625a
3f31393f3e527a414f61685055605243
444a515a61626b76727068676b5f4540
5f656b454168654b49463324293a452b
465e55736663695e595a433c431e0309
0c1c172534343a5262616a655f594f4c
7bc4f1f9f2e7dbd2c8b9a99d968f8990
a7bab9b09d89716f858c8b8d897f7364
564b41362c281f222a31384756564d55
53443f3f3a3731190c13181e211f2325
171813141d242a2c313f323426151615
212f3c493f2321272a18303335362b28
201c180c1e2b0c1f272b1c151a1c181c
282c2e24241a12242c1c0f10131a323c
222a23140d2630221c283538382b2223
787573727271706f6d6b6a6a69696867
66676768696a6b6c6d6d6e6e6e6e6e6e
6e6e7072737475757473727676757473
72716f6e6f6f6f6e6d6b696767686868
6869696a6a6a6a6a6a6a6a6a6a6a6867
67666666656565656565656564646364
64656464646464646262626161616060
5f5f5f5f5f5f5f5f5f5e5e5e5e5f6060
5f5d5c5a5754514f4e4e505252535456
585a5b5b5b5a5a5a5958585755525252
515254515351515253514f4f51515151
53545453525454515255545253575655
5656575858595959595a5a5b5c5c5c5d
5e5d5d5e60646668686a6b6d6f727476
75737a7f69457878605c616a6d68614f
403435392f343635475d675f49444c42
353924343233343a515b38305a626368
6c4e5e6b6d7571626e79696c69645c52
3f3435322934544e6558514e5558524d
4b4a4a4c4c4f5e70706c5c514f4c464a
565d6b58546c654b453f2f222434482d
4c565a7662646c5f5656463a4128130b
142e2126373c3e4f656867645e575252
87cef3f7f0e6dad1c5b6a69c958d8992
a8bab8af9b876f70878d8c8d89817668
594d42372d2820242d333a4856574e55
5243414039353022191b1e2224212121
23211c19171a242b2c3226282e251c1a
1d2a363f331f2b2f2e1f222934453434
2f23180c1b2e1c221e231b1819161217
202026272c25141a2118131514172735
222b2b130e262f281e2230383e373131
716f6d6c6c6b6a696867676665656463
63646464646464646464656565656565
656567696a6b6c6c6b6a696b6a696767
676564626363636261605f5d5f616162
63646566666868686867676766666767
67686869696968686869696967666467
67676666666665646262636363636363
6363636363636363635f5f5f60616160
5f5d5c5a58565351504f4e4f5154575a
5d5e5f5a5a5a59595857575756545556
55575956555252545654515153565554
55575654515658545457595756575757
585859595a5a5a5c5c5d5d5e5e5f5f61
626261626466686a6a6c6e707376787a
797884866c5882775f6b737873645a49
47433e3627333a374559615642456150
2c3f2d444044454f67653c38655f6774
6c4d5d656e7b6a5866766b6d6869584b
40373328191a355a78503d4c56515256
514a44403a3f546b6e68523e383c4852
4f576b686470654b41392c2020304b2f
52505f795f646e60535449394031210e
1c3d2b263943414d676e65645e565458
91d6f6f6efe6dad0c4b3a49b958d8a94
aabbb8ae9a856d72898e8d8e8a847a6b
5b4f44382d2820252f353b4957584f55
5143424239332f29252223262623201e
2d29241d1312202a28281b1f3431221e
192632372a1d33353126162135523c3e
3c29180c18302a24161d1a1b18100c13
1a172029332e16121715161916141f2e
222d32130e262d2c1f1e2b3843403d3d
6f6e6c6c6c6c6b696867676766666564
64636464646465656565636363636363
6363626162636463636261605f5f6061
626362615d5d5e5f6062636364646566
6768696a6a6868686969696a6a6b6b6b
6b6b6b6b6b6b69696a6a6a6967676567
68686867676767676969686867676767
66666666666666666664646364656463
605e5c5c5b5a5754504e505355585b5c
5d5c5c5d5d5c5c5b5a5a5a5b5c5a5c5b
585859565554545759585554565a5754
53545657575a5b595a5d5f5e5c5c5b5c
5c5d5d5e5f5f5f626262636364656567
67676768696b6c6d6e6f717376797b7c
7e828581615e7f79716b6e6f68533b38
323e584229363f393c42454d5451753e
214646383b4d5753565d55637b5c5f73
675459677f7d574d616e6f6f5b5b4739
312d281c1523405965464e646256504b
413e423f3237576e6050423934354557
535a616e674c36282c2c1f14162c4b41
564f677b6a6a71645553452a333d3819
2a3f3a35424a444a656d6371675a5d68
a4e0f5f2ece3d8cdc0aea09a948b8a96
acbbb7ad987f69748c8f8d8e8b867d6e
5e52473b312b26283039424e595a5151
5146484a413427222324252625211b13
141a20201817273a341e1d17363e2524
21323c3a2e263b3f2d1d212536393438
382e201919323f2b171915141616171e
20151a222729130e141518161615111c
2830311c211a1c322f272e34373a4444
6f6e6c6c6c6c6b696867676767666665
65646464646465656666626262626262
6262605e5f606161605f5e5d5c5c5d5f
616261605c5c5d5e6062646665656667
686a6b6c6c696869696a6a6b6b6c6d6d
6c6c6c6c6c6c6a6a6a6b6b6a68676668
68686868686868696b6b6a6a69696968
67676767676767676766666566666563
615e5c5c5d5c5955514e5154575a5c5d
5d5c5b5e5e5d5d5c5b5b5b5d5e5d5e5d
59595956555455585a595655575b5854
53545658595c5d5b5c5f61605e5d5d5e
5e5f5f5f606061646464656566676769
6969696a6b6c6d6e6f717374777a7c7d
808586805e607e79776b6d6d654e3133
2c3d60462a37413a393b3c4a5a557b38
1e484f3439505d55505b5d71825c5d73
65575768847e524a606b717057574234
2c292419142745585f43536b66574f47
3c3a413f2f3459705c483d3833334458
555a5f706741271c26281c10122b4b46
574f697c6d6c7266565344252f41401d
2e403f3a454d464a646c63756a5c616d
abe3f4f1ece3d8ccbfac9f9a948b8a96
adbbb7ad977e68758c8f8e8f8c877e6f
5f53483c322c292a313b444f5a5a5250
50474a4d43352420222426262421190f
0c151f221a192a3f381b1e1437432626
23373f3c2f293e422c1a252637323235
3830231d1a33462e1818131215181a21
2215181f2328120d1316191616160d17
2a31311f28161634342a2f3333384646
6d6c6b6b6c6b6a686765656565656565
65636263636364646565636363636363
63636262636465656463626363626264
656564646363636465676a6c6d6e6e6e
6e6e6f6f6f6e6e6e6e6e6f6f6f6f6f6f
6e6e6d6d6d6d6d6d6d6d6c6b6a6a6a6c
6c6c6c6c6d6d6d6d6d6d6d6d6d6d6c6c
6c6d6d6d6d6d6d6d6d6b6b6c6e707170
6e6c6a68666363616262616163656768
67666668686867666665656361626667
636364636364646261605f5e5d646260
5f5d5d5d5e5f61646563626163646667
686869696a6a6969696a6a6b6c6c6c6d
6e6e6f707172737476767778787a7b7c
7e807c8c77737b736c69686957372a2e
414f363f37413e303337271f40584c14
3c3b4838525b535d747b757c62688d6d
6963586c7a5e425b76666d79604d463b
303332252e5a6a5b61566a675b5b534b
464048595c596158382c3b4a3f2d344b
566a4a362f181315384129131431484f
435b6f74766d6c655f54352124283841
5e3e40444c504e566361626b5e4f5d76
bbedf8f1e9e0d7cabba79c97928a8a98
afbcb7ac957b66768e8f8d8d8a857d6f
61554c413732302b303d4a555d5c5554
564c4d544f3d2623292923171112130e
0a1f2f34281816232e3747253f4a2029
332c2d3f463933473d2737423e243a3c
2b202b3a242b40252024190d1823201c
1b151b1e26291518201e1d1a17181610
1c182b2e272511201e1a2b3020160e0e
6a696868696867676562636364646464
64626161616263636464626161626262
62636262636364646362616362616264
65656564636262636567696b6d6d6d6d
6d6d6e6e6e6d6d6d6d6e6e6e6e6e6e6e
6d6d6c6c6c6b6c6c6c6c6b6a6a6a6a6b
6b6b6c6c6d6c6c6c6c6c6c6c6c6c6b6b
6c6c6c6c6c6c6c6d6d6b6b6d6e6f706f
6e6c6a69676564636463616264656667
67676767676767666564646362636666
6363646263646362605f5f5e5d636260
5e5c5c5e5e5e60636462605f61616466
6667676868696968686869696a6a6a6c
6d6e6e6e6f7071727474747677787879
7b7d7c8d7a7578706c6a6a6752352e32
444f333d3a4240323135251b3b524016
433c4b41565b5562787e777a656b886b
69665d6f795e4860766a7275604e483e
35383930395e6b5d61586a675c5b544e
4b464d5c5f5c5f5138303e4b42303347
546145312a1711143b46311a142e484f
435e7074766c6965605635252f2d3d43
5c3d3f454b4e4d57646462685c4e5c7a
bfeef8f1e8e0d6cab9a79c98918a8a98
afbbb6ac957b66778f8f8c8d8a857d70
61544b4138332f2a2f3c4b575d5b5455
564c4b524f402a272b29221712131516
1122313527191720293646273b472327
2f282b3d453730423d2a373f3e283a39
271d2b39272b3c282422170d18211e1c
1c161b1e23241318221e1b1815171711
1f1f302f2426151f1b19282c1f170e0e
5d5b5c5d5c595a5e5d56595c5d5d5d5d
5e5d5c5b5b5b5c5d5f605e5b5a5d5f5f
6062626161605e61615e5e615f5b6065
626065625f606162646667686a6b6866
67696b6b696a69696a6a6a696a6b6d6a
696969686765666666676868696a6a67
67696b6d6c6a66656869696867666768
68676868696a6b6c6c696c6d6c6b696a
6b6b6a6968696b6a6764626263636160
6266686362646664615e5f6468676460
5e60605e60605f5e5e5d5c5c5b5c605b
5b58595f5c595a5c5c5b595858575b5d
5f5e5d5e62646464635e646064616265
6a6b67676866666b696c6a6c716f6a6d
716f808b83796b626d6e72623c304546
4b4e2a3442444b3f2d2d220e27371426
5f44576b635961768786797079746965
6c71757c73636673728088616056524f
4c4d56636867686560626868635e5b5b
5d606566676757343f49494c4b3e3037
453231231c1e0914465b563d151d454f
4969787273696162685d3934674a5744
4b38384645434c596671635c524d588d
d0f2f7f1e7ddd4c7b5a69f9c8f8b8a9a
afb8b5ac95806578938f8a8d89847f74
625046423c35272528384e5d5d534e57
564b434b4e48403a34281b1a1d191e3c
30303836211a1c16152b38312b39311d
181a24343c2f1f293a37332d3d3c3729
14142833322c293836190b101816151d
211a1a1f180b07172a1e100b0b10171a
2e3f473017282a1d15191f1e1c201919
56555557575555575754555656565657
58565657585959585858585556585a59
595a5a5a5b59585a5a58595959575b5f
5b595d5b5c5c5d606364646364666565
656667666563626263656668696a6967
676868676666666666676768696a6a68
676768696a6b6a696969686665656769
6b6b6a6968696a6c6d6a6d6e6f6e6d6d
6f6e6b69686666646260606162615f5d
5d5f615f5e5f61605c5a5c5f6262605c
5b5d5d5b5b5c5c5c5c5c5d5d5d5d5f5a
5c5b5a5f5c5c5d5d5c5c5b5b5b5b5f61
62605e6063666563645f656266636568
6b6c69696b69686c6c6e6d6f73727072
787c80857d756f696c70715b3c323d4b
504327354442463b2b2a22111d30263e
604b586562626c7b83807975706d6463
6e7677776f686d7175807f665c514c4a
4c535d6566636665626465615b5a6164
6162656262634f414549443f3a30252c
3f322e2627240f214c564d39191b3a49
42637776756a61616558342e52485545
3d2c384340414e5e676b6361514a5b96
d7f4f5efe6ddd3c6b4a59f9b8f8b8a9a
b0b8b5ac947e6476928e8a8d89847f73
614f45413b342a292d3b505e5e54505b
5a4e454d50484038332d211c1f1d2137
342d3030252525160e1d2a2d2f3a3425
1e1e263031261e2633332d2b3b403f33
1d19272c272425302a110b151b19191d
1c191917130f0d1723170f11110f1316
262e3c3625282b2520252a2620201f1f
4b4a4b4d4f4e4d4d4f52504e4b4b4c4e
4f4b4c51545553504e4c4e4d4f525351
4e4e4f5152504e50504f524c4f515456
524f504f5756585d6263605c5c5f6162
6362605f5e5858585a5d626668686462
636767656567666565666768696a6a6a
67646264686c706f6a6967646264666a
70716d696767696b6e6d6f7173737474
74726d6b67635e5b5a5a5d5f605f5b58
5655565857585a59565557595a5b5957
56595957555556585a5c5e5f5f5d5e5a
5f5f5d605d60625e5d5e5f6060626768
67636162656868616560666469666a6b
6e6f6d6d6f6d6b6f717374757678797a
84917f7b736f76746b726f503c363152
58302237473f3f36292524160d244466
63565a5c62707e837d77797d62635d60
727f7a6f6971776e7a81716f55494242
4d5d696b635c6265666761554f526a73
6866655b5a5e43574d493d2b1f1a141a
3632292b372f1a36554f3f3320192940
365a757f796c615f61502d2532455146
271b393f393e52666a62636a4f4461a6
e4f6f1ece6dcd2c5b3a49d9a8f8b8a9a
b0b9b6ac937b6275908d8b8e8a847e72
604f443f39322e2f3441536161575362
60534950524940343435292023242530
3c2921262a36321703071528373d3a32
2824292b22181c20292e242939464c42
2b21252117181f2416060a1c201e1e1b
161717090b151816170b0d1b1a0e0d0f
18122b413a272c3132383c3527212929
4d4b4848494a4a494846454545464748
484747494a4b4e52585b5756585b5d5b
59595b5c5d5a57565453575556555353
53575c5e67676a6e7273726f6a696b6d
6e6e6e7073696c6d6d6d70747675746d
696b6b68696d717372716f6d6b6a6962
605e5d5e60636464626261605f616568
6b6965615d5c5e606164656566666564
625f5d5f605f5b58575656585a5c5d5c
5b5c5c5c5c5c5d5d5a5a5d5c595c5c5c
5d6162605f5f6061636465666664635f
63656364626566636467686666696868
696868686a6d6e6d736d716f726e7273
747574757878767a787d83827e7e8385
83827d837c73777974776d422a2f2f45
4d312535443e454135302817152c5d66
5b605f5a657885847e7b7e7f6060636e
78797475706e74747679736354524a47
51626a685f5c676766686155535b6b72
685e5e625b544a53504d3c251b1b181c
31342d405144334a4e3c2b25211a1d39
3d6b7974736b665f54432a2729524946
2e32454441485a6d6a585d5c555677b6
e7f4f0ece5dbd0c2b0a29b98908a8a9b
b1bab6ab927a63758f8c8a8e8a837c70
5f4f443e38323539404b5a66665d5866
65584e55564b4136393e3124282c2827
392a262c2f37321907060f273a353331
262124232022282d2724242d343f453a
292222190d111d1f120a101d22231f17
101517080a151818201b1a1e170d1218
1d102137352b363b38373730231e2929
4e4b474445484847423e3e3f41434444
4444444343454a545e655e5d5f626463
6162636465615d5b57565a5a5b585351
545c65697273767a7d7f7e7c74707375
7676787c81767a7c7a787a7d7f7f8074
6d6e6d6b6c72797c7b7874706d6a685d
5b59595a5c5c5d5c5d5d5d5d5d606467
6764605b57555658595e5e5e5e5d5b58
565251565b5d5a5654545153575b5d5e
5f60615f5f5f605f5e5e615e5a5d5e5f
626668666666676868696a6b6b696763
6769676766686967696d6e6b6b6e6a69
6a6c6c6c6e7173767c76787779747878
797a7a7b7e807e827d848d8c8483898c
83787c888375787c7a7a6b391e2b2e3c
45322734423e49493e382b181b326d67
56676359677f8a867f7d81805f5e6878
7d757079766b72787374745b54594f4a
54656c665d5c6b686768625655616c71
69585a665c4d4e5152503b21181b1b1d
2e36304e635344584a2f1e1c211b1435
42767c6c706b695e4c3a2928235a4446
34424d47464f5f726b505953596286c1
eaf2f0ede4dacec1aea09a97908a8a9c
b2bbb7ab917963768e8c8a8e8a837b6f
5e4f443e38323b4148515f696a615b6a
685b5259594d41373d4437272c322b21
362b2a323338321b09050b263c302e30
2520211e1f293136251d2531313a4035
29241f14070d1b1c100c141d24262014
0d1317080915191a26252421150d161e
210f1a30312f3c433d36332d211d2a2a
7d79736d6969686564686b6e6f6f6f6f
6f757674727171727375787572727271
727677767774706c656368737879797b
7c7e807f7071706d6a696c707475716b
6561626569696b665a5153606c706859
4e4f504b494c4d4e4e4d4d4d4d4d4d48
48494b4d4c4a474444474a4b4b4c4d4e
4c4b4d5053555859594f5054595f6365
6463646b73787875727072737372706d
69676769686766656465686a6c6e6f6e
6e6f6e6c6f6f6f6f6e6d6d6c6d70726f
6d6e6d6d6e6d6d6e6e6d6967676a7173
76797a7b7c7e7e797f78797a7d787b7d
7c7a767374757275747274736e748289
847e807d7c837f726d634d2c2d4c4e38
312d3834393b4d4e4035302d334d828d
6a7356687b858482878c847466626879
837c726f6f6e758377717155595b595b
6670706761647064595c605f626b6a5e
5759605e5b5c4c3d515135201e21252b
2e342e50584d4d4c37271d171f241831
56796d63687474695c5046433c6d4243
4c59413f4d5662706a565e4a667796ca
edf4f0ebe2d6cbbdaa9d989691898a9e
b4bcb7a98f7a687a8f8c898c88817a6e
5f5147413b373f475059626a6c645d69
6a5f585f5d4e4035383c30252b312719
34353e463d31261b1c2220303b281e1b
131c150e141d282f2c1222342929271e
212a271a0d111d1f1e1b1517272c2013
111519181019191c2f31291c131a231f
1f1719212d2b3840392e292723262c2c
88847e7772716f6c6c7276797b7a7979
7a8082807e7c7b7a78797f7b77767574
767b7c7a7b79757169666b787f818385
868687856f706f6a6563676d73756f68
605b5c5f6365676152474a58676b6252
46484943404243424343444545464643
444548494946423f3f42454747474849
4545494d525658595a4c4d5258606568
68676870797f807d7977797b7a787470
6c69686b6a6968666667696c70727271
7172706d707171706f6e6d6c6d717471
6f6e6e6e6f6e6d6f6f6c686666687275
787b7d7e7f817f797f777a7a7e797b7e
7d79757171726f72726d6e6d69718189
847f817b7a8680706a5e452931545537
2d2c3b33373b4e4f4034313339538797
6f76536c80868381899085716863697a
847e736d6e6f7685787070535a5c5b60
6a7371686266716356596062656e695a
5259625c5b604b38505134202023272e
2e332d51564c4f4933261d161f271a30
5b796a616776776c60564e4943714142
525e3e3d4f5863706a575f48697c9acc
eef5f0eae1d6cabca99c979591898a9e
b4bcb7a98f7b6a7b908c898c8780796e
5f5148423c384049525b636a6c645d69
6a605a615f4e4034363a2f242a312617
3437424a3f30241b202925323b271b16
0f1b120a111a262d2e10223527252118
202c2a1c0f131e20211e1615272d2012
12161a1c121a191d31332a1a131c261f
1e19191e2c2a373f382c272524282d2d
7e7f7e7b77757373767c7d7b766d6a6e
726a6a727d888e8d867e6a666362605f
62686f75787978746a666a61646c7276
746e6d726a6861574d484a504f4b4640
3d3b3b3a394a586163605e59524c4c45
475151463e3d3f4141414040403f3f42
414142444647484747494b4c4a484847
50585f676e737474737472707172716e
6b6b6f6e6e6e6e6c6866646261606060
6162625f5f5d5a5857585a58585a5b5a
5a5b5956545353535353545451455153
4c4a4c4c4c4d4f504e4b4d5256555558
5a5a59595a5a58575c57595961616264
5f5955515258565b594e4f6482989989
7d83857f7f84776a6b5b342a4348353f
402e232e445062624d36313c4354827d
66626f81888a8c908f826a585e849b8d
7d7b7b73717d827a7f6e52625c5e6870
74726e68676a665a51586b75736d5d5b
5f585d665649544d53462d2426252a32
2739354f4d4c513f424c4b413c494449
706d7b7a8276706a696e665c545a473a
52433f5868696a665857616e736d93d3
f6fcf1e5ded2c5b6a599979691878aa1
b6bbb5a78d7b6f7f908e8c8f8a81776c
60554d48423f3c424e585d6366605967
6a635e635d4a392d2c2f2d2d2d282223
29222633352f231a202b2a2b3234281e
1d180a020b161a2f2b14283e3430281f
2c3d3d311b1721201f1d110f1d231c15
181a191e2e332715130e16221a11150c
0f1214162421273437322920191b1313
7a7977736f6c6b6b707778766f666264
6765666c768086857e776a6866666462
64686c6f7172716d635f635c5f65696b
6a656569615f584f474344484845423f
3f3f403e3c4957636868655d51474641
444e4d433b3b3d3d3e3f3f4142424241
404040424446474646484a4b49484848
4f555b61676a6b6b6a6a686767686866
6364676666666665615e5f5e5c5b5a5a
5b5c5b57585653515051535152555655
56585755535353535353535351495558
51505251515355555453565b5e5c5d61
63636162636261606460625f67696a69
615a564f4f545155545154647b8a897f
787a7d7979776c6567573631423f303e
3f2d24344d556464533e36404c5e7f7a
64657583888a8e918c7d685d6a849489
7c7c7d76747d81797c6b53635f616b72
72706b666567655c565d6e75716a5d5a
5d5a5e61554f535350402b242523272f
293c364b4b4c4f3f434c4c443e4a484c
6c69787a7e73706d6c6f67615b584a3c
554a445a67686b67595c6773726c97d7
f7fbf1e6ddd0c4b5a499979690868aa1
b5bab5a68d7a6f7f908e8d8f8b81776c
5f554e48423f3c414d575d6266605966
69635e625c48372d2c2f302f2d252024
2620222c2f2c231d242f2e2c3034281d
1e1a0d040a12182a2a182439322f2720
2c3b3d331b1522201d1d14111a201b17
1a1d1b1b282f2617140e131c160e130d
131313141e20242f34312a211a1e1818
6b66615a534d4d515b6767645a4d4442
4453595b5f656968625e6c6e7275726d
6a6b64595a5a5a564a44484b4d4d4947
4847484e44403a3533302f2d2e31353d
474d504c4845536779837e694c363134
3c4440373336343235393f44494d4f41
3e3c3c3d404142434446474747494b4c
4a494b4d4e4f4e4c4b47464647484a4a
4a4c4d4b494a4c4b47444e504c494746
4646443d3f3f3c393a3b3a3b3e414446
494e504f52535252525251515257646b
65676862626668696b6f767a79737880
83817e8083817d81838181747d84857a
6a5f564a45474142445c6664625a555d
665d6066644b45545c483e494022223d
3b282a4d6c686a6e685a4c4f6c82746e
5f6d8c8c878b9594816a636f91847b7a
7c81837f7d7e7c76726357676c6c7676
6d66635f5d5f6364666e78776b5f5e5a
5964655152635267452d2627221b1d26
2e473b3e444a4941474b4f4d444d5657
615d707b706b727979736c7473505445
6262586364666f6c606f7e83716ca5e4
f9f8f1e7dacdc0b2a29897988f848ba3
b6b9b2a38c7770808f8f8f938e82756a
5e564e484240393d4a565d6266625b65
6a645d5f5743322d2e3238392e1c1828
1e1712141921242532403e2d28362a1c
2223180d0605101b2a2617272a2a2623
2b353c391b132421151c21180f13191d
232b23111623241c1a0d070706060b14
2318110e0a1c1b20292d2c261f262b2b
544e4b494846484f55585b5b58534f4f
50575a5c5f61625f5a565f646b6f6d67
62615b545352524f4541454648484444
49463b3a3836323131302d2b2b2e333a
43484a46434248525d64645845383738
3e43413b393d3e3f404245484b4d4e48
474645464848484747494a4b4b4d4f51
4f4f5051525252515150505051525355
575755545557595958565a5a57565657
57575656595a5756575858595c5f6161
64686a69686866656463616162697074
7073736c6d72737375787a797977787d
7b726d727c7f7d7f7d786d505155534d
423a362e2c322d2e2a4143424e4f423d
423d3a3c3f37405252484a513f252e41
3f39465d7063606668656065767c6d6a
6e768a908d8c908b7b6e6f7e8d7e7574
72737980827e7a786f64656a726b7474
6c6865605a5d696b6c6e6f695f595b5b
5c6261525361585d3e2822211d161728
424c3c3a3f4a4b4948484d4c474d545b
646775776d676f73706b6770724c4741
5e67626663626a6a636e7b7f7275b3e9
f5f4f0e6d9ccbfb1a19898998f838aa3
b6b8b1a28b7670808e8d8f928e817468
5d544c453e3d393c49575f6469655e65
6a635b5b5441332e2e30353528151222
22231e19192328293238362724332c23
2a251a120b070a151f1b14202a2d2b2c
323a3e371c1324231a232a1f13141a20
29322611141d1a13160e0806080e1219
271b120e0917141922282c2b292f2323
36302e34393d434d4e454a51565a5d5f
605d5d5e5f5c58544f4c4f5762696860
5854514e4a4848483f3c424143423d41
4b442b1f2a28282c2f2f2c28272a3037
3e42423f3c3d3a37383d41413c3a3f3e
4043434142474d4f4f4f4e4e4d4d4d52
5252525352514f4d4b4d4f5051535556
5656565656575859595d5e5e5e5f6164
6766606265686b6d6e6e6a6866676a6d
6e6e6e777c7e7c7c7d7f7e8185868785
868a8b8a8583817f7d7a777677808080
7e8381787b82828082848179787d7879
715f5661737c7d7d756d542117181213
0e0a0c090c151215091d151634402a14
141409070e1e3a4f4746595c3e2a3d47
434f6a72765d545b69737b8383756365
82838896948d887f7472809389766d6d
65616d82897e777b6b65776f7a6b7171
6b696861585a7074746f65575052575c
605f5c55545f605134221c1a1610112b
5c543e343a4b4e544944494b4b4e5162
69757b716a636c6d6461616c7147373d
59706f6a625e6368686d767b7482c5f1
f0eeefe6d7cabdafa098999b8f818ba5
b6b7afa18b7571818e8d8f928e817267
5b524a413a38393b485862686c6a6265
6a625857503f332f2d2e312e1f0d0b1a
29332d1f19252e2f322e2c1f1e30302c
35271d191209040d110e11172b313338
3d4041351d1323271f2b362919151a23
313b2a1012150e08110f0b050b191c21
2d1f140d09120b0f19232c32363b1919
5d55565e615e5a5b5f5d5955504c4843
403c3c3e3e3b3837383c424d5e6c706d
686664615d5b5e625e5f666162636372
88825b3e3e3f4245474643403d3e4247
4b4e5154575b5955545353525050524e
4d52585b5b5b5e605f5d5b5856555455
5454555758585757585b5d5d5c5b5959
5f62626263646566666465656565686d
7272707070707073797d777474777b7f
80807f878d908f909294949395959491
929597959493918e8c898784806e645d
5c625f555b686a6666655c535e716e67
4e2f23314e646c6c6868531e1923222a
28262b2b2f3a36372a53524b60624735
393a3f373544545a5053594f46464b56
58696d6262585a5f6b7b827b716f797f
838892918e89807a7a7e818077807f6f
67717d7d7c7e7b726d6a717c6f70756f
666466615c6072716c64574c4f5f645f
5f635e4d5061553b3c31201b1d1d253e
52393035384d4d4d474c504d5051475e
72757878766c67626268645e61462b44
556467635f5b5d6c7975787e7887c7f2
f4f3eee2d6c9bcae9f989a9b8e808ba6
b6b5aea08a7572818d8b8d908b7f7165
5950473c35333738455762686d6b6463
675f54534d4037302a282623190e0d18
2838332526373d2f2724241e202e2e2a
2f281e1b190d0413241a10163138383c
3b3a3c32221620282934372b2119141b
2e351f0c0f1c1b131713120f10191b16
201e13090f100a121b1f2223242d2020
736b6c7578706663686a62574e453d34
2e292a2c2c2826272c333b485c6e7674
71706f6c68666b706f727b727475788d
aaa476504a4c50535452504e4a494c50
52555960666c6a6663605d5b5b5c5c57
545b6469696668696865625e5c595857
565657595b5c5c5c60626565635f5c5a
646969696a6b6c6d6e68696969696c72
777a7978767473777f857e7b7c808589
8b8a8990969a9a9b9ea0a09e9d9d9b98
989c9d9c9c9b9a9795928f8d8564554a
49514c424a5a5d575654483f4f6b695d
3b1506173a5762636065521d1b2a2b36
37363d3e434e4a4a3c70746978765848
4e505d514b5a6361555a59484a57525f
64786e5a58565d626d808676666c858e
838b988e8b877c777d8682766e858970
6779867a747f7d6d6f6d6e846973776f
636265625f647370685e4f464f676c61
60655f4a4f634f304039221c21243048
4e2a2935374e4c494551554e5353415c
7875767c7d72645b616c665658452549
535e635f5e595a6e827a79807b89c9f2
f6f5ede0d5c8bbae9f989a9c8d7f8ba6
b6b5ad9f8b7573828d8b8c8e897e7164
574e453a32303636445763696e6c6463
675e52514c4139312924211d160f0f17
273a36292d42452f201f201d222d2d2a
2b281e1d1d0f05162f211015353c3b3f
3a37393024181f292f39382d261c1117
2d3119090e2123191b16151413191b10
191d1206120e09131d1e1c1b1a252424
463c312d2d2d2c2a2a2c313434353b47
505f60564d50575654595755514d4e50
4f4b48494d525455606664535e5d5455
595249454040444c565d605f5f616260
605b555654595957555558595654565d
5f60666967656161676b6b69686f7c77
75757471707376787c7d7d88877b7d81
7d7a7a7e878d8e939488898a8b8f9394
918e8d88858789867e7678858885847e
71707e7e7a7d7f7c7c7f8285847e8081
7c7b7c757779767373787b705d3b1c23
2b1f171a2740617c877d69636a643e1c
120f0b163b606766727d65566d786f68
767e6f65768d8a756385929185746d70
758081786f635e615d5d5754595f6272
848b5a5f5d6073807f7d7a73767c848a
8c8f908e887e7a85918c7f6f75686269
78848580776c666873736b6a686d6566
666a665c6165645e545554545f696667
72725b4253715744493e2d30352e303e
3237364a37283d454b5053565958686a
6d7f6b6b69746953565a4a50370e3246
545c5a5c6361657a818487736198dcf7
f8f2e9dfd2c4b6a99d9796948a7f8fab
b8b6ae9e8b7d72878a898d928b7c6f61
5048443b32333a3c4558626769646166
63605a5047403b2c1f1d1f1f1d1b1925
313e2e2a3638302a26222a2120272711
1f18171c2124201e2f392e1a1a322f2a
2c2c30352b21362a2c312b2823211810
19262b252831200a0c1b2017131d2926
1a120f0c0b0605070d12161c1e171c1c
42372b25242526232223292f31343d4b
5666675b51545d5b575b58534c454548
48434143484e4f4e5a615c4b59574d4b
4b4441433f3f424b565f626363656563
625c535351555655535457585653565e
6161666967656060676b6c6a6a73837d
7b7c7a7675787b7d8081818c8b818385
7e7c7c808a8f9095968a8b8c8c919595
918d8c87858689857b7173838682817a
6b6b7a797376797675797c807f787b7d
7776766e70716e6a6a6f71685535141e
28191218263e61818d83706b70633813
0d110d173b5f6665737e675f7a857a71
818b796d8198967e6d89949386757479
7c87877f75655d605d5d58575d616676
8a8c575f5f647884817c7874797f8389
8e908f8e897e7b88948c7e6e75635c6a
7d86847f776a626874746a66686c6264
666b665d6265605a51555658626a6567
75735a43557358474a3e2f34382f303c
2f3a394d36213b454c51535859596e6c
6b806a69667369525357464e30063245
555d595c6462677c81868a715d9ce0f7
f9f1e9dfd1c3b5a99d9795928a8090ac
b9b7ae9e8b7f72878a898e938c7d6f61
4f46443b32343b3e4658626769636066
62605b5046403b2b1d1b1f201e1c1b27
323d2c2936352c2826222c232125250d
1b15141b1f2624212f3c321b152f2d28
2a2a2e362c233a292b2f28272322190f
15252e292c3420090a1b2118131e2b2a
1b110f0d0c0605050a11161d1f151a1a
706e6a66625c554e463a363743545e5b
554c453b34373a2f1f1a1a1c1d20272f
3332373e3d3b35303433292b3b3d383c
403f40434b494a4f5961666867655e59
5953484c504c5156595a5c5d5d5b5e61
6060676b6b6c6a67656363686d7a8a8b
8b8c8985848584807f7b7a7671838763
5b656864615f59544d4d4e4c4b4c4e4c
47464b4d505354514d4a474a4d505352
555b595c5c60666a6c6e73777672797f
7b76726961534b4336272336484e363b
413b425366615d676e79848c83644832
32362c28364041554f54555e757a6f77
8689878d95969897a6935e5276979d91
847f7d78766a5d5a535a6973706c788a
8366595b6a7e86827d7b7f848585868a
9093918f938d8b8e8a83766f665f6881
8d84756d6e6e6d74786e5e606c646466
63666e716c5e4c5255616c6c6c69686a
64545060736f553d38322b2e322e2b35
3d383d472922424b4f585d5349536266
697a716c666666594e56553423191d3b
646f676264626271838c897069abe7f9
f8f1eae0cfc2b4a89c979592888091ad
bab7ae9c88786f868a8a8f948d817565
5246423b343641494e5760696d645f64
64635c52483f3826121121261b1c2322
1c1f1a1e221f22241e202f39311c130b
080b0702030c22302b302121131d2b33
312e30343833352121291c222620150c
122a272126342e180e141c1b1c222525
221d1417221d0e0611242c2b24171010
61605c58534d47423d3832323d4f5752
49423e3632383d332521202325282d34
3735393e3d3b373439392f303e413e42
4747494b515052575e63646363615c58
5b564b50555155595a5b5c5d5d5c5d5f
5d5c616362625f5d5b595a5e61697573
7375726e6d6d6b67666667636073744e
4a595d57545655544f52535353575a5a
56565b5e636667656462626365696a68
6e756f737476797b79797c7e7a74787c
756d685f574c48463c2e2d41565b484d
504c5260706d6a70747c84898063503e
3f4137344149485b545a595b6c73717d
8a8b8c9296939598a395665a79959b93
8984827d7c7266635c5b667173747b81
77615c5d6e8287827f7e80848585878a
90918f8e8f87878c8b82726967646d81
898175717171707373695d5f69636566
63676f736c5d4f55555f6a6b6a65666b
645352657166513b34302c2d31302e35
3b38434a2d2640494f575b534a56646c
6e77716d676261564a5255352b2b2642
666a676263626271858c867271b3ebf9
f7efe8decec1b4a79c979591877f92ae
bab6ad9b87776e868a8a8f948c7f7364
514541383031404c525960696c625d64
65645c52483f3628171523271a1b2323
1e201a1e201e20221c1e3037371d1910
090c0704060e22332d2e2326171c2830
2d292c31373434221f2a202224201710
182d291f1f2f2f1d12161d1d1c1d2021
211d15151f21120811222b2a23150f0f
393a39342d262221273128243041463a
2a282a2a2f3a433f363432363a3d3f40
403e3d3e3d3d3d4048483f3f484c4e53
595e615f6264676b6c68605858585558
615f555b626061605e5c5d5e5e5d5d5a
5451524e49494441414042433e3a3c33
343736312e2e2a25262f373232484215
1f3a4037323d4c55545f61646a727a7f
7f81888e94989a9c9fa1aaa7a8ada8a2
aebaaab0b6b3aea99e959593877c7875
66574c443d3b414f4e41465f7e7e787d
7b797e848b8c8a89858483837a63665f
606058555d5f5d6b656a64545362778d
949298a1998a8f9a999a7c71808f9598
9894908b8d87807c735e5d6b7d8a846b
56546362788d8983858683838486888c
908e8b89867a7b878d8269596c717b82
817a777a7b787872675c595c61636865
6468737a6c5c585d545b6869645d626c
645158736c4e47342c2d2d2d32373836
353a525237333b44515557524d5f6b7a
7c71716f6b56544d3f48533741593f56
6b606664616164718b8c7f7886c7f4f9
f3eae3dacdc0b3a79c97948e847f94af
bab6ab9985746d868a8c8f928a7a6c60
4f443d3226243f565c5f636a6a5d5865
68665d53493d322f26202a28191a2325
22231d1e1e1a1b1c161c3533481f2a1f
0d0f09080f13233d3028293421182027
231d202a343932241a2d2b2220221d1b
29372e1a0e22312b1f1c22241c111317
1d1e1612172b1f0e101f28271f120b0b
2f3032312e2e2f31353833313843463f
35343636383f44413c3d3a3e42444444
444244494848494d54544d4d52545456
575a5a555454545554504a4443434142
49463c40444544424142454644434443
42444745424443413f3e404342404341
424647423e3e3d3f46483f2d252e2910
385e615450607482858a89898b8f9396
959495989ba0a4a9adb1afa9a8a89c8d
949e8e89928c827d746d7071665a5756
4d45403d3935373c3c3a456178737680
84898d9095959392908c898b8a7f7d78
7a7b7472787c7a80797e8078767e8a96
9a999da1988e959a95988a858c929696
93918f8a8b87827d6f5b60717c7e735b
4e576c6e7f8a87868a86828487898a8c
8f8e8c8684838186867a72666c788382
7c7a7b7c7a77746a5d5b6366636b6c65
676a6e6f6259585d565e6d6a625a6067
5f576378694c482d292c2e3034393a37
3340584f3e37333f575854565764707e
7a6d6c716e554c48404a58464750465e
6e646666626266748b8272778fcff6f9
f3ebe3d9cabfb1a69b97938c817f95b0
bab5aa9784726e888a8c8e9087776a5e
4e423a302522314b565a5e6463585868
6b66594f44372a272220231e15161b24
23282021282928272427392b3f232e25
15110b121e1b1f36342a2e362b232729
262220212b37362e1d31362e26231c19
262d281812202d2a1e191b1b140f1214
181d1b1411221c100f161f211d131010
24272a2d31363d4445403f3e41464744
4141434343444543434843474b4c4a49
47464c545454565a61615c5d5e5d5c59
5656534b4643403d3b37332e2d2e2c2c
302c21232528252122262b2d2a27292b
2f373c3b3b4041403e3c3e4446474a51
51565a56504f525a6964492718130f0c
5485857470859fb2bab8b5b2afaeafaf
aea9a2a2a4a8afb7bdc1b5aba9a48f78
777f70606b62544e4642494c42373436
33313437352e2d282932456471667383
8e999e9ea09f9d9d9b9690939c9d9594
97979492969a9a978e939f9f9c9c9f9f
a0a0a2a198939b9b9196999c99959695
8e8e8e898a88847d6a5765787a71604a
475b767c878884898e878186898b8b8c
8e8f8d83838c898480717c766c818c81
787a7e7f7a767161535b6e7167737167
6b6c69645655585e5862726c60585f62
5a5d707d674b4a26252b2f32373b3c38
32485e4c443b293a5d5a515a626b7582
7969687472534442414c5d574d474e68
71696767636269788b78657799d7f8f9
f3ece4d8c8bdb1a59b97928a7f7f97b1
b9b4a995827170898b8c8d8d8374685c
4d41382e2520233f4f55595e5b52576b
6e66554a3f30221e1f201b1311121323
252e23233239363433323f223628342b
1e140d1d2e231a2f382c3438352f2e2c
29271f1722353a392035423c2c251b18
23242116171e29281d1615120d0c1011
131d21150a181a130d0e151c1b151515
3e404244454646464647484746444243
4448494948474645484e3d404242403d
3d3e3e3e3d3a363534312d313031322f
2e2f2e293030303236383a3a3b3d3c3a
3d3d3b44454343454b53585853505457
5a60615e5e646b6d6b696b737c848c8c
84868b8a827f828992948a7d7772737e
96a8a3918a95a1a9acaeaba8a6a7aaad
b0aba2a1a09d98928c888583817c6c57
5055535a5c4a39383b425255473c3839
39393c403f403f41444d5d6c747a8286
8c908c868688857e7c7e838d93939796
94918b84838a95a09b98989797979596
999c9c9a96969c959b97949695949590
85838888888785795e5f6e7571685846
548580898984868a8780818c8e8c8986
8a8e918688827c73696d78817c817c70
6b71797d7469635855616f6e69706d64
6969625c555a5c63626d756b64646f65
535e74705a443422292d30393c383435
3847533b3a3726395c5c525c666a7879
6e666779705546494d4b4f5749345a6a
6c696367635d6477846c6378a5dff8f7
f3ebe1d4c5bbafa39a9791877b7f99b1
b8b2a693816e708a8b8c8e8c8275695b
4a3c34312f2e2e4550565b5e5b565e69
6c6252494133271a1a211d121113121d
171e191e303a3938321f27272c352322
15131c2f3c372f3942373b383a373a2f
2525211a2537393a1f2a33342a1f1916
13110c121c1a1b17100e10100d0b0a09
0e1c23190e0c0f110f0c0c0e10131a1a
4a4b4d4e4f4e4b48474b4c4c48434043
464b4c4b4a4947474a503b3d3f3e3b39
393a3834342f2824201b191d1b1d1f1d
1c1e1d192727292e33393d4042434441
42444752535051555e676c6b6562686b
6e72726e6e757d817f7d7f88949faaa6
9c9ba1a19994979ea5aaa8a4a29c9fb0
b3b8b09d959ca2a5a6aaa6a3a2a4a8ad
b0aca2a19e988e81766f6f71706b5c49
3f434757553f2e2e36435659493f3a3b
3c3c40444448474c5059696f75838988
8b8d857c7a7e7a716f747e8a908f9897
938f877e7b8493a4a09a959395969191
979a9a9894979d93a09792949494958f
827d858887878577596372736d655444
5b9785908b83878a857d828e908d8884
888e93888a7e776b5f6c768784817668
656e777c72635d5556646f6d6a6f6b62
69675f59545b5e666671766b66697767
4f60776b54412a202b2e313c3f363035
3b474e33353525385b5c535d686a7975
6965667c7056474c524a4958472b5f6b
6a696166635b627682676379abe3f8f7
f3ebe0d2c4baafa39a9790867a7f9ab2
b8b2a693806d708a8b8d8e8c8275695a
493a32323434334750575c5e5b586169
6b6150494134291817221e111114111a
1218141b303b3b3b32171d2a273b1c1e
111223374340383e473c3f393c3b3f31
2324221b2738383b1e262c31291c1916
0d0903101f19140f0a0b0e0f0e0c0805
0b1b241a0f070a10100c08080b121c1c
3f3e3f414444413c3a3b383532302d2a
28231e1c1c1c1a1613120f0e0f100f0e
101416181e22262d33373b3f3e454a4d
50545657606061605f5b585655595c59
585a5e68656b6f777d807f7e7e80868a
8b8c8e8e929ba1a4a6a5a4a8acaeb4ac
9c98a1a8a6a2a2a4a6a3aeb2aeb2b6b6
b5b6b1a9a8a8a5a39f918a84807b7876
77726a6c6e6f717a8792909495959793
8b8e96929389848b8f8d8d91928c8a8b
8d8b8a8a8f8b8c8a8784848d9093938c
8e8e85828385817a7875747877767b7a
797a777476828d91a0a2989197a1a49d
9b9d9fa3a29fa3a09ca3a09c9d9c9794
928c9696928f8e81654b6883725f6d82
83808a8a808088847d8389898c8c8986
898d918f837268686e7883828e725f60
696d70756653535a676c5c5767656562
605c5b5d5e6471726e6d665f69776948
4463725442412f3139302e393c312b37
4a392e181b2f3d51565b5d5b616c7d6d
6c6a707a61504c535246464c44356c69
696c6269655353676f616b82bdecf7f4
f1e7d9ccc0b7aca199978f8277809db2
b6aea3907e696f8a8a8d8f8e8475675b
4d40393d42424d524e51555856545c64
665b4d4841342c23222a2b1a0d131915
1f181e2c313031322813133627281629
28344844363f535450504b4039314234
1f242c2732301f221e1f1b1e1b1a1f1e
150b08181516110b0f161c1e1b110607
192c281f2014101317160e0508171515
3937383a3d3d39343234312e2c2b2825
221d1917171817130f0f0e0d0e10100f
1216191c21252b33393d424343494f52
55595b5d6464656563605d5b5a5e615f
5f61656f6c72767d8385848284878d90
9091939498a0a5a8aba9a8aaadaeb3ab
9b98a2a9a8a5a4a5a5a1acb1adb2b5b3
b0b0aba4a3a29d9b9688827d7a777372
7370696d7072757f8d9895999a9b9f9d
9698a09b9c9490979b99969a9c989596
97959393969192908c88878f9395948d
908f8885878885807f7b787a79797e7c
7c7c7a7678828c8f9d9c938e95a0a39c
999b9da2a19ea2a19ca4a19da09f9895
938f9896928e8d81664c6983715f708a
89808b897f8088847d848b888c8d8a87
8a8d8f8b7f71696a707885828c705e63
6d6f6e706351535c6a6d5a5667656562
5f5b5a5e5f6572736e6d645f6a786646
4665704f3e4030333a312e393a302b38
49372b181c314154565c5f5c616d7d6b
6c6c72785e4f4d545146464a453b6e6a
696b636a655251646c616c83c0eef7f4
f0e6d9ccbfb7aca199978f8276819db2
b5aea2907e686f8a8a8d8f8e8475675c
4f423b3f454450534e50555857555c63
65594c4840322a22222a2b1a0c131a15
21181f2d312e2f302715153929271a2c
2b374a44354057564e4e493d362e4134
1f242d29332d1a1d1f201b1e1b1b1f1e
170d0b191418130d111a1e201d14080a
1d2f2a2023181315191811080a181414
110d0a090a090705060a09080b101311
0f1414151b21242525252c2c30363c3f
444b4e4f504f50555553564b494e504f
50504e535455575a5e646a6e7073787b
8084889291919396989795979ea5a7a9
a49fa2a4a5a6a6a8a9a5a1a1a2a1a2a1
9a9ba4acaeadaba7a1999e9e9ca4a096
8980797570655d5d56585a616b747a7f
858d979fa9aeaeacabaca3a3a3a4aaac
abacacaca8a3a2a7afb3b2b1b0ada7a3
a3a29d998e8b888a868082858d939492
9a9c9a9d9d9d9fa6ada79ea0a2aaaaa8
a8a7a0948a858589806b6876858c8586
8b8c8d93958e91999b9f9ea2adafa397
9393958e89817d79696a787666657c90
94988d807c858a86858f928a8e939493
908a826a687378757174888872696d7f
877b65554f535d68706f5f5c6f706c66
5a575b6062616e6c6b6b64666f6c5b53
627466413336363b39313135312d3238
38322f353c4652565a63676368787a66
6b747968514c52524a464b474f5d7a71
6b666b6d634f495860606985c9f3f7f4
f0e7dbccbdb5ab9f99978f7f75829fb2
b2aba08e7e68718b898d908e85786b63
5a4e45474b4550504c545c61625d5f64
6455474333211716181f2214080f171b
22141b2d2f28232223282b4d3b30443a
32313839394a5f53342f2c2224203933
23272c2a2f1b0a10292c2c302a241a16
1f1d1f201729251d232a262024261e22
343e3229312622232323241f1b211414
151311121315141213151516181c1f20
1f222223282c2f3133343736393e4143
464b4e4f4f4d4d535350524b4b525556
5859595f5c5f64696e73787c7e818383
87898a94949495989a9a97999fa5a6a7
a29da0a3a2a2a3a7a9a6a3a4a5a3a3a1
9d9ea4a6a5a29f9a948c8b858588817d
746e6c6d6e69686e696c6e757f86898c
90969da2a8acadacabaca5a5a5a6aaab
acaeababa8a7a6a9afb3b2b1b1aea6a0
a1a29e9b969492918d8a8d8f929b9c99
9f9e9c9e9c9b9ca0a7a3a0a4a4a8a8a5
a4a39d958f8b898a87777680898e8986
8a8b878a8b85878f939597999b99928b
888a8c8887807d7b6e6d76746c738793
93988d8180898c89898e908e90939291
8c847a67656f7778757987857471747c
7f7562524f5863696b6a625f6d726b63
58585e6265646e6a696a666b70665b5c
676d5a40383738383734393a3331383c
3e3c33384147545c606364656e7d7766
6a757762504e54524c4b4d484e5f7571
6c6769675e4d495a63666a88cdf5f8f4
efe5d9cbbdb4aa9f98978e7f7582a0b2
b2aa9f8e7e69728c8a8d908e85786c63
594c42444842484a4a555d6060595a64
6455494535221814171f22170f111620
23171c2d352f2725282c2e4b30354c3a
2d3035373c48554e35342d232f2d4139
29282b2d301b0e122b2a2d322d231714
20231e1a1429251c262e2a2426282223
2f362d262c23232624222522191a1919
1f1f2124282c2f302f2d303234363a3f
434240414345454951554f4c4c4f4e4c
4a4c4e4f4c4849504f484a4c515b6065
6b6e70796e747f888f9496989c9f9b95
96938f979b9c9b9c9f9f9e9ea2a5a3a4
9e999ea19e989ea6a9a8a8abaca7a4a1
a4a6a39b928c86807b736352554d4047
4949505e6b717e9291989aa1a9acaaa7
a6a9aaa8a6a7aaacacaba9a9a9aaaaa9
aeb3a8a8aab0afadafb4b3b3b5b0a49b
9ca1a09ea8a9a69f9b9fa5a39dadada8
a8a29fa19a989795999ca4aea9a4a5a0
9e9c98979a98928e948f949793949288
88887d787771727a837f8887766b6e72
73787a7c82807d7f797373737a8fa09b
92998e8189939191928d8d9594928f8c
85776a5f6167747d7e83868078828278
6f685c4c4e64726d606268676875675d
545a63666c6a6f6865696b75745a5b6f
715e433f42383d35323c4a4537394447
4a513d3f4c4a58686f645f6a79867267
677875564e5258524f5551494c636c74
6e69675b5248485e6a726e8ed6fbfaf3
ece1d6c9bbb3a99e98978e7e7483a0b2
b1a99e8e7f6c758d8a8c8e8c83796e64
57473b3d423c393d46575e5f5c525064
63574d4a3a241b11131f221d1d17132c
261e1f2f403e302c34353448193e5f3a
222f2f35444342453a402e2644485346
372d2a34321a15182e27303633221010
23311d0d0d29251d2c38332c2b2c2a26
2526221e221c272f25202828150c2424
30302f32373835353533333437393a3b
3b3e3d3d3d3d3e404548464748484848
4b4f555858575c67686362686f757879
7f84888c88888b9094989a99999a9b99
97928f959a9f999496999b9ca0a3a0a3
a19fa4a59f9896989795918e89827e7d
7878746f6c68646262615e585c5f6068
6e73798287898e989a9fa0a4a8a9a6a5
a7a9aaa9a7a7aaadaba6a6a8a8aaaaaa
acaea8a7a7a7aaaeaeaba8a9aeada6a0
a09e9c9da1a2a2a09ea1a3a09a9e9d99
979393979696989a9c9b9ea4a19ea19f
9e9d9b9a9a9a9690949295979696958e
8e8e898786848383887a716b6668707a
7d7778737276787a7873737b89959c9b
969a8f8994968e8d9192918e88908f81
72686961636b747e8382837f74777870
655e5c5a5d686f6c66686c6c6f71635b
5960666869686c62626b757b725e6062
564e433e423f4229384248433c3e4241
454a45423e415664666366717b82786a
6b7868524e53544a495456534f576f77
6e67645e53484c606f73769ce2faf6f3
eadfd5c8bbb2a79d989488797284a5b4
b1a99f8c7b6a758c8c8d918d81776d5d
4e443c3b3f36384147515b605a4f5360
63564c45342317151a1f1d1b1912162d
1f20283135372e27302c2b3a17414524
121d1e212e3c48453a3738274550553f
343535362817191a1f282b3029180c10
1f291b0e1028231a2e3b2a1f282e2b28
261c281f1a1422252020282515132121
3f3f3c3f44423b393b383736393b3b38
353a3c39383737383a3c3e4244434245
4b535a6062656e7b7f7a7781898e8d8c
91999d9d9f9996989a9c9e9b96979b9d
98928f949aa1968d8e94989a9ea19da3
a4a4a9a9a1978f8b88847d746a625c5e
534f4a494b4946494c51595e63707d84
90989ea1a09d9c9ea2a5a5a7a8a7a4a5
a8aaaaaba9a7aaaeaaa2a4a7a8a9aaab
abaaa9a7a4a0a6afaca39da1a8aba8a4
a39c989c9b9c9fa0a1a2a29e98918f8b
8886898e9396999e9f9b999b9b989e9f
9f9f9e9c9b9c9a929395979898989794
939495949495928c8d775d5259667382
8676756c656e747678737383969b999a
9a9b90909d998b8a919896887f8e8f77
625b6863646e757f8781807f716d6f6a
5c565d676b6c6d6c6c6f6f70756d605a
5e65696967676a5e606c7e8171616457
3f3f423d414646203c4846404144403d
41434d44313a53605f626c777e7e7d6c
6e785c504f55504344535b5d524d727a
6f6662625448506374757ea9edf9f3f3
eadfd4c7bbb2a69c989284757086a9b7
b0a89f8a786a768c8d8e948d7f776c58
46423e393c303745484c5861594c565c
62554b4130211318211f1a18150f192e
192230332c312b232c23232f15452e10
050d10101b374e443a3041284557563a
323c3f3820141c1b1129262c200f0910
1c21190e13272118303f221426312d2b
27142d20140e1d1d1b21282215191e1e
36373332363733323436343335373a3b
3a4045484a4c4f54575a5c62686b6d6f
73777775797b7e83807a79888a888686
888b8d8f9493979b99948c827f818589
8a8b8e92979b948e8f9496938e89837f
7670716f6966605c5b5a595857575757
565a595a61656568697482898c949997
999b9ea0a1a2a3a5a5a3a4a8aaa9a6a4
a6a8a7a6a6a8abadaaa6a8a8a8a8aaac
acaba9aaa7a4a6a9a7a4a2a3a6a8a6a4
a6a09a9a9997949293999e9e9a929294
949495979999999a9a9997959494a2a2
a09d9a999b9e9d94969695928f90928f
8c8a87868177685e5751505b6d7b7e7d
797478787d898c87848388939a9da2a4
9e9da5979592949b988c848181867560
524c5f6b71777c828682828680706a67
5d5a6474776e696c736f676568665c5c
636563666b6c696b706c6d716d6a6456
4c4d494448402f243c44474646474542
4141494538415c6e65616c7a817b766e
80755a4f4f555247414d5c5c4f517a6f
5f6661605750596b7c7d83b2eff9f3f1
e8ddd2c6bab1a59c999384767188a9b6
b0a89e8a776a778b8c8d938b7e746957
45403e3a3c352f3e474f5a635c4f555d
5d524e4433271b1f241b12151b1b2636
2f30322e262929262f3637372c2d1b09
0b0c0a1020303532363a422c41585335
272e393d2f26201109272b2722170f18
2621120e1b222018222e1d1421251c1c
14162c342b11212b2c2b2b25191b2323
3335312e3133312f3336343233363a3c
3c42484d5054585d6164676d74797c7d
8084817d81828486817a798a8b868484
8586878a9091989c99918679777a7e82
868a8e929699948e9094959188807a73
665e5e5b5656504b4b4b4d4e50535555
585e5f60696e7172748191989aa0a39e
9c9d9ea0a2a5a6a7a7a2a4a8ababa7a4
a5a7a6a5a5a8acadaaa8a9a9a7a7aaac
adaba9aca8a6a7a7a6a4a5a5a6a7a6a4
a7a19a9a9895908d8f969d9e9a929497
9999999a9c9a9999999996939293a4a4
a09c99989b9e9e959797948f8c8e918e
8a8683827b6c5a4e44444c5e7482827b
7573797d8593948d898990999c9ea6a8
a09fad9a939097a09a887e7e82836c58
4c475c6e767a7f848683838985716866
5e5b66787b6f676c756f646264635b5d
646562656c6e696f766c676c6c6d6456
51524c474b3e27263c42484849494644
414148463b445e7267616c7b827a7470
86745a4f4f555348404a5d5c4e537d6b
5a66615f59535c6e7f7f85b5f0f9f3f1
e8ddd2c6bab1a59d999384767289a9b6
b0a89e89776b788c8c8e928b7e746857
44403f3a3c372d3c47505b645e50545d
5b514f45352a1f22251a10141c1f2a39
3634322c24262828313c3e3b34251407
0d0b0810222e2d2d353e422e40595233
232a383e352c210e06262d25231a111b
2921100e1e2020181d291b1420211616
0d172c3b33122330322f2d271b1d2525
3236332d2e343635332f3132363a3b39
373c46515a5f6264635f575a5f626464
62615c5b62646466686f797268646b74
77737176817d7f868c91928d88858383
888f93918e867e70625854514c494b48
4549493e3330394249515b646b71736e
767f80838d9595938f949795949ca19e
a1a19c99999da1a5a79a9ea4a8a8a4a4
a6a8a6a1a1a8adabacafada8a4a0a0a0
9e99969693979a9aa0a9aba9a9ababae
b3b0a8a4a4a3a09ea0a5aaaaaaafaead
a8a4a1a1a19d999ba1a8a9a4a0a19794
918c8887898a8e989897959393959898
9694949592836b5c444b54595a647789
949c9a9695989491938b939ea0a7b0a9
9ba293919da69b817077807a787d6548
5a707380848985827f747a7a7675695a
5b707e7a726965707b756e6c6467615e
636c6e6d72787e8382674e4342495154
534e43404845394349454a4d4a464346
4b47464642424b5752586b7a7d73706e
82705f554d4343494a4f60645452755a
4a6263605a575f71868c95c6f5f8f1ef
e5dacec2b7aea49c99938476748dabb5
aea69c88766d7c8c8c8d91897c6e635a
4c4846382a2430414a4e5157574d5363
574e47362725211c1d232b3b4336281e
33311e15232d2b272329343939271727
2e2523314549373b3c3437343f595744
322e2d2830342a160e2e37201e1c171e
2821120e1010282f24261c1518170e0b
0e0d2627252e3e3f32221b1f21263333
3236332d2f35373634303134373b3b39
373e4751575b5e61605c5355595c5e5e
5c5a57575d5f5e5f6169746b605d646e
706b696e7b76787f858b8b8682807d7c
80868885827a74695c534e4b47464a47
4448493f36353e474e57616b72767976
7d8585889198989491959896959ca09e
a0a09c9a999ca0a4a59b9ea4a8a7a5a4
a7a9a7a2a2a8acaaabaeaaa5a19e9e9f
9d98959793989b9ba1a8a9a6a6a8aaad
b2afa7a3a4a4a2a1a2a6abababafadab
a6a19e9d9d9b97999fa7a9a4a0a19794
928e8a88898a8e989796959494969898
979492918f826d5f484f575b5e687b8b
949b9a9694969290948d949da0a7aea6
9aa395959ea297807177807c797a614b
5f717680848885837f757a7a73716860
63737c756d66646f79736f6c62666360
656d6d6a6e757b7d7d674f43414a5255
5450464245433c454943484a49464246
4c48454543434a544f576b7a7c747270
80705f544a40414b4d4f5e6556527359
4b62646059576071868d98caf6f8f1ee
e5d9cdc1b6ada39c99938476758eabb4
ada69c88766d7d8b8c8d90897c6d635a
4b474537282331414a4e515758505663
574f47352726231d20262e3f47392a20
32342218262d2b2a282d393a38291b2d
32292b38494b363c3e3637353e555445
352f2d272e332a19113039221e1d1b21
2925191311112a3125241a1317170f0c
120f2725232e3c3b2f201a2023283131
3235333132373a3b3834373a3e403e3a
38474d4b4541454b4e4b434240414345
4443454a4e4d4844444d594f4441484f
4e47444a6159585e6568655c5e625b55
545552484042464a49443f3d3f46544e
47474c4f535a5f646b757f878c8f9098
9a9996979d9e99949796999a999c9e9a
98999c9d9b9a9a9c9fa0a1a4a7a6a5a7
acafada8a5a7a8a6a5a699949596989a
999796a0999ea19ea3a69e96989ba0a6
a9a7a09c9ea5aaacabaaacadaca5a19b
948e8b8a8b8d8d8e959ca1a09d9d9899
9b999693918f8f96939093999c9b9895
9692837776777068605e606c79879394
8c8c8e8f8d8b898c9192969ba0a6a599
95a7a5b0a1888185847e7e86846a525f
726f7c7d81828586807d7e7e6b5d637d
8b7e695c5659646967696e675a5e6a6d
6f7167595862625b62645a4c4a595e5b
5a5954483937454942373b4044454348
504b3f3d4649494e45536e7b7a79817a
75705f4d40343d54594c53676152675a
525e645d535561728790a2dbf9f8f0ea
e1d6cabeb4aba19c999183767893adb3
aca59b87756f808c8b8d8f887b6e6458
443e4135242436414951555b60606561
57554a33292c2b282f383d484c3f3830
29463f30362e2a384047554233312d44
3d394d53504a323d4a40373b3a3d4143
3d35302b272826221d363d2d25272c2e
2f373b2c191a3239261d1009121b1a18
271d2d1f1f2527231f1a1c292e2e2222
343434333436393a3a37393b3e3f3e3c
3b4549474443474c4d4948464445494c
4e4e4e5054534d49464a534e47454b51
514c4b4f605752545657544d4c4d4845
4546443c3635393d403e3b3c424b5959
56585e6263666d72777e858b90939498
989695979c9d99969795989c9c9c9d9b
98999a9b99989a9da1a5a4a5a6a3a1a0
a3a6a6a5a4a5a7a6a4a2959295989b9c
9c9b9aa29ca1a4a1a4a79f979a9ea3a8
a9a7a19e9fa4a7a7a5a4a5a6a59b9995
908c8a8a8c8f909195999c9e9c9b9a9e
a09f9c99979493989592969a9c9a9592
938b735e5c62625f686c71797e838b8f
8b8d9092908f90939899999a9ea2a19a
9aa6a4a18e7f8186837f7e7e7363555f
76797c7e808182837e797c796b676d7d
847b6655525d6a6c696e716961646f74
746e60565f69635d64675d4f4a555c5b
5a5a574a3732414843393c41484b4847
4948403e494f4e514958717b7a788078
716f5d4a40363f5557474f6262566860
5a5f645b51556476878fa4e1faf7efe9
e0d4c8bdb3a9a09b989081757995aeb2
aba49a877470828c8b8e90887c706658
443c40352424333d48545a5f6261675f
58594e382f2f28222a343a464a3f3a33
33473f343e39363f3d3f523d3938363d
34354f544e4b3235443d31353a3a4241
3a322f2f26272a2c25373a3029292c2b
283036281b1c2e352921110a12191919
221f27202223211c1d1d202a2e2d2424
37333537373637393c3e3e3d3d3d3e40
4241424242454b4e4b46504d4b4e5359
5d605d5b5f5d57514945484b4b4c5053
555456595d5349433c3938332d2a2929
2b2d2d29252122293034353b4754616a
70757d807e7b838b8b8d8f9395999b99
969293979a9b9a999893979fa09d9c9b
9a9a999796969aa0a4adaaa7a59f9995
95989ba0a2a3a5a6a29d8f8e959b9fa0
a0a1a1a5a0a7aaa6a7a9a09a9ea3a9ac
aaa6a3a0a0a2a3a09b98999b998c8b8b
8a898a8b8e9498969493969a9a979fa6
aaaaa7a5a19c999a98979a9d9c97918e
8f8059342f3f4b5177848c90877d7f87
8a8f959897969ca1a3a49e99999b9a9d
a3a5a2876f71818682807f6f58575b60
7d897d817f7f7c7d7b7279716b797f7b
7a76634b4b6476736c76776c6d6f7880
7d6952536a76645f696d63544a50595b
5a5c5d4e332b3b49453d3f444f565147
3d454241505a57565262777d7a787e75
6b6c5a453f384258533e495b655e696a
686163584e566a7b888ea8ebfbf6efe7
ded2c6bbb1a79e9b988f7f737b99afb1
a9a399867371858d8b8f90887c746b5a
433a3f3725252f374659636564636b5e
5b6055403a332319212e3542473e3f39
44493f3d4b4b4a4b37324e3443444533
252e53554a4d33283939272c3936433e
342c2e352525333e33393636302c2c26
1d242d201f21282f2d28140c1215171b
1c241e24271f16121b23272d2d2c2929
3b36373b3a3737393a3a3a3b3b3b3b3d
403e3c39383c4246464444424143464a
4d4d4e515352504d4945474b4e4f4f4c
47423e3e413f403c332d2a27282b2c2e
2f30302d2b34353c464e4e4d525b656f
7579808583808a929293959697989998
9795989b9c9d9fa09d94919696959696
9a999592919397999b9d999796938e88
868992999e9fa1a29e9692959ca0a19f
9e9e9e9d9ba3a7a3a5a8a49fa0a4a8a9
a4a09e9ca1a19f9b98989897958d8d8c
8a8a8b8f9294959694929396948e959c
a09f9c9b9a97949393959696928d8981
7f724e3031495e6d77807f84888a8f93
929797969594989d9c9d9b999b9d9fa5
a290857875858d81777e7b675f5a5f72
7f7c7d85837c7877726d736f79767477
72635553586673716e77706772796f6d
6d5f536279725d66746b5b514b4c5154
5454564d3c394345443f3e3f4a514a42
414c4c47515959585c6b777c7c767570
70645f514b383346493f515963636c6a
6c64665b4f566b7e8b92b3f1faf6efe5
dbd1c5bab0a59d9a968c7c707c9cb0af
a7a198857272878d8c9091897e766d5d
493f413a2827333b475963625c596564
606155464236221a232b2b353d3b423d
3839424c504d52543f364a3a454b3a24
223b57483a4a42313835342d352f3a32
2d333632262c3b4a403f372d2a272727
2429322a191a181e252410070d161b1c
1f2220242b2d2520272c2928272b3030
3e383a3e3c3737393a37383939393a3c
3e3c373231353b4143433c3a393b3d40
4140444a4c4b4a4b4945474b50524f47
3d352e2b2c313a382d24211f252c2f32
33333231304243495760605b5b606873
797c838888848f979798999999989898
99979b9e9d9fa4a5a1948d8f8f909293
9a99928e8e91949594918d8c8c8b8680
7b7f8b949b9d9fa09b92949ba1a4a39f
9c9c9c9798a1a5a1a3a7a7a3a2a4a8a7
a09c9b99a1a19c9896989895918f8e8c
8a8a8c9196949396959191938f878e95
989795959593908e909494908b868478
7468472d34516c81777c767b89949b9b
999d999694929699989898999c9fa3ab
a280716e7993957d6f7c7961645d627f
80737f88867a76736c6a6e6d84746d73
6b554c586268727070776c647681695f
6157536d846f586c7c6a564f4b494b4f
504f504c4243494343413d3c474e453e
4452534b52595a596471777b7e746f6d
745e635b5438293a4140585862666e6b
6e67695d51576c808d95bbf5f9f6efe4
dad0c4b9afa49c9a968b7a6f7d9eb1af
a6a197857272898d8c91918a7f786f5f
4d43433d2b29363d485a636056526168
646254494738211a2428252d36384541
302e4457544e585b443a483e4650331a
20455b3f2e484c3837323d2d322a3329
29393c2f283142534943382725232328
2a2c363214150d131f220e030b171e1c
212222252f37302a30322b25232a3535
38333536333235393837383a3a383739
3b4141404244423e3b3c3d3c3b3c3d3d
3b3a3d43413d3a3d3c3c3e454a4d4c46
3e3835332f3339372e2a2d3132353c45
4d53585d605e5a5a616a6f7274787d85
8b8f959796959ca2a4a7a8a7a5a2a0a3
a7a4a4a29e9d9e9b99938e8d8e92918b
8887888c90928e877f7976777e858786
83879397999896948f8b93989c9e9d9b
9a9b9c9fa0a2a39f9c9c9ea0a09fa09e
9796979495959595989c9c968f888582
7e7d80858b8c8e919291908f8b87888d
908e8d8f92929193979a99948f8c8b87
8a897d6e6047302f406879838c8a8175
6d71748496968f8d8d919aa1a4a4a097
886f6c878d817778786a544c5d6f7a80
858888857f7976767372817a71756f65
5e595a60696f727577746b6a737e6758
5f6a7788855f516b7e6753504f4c4a4c
5152534b43494c424545413e4a554f4d
5b5f594d4e575d606871747c847c726f
7959605855381f2b373e5c5f66666c64
6668686157576981929fcdf7f7f5eee3
d8cec4b9aea39b989488776b7fa2b2ae
a59f968470738b8d8c93928c82796d5b
4c403e403c4042484d575f5e5551646c
6660524e4e4131303c3d33383e3f4b45
332e4256585a5c503d2f31453e502715
1e3e442d264159513b24372b2e2b2f26
262e31313236323e45483e2e2823252a
27232a262c2b201f201f0f080a131e1a
261f2418212a2c2f393c3229262b1f1f
36323435313035383837383a3a383738
3a4244444748443d393a3d3d3c3d3d3c
3a383b413e39363939393c44494c4b46
3f393735303339372f2c313636373f4a
545c62696d66605e646c74787b7f838a
90949a9b9a999fa5a8abacaba9a5a2a6
aaa7a6a49f9d9c9998928e8c8e93918a
8382868b91938d837a7370727b838887
85899597999794918d8a93989b9c9b9a
999a9ca1a2a3a29e9a9a9c9f9f9d9e9c
9594969292929395999d9d978e86837f
7b7a7d82888b8d909292908e8a87868c
8e8c8b8e92929195989c9b95908d8d8c
90928b7f6b45211931637a858d877a6b
62656b8096978e8a8a8f9ba4a6a69f92
816b6b8e937d6f777b654a475b748180
868d8b847d7976777574867e6c767062
5a5a5e626b72727679736b6c727e6656
5f6f808f855a4f6b7f665251504d494b
5153544b444b4d424547423e4b575251
61625b4e4d575e626971747c867e7370
7a57605856381d27343d5d6067666c62
646969625858688194a2d2f8f6f5eee3
d8cec3b9aea29a989487766a7fa3b3ad
a59f968470748c8d8c93938d837a6d5b
4c3f3d414047454b4e565e5e5551656d
6760514f514335364243383b41414d46
332e4256595e5d4e3b2c2a473c502413
1e3c3e28243f5c583c20362b2d2c2e26
252b2f3135382f394449402f2923262b
2621272333312622201f10090a111e19
281e25151d262b303c3e342a272b1919
2d2d2f2c282e383d404846413d38393e
433832333637332f343d313235393d41
4446484a4a49484b4b494b433c36312d
2b2d343c3b404d585b5e5e5c61696d72
73737171717d848b91979a9a96939497
9ba2a59e999b9d9d9d9c9b9b9a9a9a96
9e9b9b9d9f9f9886757778757c8b8d80
77767a7e828688898988817f86909798
97989b95908f8d8c9097959393939496
999c9e9a99979aa09f9b9c9c958f8e8d
8a8d908c90929493918f8c87817e8184
898c8e9194928c888684807d818a868c
8f8d8d91969795959492908c89858286
837977817d5a424e57898e84827b674d
352d3e668f8e7c7a8292a4a8a49d8a70
7189947f757d75645e5f5049748c8b89
878587888782807c72707d787b75655a
5d626772746d6f7c7e727e8b7861665e
6074888d846e51647565534d4845484c
4d4f4b36263545444648423c4b5e615e
5c5958595a5a544c5c70787e867f7162
595b492d3c433a3b2f23466471666d60
5c655e5f5f5d6b8599a6d8f9f3f4eee1
d6ccc3b9ada199979384736780a5b3ac
a39e95836f748d8d8d94958f85766559
53483f414248454f4f51585c524d5f66
6460524e4739344358584a474743514a
1a314446404138354b49384f38322619
222e2d322d1d2e493d2b1c2225282934
372a1e2436381d233d4b3f2d1b17252a
1d1f2a171826373e30271d171b283531
303322150f131d252e302923242b1919
2d2d2f2e2c30383b3d42403c3936363b
3f36333539393430353e35383a3d3f41
42414346474542454542443f3b353231
31363e45474a565f62656665686d7174
757575777882878c9195989996939497
999ea29d98999a9a9b9a999a9b9b9a97
9e9c9b9d9e9d96887b7977757a85867c
75757980858888878786817f858e9596
949597928d8d8d8d8f96949292919294
96989a989795979c9a979898938d8d8d
8b8e918d8e92949391908e8983828385
888b8d8f918e8a8786848281838a8388
8d8c8c90959694949392908d89858082
80797980795b4a5861888c84837f6e52
352f466b8e8b7c7d8796a4a5a096836f
73858c7f767c7565606258567b8c8888
87858687857f7b7972727e7a7870605c
606468707371737d7f7780877562655f
64798a8c846d51627569584e4a45474a
4a4a4633263347444548443d4a5d605e
5c5a595557554c495e70777e837a705b
55524a2e414233332a1f40626f686f60
5b635d5e605f6c8698a8dcfaf4f3ede1
d5cbc2b8ada199979283746982a7b4ac
a39f958370748c8b8c93938e84766458
51474141444a49504f52595c54505e65
6560524a41342f405556484749464e44
1f31404842413b394b4b3c503b312b23
292e2d312c1f2e4a3d282025282b2b33
34282027333422233b463b2d1e1d2a2b
1e212b17162834392e28211a1d2a3431
32322017111620282f2b2323252a1b1b
2e2f313539393733302d28262a2e2e2e
3032373f43413a363940464e4e4b4945
3b3131393b342a2e30282c333634363f
4956646974707b7c7d848689847e7f7f
7e7f848c93949594908e909393929494
9191969693929091949493979e9f999b
9ea09f9e9b97929092807576746d6a6e
6c707b8891908882817f807f80858b8d
8a898a8885868e918f9091908d8c8c8d
8e8d8c908f8e8d8c8b8b8b8a8989898b
8f949591868f9592909395908c8e8d89
888b8b888682818688878a8e8d89767c
85898a8c91939390929291908d857a74
757c807a6a60697e87848485898f8964
3636658289807b899aa6a19a927e686b
797b70817c79776c676e7885968e7e84
8a84858781736b6e737a837f6c5f5062
6b6b6a6b737f8382848c88766c666261
758b918c8269515d777c705252454244
3e3a3027252d4e45424a4c4248585d5d
5d5d5e464b432b4168707580766a6d42
48325133513f1b1718112d5b676f7962
575d575b6667718c92afeafdf8f2eadf
d3c6bdb7afa39a97918177738bacb6ac
a5a2968374788a868890908982766354
4b4549414b5255574f555e5e5d5f5b63
6960523d2a241e364d4b45484f4f4530
3034324f4a42484b4d524d54492c3f49
422f2d2e2a2831513d1f312d36353332
2a222a342723332533322a2d28323d31
222a2c190f302d292a2d302525333132
3b2c18231b202b3732180c202d232121
2f2d2b2c2f31302f2f2f2c2c31363737
3a3b3c3e40413d383738353d4041413e
362f30363a3730363c38404447474d56
5e656c6b6a6c7d828285828080818384
848486898b8d8a847d7a7e84898b9192
8e8b8f8f8e9193979b9a96969a9b9693
96979594939392908d80797b7a747378
797b80868a888381827e80808084898b
8988898884858c8e8c8d8d8c8a898a8d
8e8e8e8d8c8b8b8a8989898785858688
8c908f8b898c8d8e8f8e8987898c8c88
878989878685868889898a8d8c8b8286
8a8b898a8c8d8c8c8e8d8b8a88837c7d
82888b85786f74828a8887888c8a744d
303a6c8789848691989c9a938572676d
797b727d7774726c6c707c8e94897f88
8d86847f786d686e767b7d746259546e
756f6a6c737b8182838783756e6a5f60
778a8b8b866b5762797b64424543413c
3636322d30374b49464747424d5c5c5a
5b5d5d3f342b264c6d71757b6f666a44
423a4d3a4f421c111215365e6770775e
555f5b585e636f8996b6effcf8f1e9df
d2c6bcb6aea29997908076738cadb5ac
a5a1958273798a86889090898174665b
4f47454b525753534f59625e5a5f6169
6c6154402f28212c3b4140434440392c
272c2e4a43414f504d59545a4f35474c
4130333c3d38374c3c2a30293336383a
332c3235262430252a2e2b322e373f32
23292a181a3029292b2a291f1e2b2f2e
3730202824282c32301a0d1b251f1818
322c2420212428292d3232353c414345
4749433c3c41423d342d1e262c333634
2f2d2f33393a38424c4e5b5b5f636c77
7c7b786e5e66808b8a867c737b85898d
8e8c888481837b6e636066717a828e8f
8a848485888f98a1a4a29a959596938a
8c8c8886878c929086807e83837f8187
8c8b8885817d7d81857e818281828688
878788878383898a888a88868686898c
8f90908a89888887878686837f808184
878a87828c87838a8f867a7a84898a86
85878786868a8c8b8b8b8b8b8b8d9294
928d8987878584868887828182807d89
94999b958b8384898f8e8b8d9284562d
2940768f8a89949c968e908973626471
797b7677706d6b6d7273819a9283818f
928884746c66656f7a7d766655515a7f
85756a6e73767e8180827d74726f5b5e
7b87848b8c6d5f6a7d7b542d34424032
2b3235354046474f4c44404355615a56
595d5c35150a1f5a7574757366616847
3a4549444d461e090b1b436368717559
52616154545d6d849bc2f5fcf8f1e8de
d2c5bcb5ada199968f7f76738eaeb5ab
a4a19481727a8a868991908981726966
554a40585b5d514f505f685e565f6971
71635545352e251d23323a3c362b2826
1a2029443a3f59584e625f6158425251
41313d51584e3f463a3a30222e394145
403b3d3525262b261e282d39383f4334
252827182a30242a2e27201613202c2a
31362b2f31322c2d2d1d0d131b190b0b
2f30323233323130333a38363734302e
2f3331313437342f2d2e262a2e353a3c
3d43494e5357565c5e5c686b6c6a6e76
7b7c7b74686f838c8b89837e80848280
7d78726d696c6b6966666b7176787a7e
7c7b7e80858c939a9d99908a8a898683
878a89868482807d7a7d848c8d89888c
8c8c8d8c898582808082858786858788
88898c8b88878b8a898b8a8988878788
88898a89888787858583838384858586
8a8d8b85848383858989838183858785
848688898b8c8b8a8c8f8e8b8a8d8b8b
89868483807a79838789878686858387
8c8e8f8d8c8c8d8d898b918a8c743f24
36567f8a7d83979e938a7e6d626b7c82
7b777b70666366758582818b84828c99
9489837a746f7278776d605768636681
7f716a727a7f8585817e787271695360
8a927e7c887a606a726d401d202a2d23
1c262b29363f35414c4d4c4c565d5857
5b605b36100c2f63777675746d6a654f
3a43383a3d341c0f1931516d72776d49
4153605352647383a1caf5fbf7efe6dc
d0c4bbb4ab9f98958d7d747492afb3a9
a4a1937f727c89868992918980746d69
57443e4e54515955536369594d596768
6a5f5345362e25232c353733271b1f25
171c22372f3a575a4d5852493c2e4349
4345494c4f483b44424638232d393f3f
37323229202e373c23262d32323a3d31
2729251930342b3133271c1413213032
3637303533332a24251b121922241414
2e343a3d3d3b3734373f3b38342c2421
2126272a2f312c272a2f2b2d30363d40
4651595d6369676b69646f75746f6f76
7b7e7e776e74868c8b8a878584837f79
736c66605b5e6266686b6e7273736f74
74767b7e838a919699948b8583827f7f
848a8a87827c7672747b8892938e8c8e
8c8d91918e8a85817d85888a88878789
898b8e8e8b898c8b8a8c8c8b8a888785
84858788888786848382818487888889
8c8f8d887f818383868a898582838584
8386898a8e8e8b898c91908b8a8e8886
848281807c747382868b8b8988888786
878888898d929390868a9489896a321f
3e6485877680999f9188745c59718b8c
7d757e6d615d637a908c81827c81939f
9689837d7975797e7664534e736e6e82
7c6f6b757f848987817c757070664f62
92987a738681616a6c653414141d221a
141f2422313b2b3a4c535351575b5858
5c615b370d0d386879777675716f6353
3a422f34342a1a14223e5a73787b693f
374b5f5251677782a5cff5faf6efe6db
cfc4bbb3a99e97948c7c737594b0b2a8
a3a1937f727d89868a9291898076706b
58403d48514a5e5956656a5647556663
665d5245372e25273138352e1f131925
15191e2f2937575b4d524a3b2b223b45
4552504a4a453943474e3c242c393d3b
322d2b221e333f4926262e2f2f383a30
282a251a33372f3635271b1213223337
3938343934342820201a151e272a1919
252a2b27211d1d202529282725232225
2924242c373d3c3d47545658585a5e5d
5c60686d69655f5e5d5b676f7170737b
8285878584848988827d787472706e6b
69696c707381899093918d8a88868284
8284898b888886878887858688878483
82807f80817d7773757a80818183868a
8b8a898582848a8f909192918e8b8987
86837f807f7f8384858a8d8f8f8f8c8b
8b8e908d8d8d8b898886848689878381
83858480848d8e8581878d89848a8a87
868a8d8e908f887f77747170757d8788
88898a89837b777e848b8d8c8a88868e
908b87878d93938e8c958a6f543e3045
7285908c8690958877756b687583817a
746e615e636e7f96a0937e777e91a19c
908b88897e7576766a5f6779767a767c
797d8084878885807a76726a665a667c
8c897d7e857f746b49391c1d221c130b
090e0e080e1a1a354a575b524e555b5d
5d5c52320e1e506270716d747f765251
444433413c291c17213955717a735632
32495550576d767ca8d5f5f9f4ece3d8
cdc2bab1a69b97928778707699b2b0a5
a2a0917d718089868c94928a7e6e5d51
4b45525362645750546972604c4f595b
5f5b4f4035312f33352e221d1a18222c
191f1f2f33353a3934313b3b362b332c
25373433485752544b3d442c35414542
3a3536312c37414a2c212a2629333530
2e2e241c243839393329272726262e3b
3b2a2d3a2e2120212321252e2b263a3a
222627221b17181d2225252423222328
2c26262e3a4141434e5c5f6060626564
62646b6f6a655e5d5d5b676f7171757c
83868886888688867f7a75716e6d6b69
686a6e74798890979a97928e8b8a8687
85878c8d898784848584838689888584
827e7d7f817f7875767b7e7e7e81868a
8a8a888380838b92939393918e8b8886
85817c7e7d7d818385898d8f908f8d8b
8c8f918d8d8e8c8a8886858789868280
8183827e858f8f8681878d8a858b8a87
868b8d8e908e877d736e6c6c727b8788
888a8c8b857d797e848b8e8d8a88878f
918c87878d93928d8c9686674835314f
7e8b918d8992938271706a6b7b857e76
736d5c5d6473869ba2937e767f94a39b
8f8c898a7e757674675e6b81777d797c
798084868989857e7875706864596c82
8b867c7d837f776b412f1720251c1108
070b0a04071317354a575c514c545c5e
5e5b4f310e2155616e706b7481774e50
464534443d2a1c172038557179705131
334a524f586d747aaad7f6f9f4ece2d8
cdc2b9b1a59b979286786f779bb2b0a5
a2a0907c718189868c94928a7e6d5a4d
484755556368564e536973614d4e575a
5e5b4e3e35323134352b1e1a1a1a252e
1b21202f353534322f2a383b372c3228
20322e2e485956564c3b462e37434644
3c3739352f38414a2d2029242731342f
2f2f241d21373b393129292b29272d3b
3b272c3b2d1e2022232327312b253f3f
090d101112151b202323272b2f343c45
4c5a57515661696864626065666a747c
7e7c746965676c7681869189888a8a87
827c777576706c6c6a6b6b69686b737b
8084888e928e8b8a8885848385878989
84828786848384868685848587868381
7e79797f899194918b8a8783848a9093
8f8f9291908f8f8a8584807d7d7e7f7d
7a7d848584838687888b848284848281
828688848586878685848281807e7c7b
7e82827e7f7e838c90877e849187847e
7c80817e7c7a7978747379848f938784
8484848483828385878a8d8d8b89888b
8b8a8d92949089837c80613828234384
9f838584868a7b63575e70817d6c6978
7a63566c808f9ea0948985878c969689
898f8d807572736e635f6a7e7e838081
7f8786828b92877c746d67605b677f91
97835a425d8a7457241917363e311505
060607050103174947444d46475a6764
644f412a0d265d6a6b68646c78643745
4949444f403c1e0c1a3b6575715b453f
4e5d4747545d5f72b1e3fcf6f2eae0d5
cac0b7aea197969184756d7a9fb3ada3
a19e8d7b748489868e9693897b6f6251
48524a4a4453545252595c5752565d60
605845363030342c26221d232d31332d
2224222d3630252327242e2b2b29353a
3d2e2836484d4840434d4d3b3f43474a
42383e463b303435321a1e1e22282929
2d2d24211b2c2f2a211a1e282d282532
382d343e372e2d27201a1f2c28203232
0c0f1214181e24292c3033373a3e444b
5059565256606867656464686769727b
7c7a746d6a6c717a83848c8785868581
7c777373726c676766686b6b6c727980
8486878b8d8886848485848484848586
83828585838485878786858484838285
837f7d80868b8c8a88878583848a8d8f
8c8d8e8d8b8a8a8681847f7d7d7f807f
7c7d8283818184848588858585848281
8184858183848585858382817f7f7d7d
8184837f7f808287867e767c8882807b
7a7e7f7c7a797a7b79787e858c8d8684
848484838282838586898c8c8a878687
86888d93948d847e7b7d58362a26427d
9881848382847863596679827a6b6c79
7763637888919b998e87898c8e949489
8a8d867b7371706c6666707e7b7e7d82
808786858b8c837b746f6a67646a7d8b
89714a3a5881694f241d1c343a2f1506
07070b0c0504164344444e49495b6863
5c423728112a5a676968676d75603744
474745473d3d200e21456a746d584443
505a4446535b5e75b5e6fbf6f1e9dfd4
c9bfb7ada096969083746d7ba0b3aca2
a19d8d7b748589868e9693897b6c5f50
484f4746424f5253555a5b544f535a60
5f5744352f2d2f2723221e242b2c2b24
1d1d1c252b27202024272f2b2d2a3438
3b2f2c3741413f393f5250404142474b
41353a43392e3233361d1f2124292a2a
2f2f2625212c2e2d261e1f272d292632
39353839362f2b26231f222c28223333
1715181f2b373f424853575a5b5b5d5d
5c575354585e6467686971716b676e76
77737578777c8186897f7d7f7e7d7870
6b6a6a6c6862595a5c636d717a858a90
908c86817f7a75757b838786837e797e
808183838386898c8d8b867f7c7c7e8f
92908b847f7b78787e7e7f8285888683
858684807d7b7b7976837d7b7e838584
827f7e7e7b7a7d7d7d7f8a8c8a878481
7f7f7f7a7c7e8182838281807f818285
888b8781828482796d625d6471747572
7277787675777d848888898b867e8485
868684828081838383868a8a8682807a
79808c94928679717a764133312e406a
847d827f75726d63637e91887169767d
6e628b9b9f9690857c84959992908e8a
8c85746e6e6d68666f7c807e73707685
8587868e8a7c79797672747c81747979
633b1c2249674a3625292a302d28160b
0b0b1620110816303a4253504d5e6d62
481d19221d34535f646a70736f563942
424349343442281633617874634d434e
58513d4250555d7ec1f0fbf5f0e7ddd2
c7bdb5ac9e95978f81726c7da2b3aba1
a09c8b7b788888869098948979655650
4a463e393b434d565d5e594f494a5261
5d5542352c24201819202327271f170c
0f0a0b0d0c0d13171d32342d322d3132
3331383c2c1f2725355f584d4740474c
3e2e313a342a2d2f4025212a2c2d2d2f
34342d2f312d2d35352921272d2b2c32
3c4a432e363427222c2f2d2e29273838
2a2b3038424746424550555a5c5f6262
605a595c5d5d5e5f61646e6f6b697075
747070727075777c827c7b7c79777168
63605f605c5c5a62676f7b8184898b8d
8d8b878381807c7a7e8384827f7c7a7e
7f7e7e7c7b7d83888a8986817e7f8281
858784807e7e7d7d7d7c7c7e81838281
81807e7c7b7b7c7b7a817c7a7c7f807f
7e7c7b7b79797d7f7e80878886838180
7f7f7f7e808285868686848281838384
868680787a7b73655b5b60676d757878
797d7e7c7d7e80848787888987838585
8686837f7c7c7d7e7f8286847f7c7b80
84878c8d887e736d71613a3237384b6f
7f7478786f6e695f6177858074737b7b
767d9198999089827f88999e9592928e
867a6d70747876747d86827b75737c8b
89868185857d7b7a756c6b747a715f56
503d28273e4f3f322a2b29262524160c
0b0b171f130c12233b475856525d685b
3a16202e3046565f656e74746b533f42
41454c343e4934274065716a5d4d424b
51483b3f4e5a6688c6f4f7f4efe6dbd1
c6bcb5ab9d94978f80716c7fa3b2aaa0
9f9b8a7c7a8988869198948a79655853
4f46423941474f555c5d564b474c5662
5d5745372f25201d2025272a271c140c
100e1211111115191d2e32333f373432
31272b352e273029304945413c364047
3a2e3339332a272b3e2b292b29282a2c
2f2c24262c292b35362a23282b292c33
39473e283538261e2b32313433303232
40454d565b584d41414e535a5e646969
655e6065645c57575a5f6b6d6b6d7375
716c6b6b696d6d717a7978797471695f
5a5652534f565c6b737d8b92918e8b8a
898a8986838783818183827e7a797b7f
7e7b797572747d858788868381838772
777c7d7c7e8183827c7a787a7c7e7e7f
7c7976777a7c7d7e7e7f7a787a7c7b79
7979797876777e8180828383817f7e7f
80807f8384888a8b8b8a888584858584
8480776f7172644e4753636a69767c7f
81848483868583848585868889888785
8685827c777677787a7d817d77747686
91908b847c756e68684a32323e445874
796b6e6f6869655c5f6f7877777e8179
7f9d99959389817e828e9ea49a959892
806f66727c8485858c91857878778393
8e867b7a7f7e7c7b7365606b736e432f
3a3f342d3133332d312d291c1b1f150d
0b0b171d15100e153d4d5d5e585d6354
2a0d283c455a5a6067727876674f4643
41484f354b50423b4e696a5f574d4247
493e3a3c4d5f7094cbf8f4f4eee5dad0
c5bbb4aa9c94988f80716b81a4b2a99f
9f9a897c7c8b88869299958a78665956
54464739474c51555a5b5347454f5c62
5e5a473a31262123282b2b2d2719120d
121319151516181b1d2a31394e423833
2e1d1d2d31303b2f2a303033302b3841
352e3739322b20263c33312d26232629
29231a1c27252a34372d25292a272d33
37443921353d251a2a35353b3e3a2c2c
5052555654514d4a4d575c60646b7172
6e6b6b6a68686c706e6a736f69676866
6363686d6d716d6c726d6a635c5a5551
545759606b747a8383828b8f8d89817c
7c8083827f7d7b7b7b79757273787d7c
76727476777a7a797979797877777979
7e8283838382807c7877797d7d797574
757371727575726f6e7977787d808081
848786847f7d81817d7d7f7e7c7c7e81
84848487898b8c8c8a88858483848484
84837c757166575562707169677a838a
8a898685898986848384838283858884
8281817f7e8083848586857f7b7f868d
8d8474645f646a6a623d3c45414a6474
6e625d6066726e646b76767273777b7d
8189847575747785959fa29d93909185
6d69727b7f86898889898584777c868e
8a8b827e7c7876756d5d59646c644d44
43372d30383327293324221819181009
080a100e0d151028504c4f595f5e5942
1816494a415656676f71716b5c46453f
4549443c50504c566268675e5f594540
45433d3546627898cbfbf5f3eee4d9cf
c4bab3aa9b93988f7f706b82a4b1a89f
9f99887d7e8c88869299958a78675c53
4c4940383c494c4d565e5b4e454d5b63
5e5a4435302c2e2f2e29252927191412
121819131d21202a3430353b4d372928
281d192b38302b2228212631332d393f
34353e332d2e1c253637372c21222a31
312a20202e363a36302a2a322e242933
2f30312e493f231b2d393a3e3b333737
58595956514d4d4e535b6062666e7676
7272706c6a6e777c776f777068646360
5d5f676f70736e6a6e686459514f4c4b
51585c667983888e8a858b8e8c867c76
767c81807d78787878746f6d70777e7a
726e7376797d7974737273737272727c
8185868685837e7975777a7f7e77716f
72706e7073716c68667676797e828385
8a8d8d89838083817d7b7c7c7a7b7e82
868786898b8d8d8c8a87848383848484
85857f78716052586e7d7868657c878f
8e8b87868b8b87838384827f80848884
808080808185898a8a8a87817d848e90
8c7e6855515d686c5f36414e434d6a74
685e545865777268717975707174797f
82807b66676a72889ea7a49a918d8e7f
6466788081888b8a8886858a777e888c
898e867f7b7572726a5a56616860524f
473429323c342227341f1f1618160d08
07090c0709181131594c4858635f543a
101b59514055546a73716d665641453d
474a3e3f535051636b67665e635e473e
43463f3243647c9bcbfdf6f3eee4d9ce
c4bab3aa9b93988f7f706b82a4b1a89f
9f99887d7f8d8886939a958a78695e51
494a3d3837484a4a54606051464c5b63
5f5a4333302f353631282228261a1514
131b1a13212623313e34373d4c322222
251e172b3b2f231d281a2231352f3a3e
343841302b301a253339392b1f212d35
352d2322313f43372d292d3630222832
2b272d345340221c303c3c3f3a2f3c3c
5454524f4e50545556595d5e574c4a55
646d7071706e6b69686872706e6b6a68
696a6b6966625a535151535a5d61666d
767e84877f82858888878786837d7672
7375747578777b7f81818383817e7970
696c7272706d6e747b7d7c8085847c79
7d7d7b7c7d7c7b7b7a797d797c817a75
79797573737575727071767a7d7e8185
8a8a8485888a89848588828184848180
8081858181807e7c7c7d7f8284838283
86816e5d544b576b6f656164687d858a
8b8c8e8f8f8e8d8b898a8d8a878c8d86
8283868a8e8e8c8b8a877e7d88897c67
4d3b3d4a555955584e46444a5558666f
5c46505f656b7c827772666874777580
83788077747f92a2a6a19a989b8d807f
757181808592958c8685817f83768990
8487887c716e6b68676a707c89877875
6043354a6e622b0d161c121e36494131
261b100b12170a233d4b545f6557381a
0f324c5157514f656b736a5146444f36
363b3535425c5c5a646354555b50443c
3445513c3b5a80addef8f7f1eae0d6ca
c1b9afa39791918a78686c85aab1a69f
9e98877c808b8689939996887564584f
4a4944404041444e565c5547414a5256
565243332d2a27242323201d1915181f
25200f1d232b313539323b4330332a31
30302f373e362e30312946483e3b4140
3c3b383338322e2134312d23252c2a2b
34353025313b3d363123161d292c2f2d
252f3f3a3b423a373841444145414b4b
5353514e4e50535454565a5b53474552
636c7071706d6966666770706e6c6a68
696a6967635d564f4d4f515b61656b73
7b8187897f80838687868483807b7572
7375737478777c8081828484827d786f
6a6e7474716d6e757b7d7c8086847c78
7b7b797a7b7a797a7a797c787b817a76
79787472727474727071757a7c7e8084
89878183878a88848588838285848180
8080847f7f7d7c7a7a7c7e8184828081
837f6e5e554e5b6f716562686c80878b
8b8c8f908f8e8e8b898a8e8c888d8e87
8384868b8f908d8c8b887d7c88887862
48383e4e595a53554c484449585a636b
59455262676a7d857771656775787680
8277807b798498a5a6a09a999b8d7f80
797583828693948b8584807e83778b90
8285877c706d6b69696e76828e8a7c7a
65483a4d73662d0b111a11203a4e4839
2d20140d12150a213849545f64543315
0e344b525a5150646972684f46444e33
35393234415e5c5863604f53594b443e
3446543e3b587fafe1f8f8f1e9e0d5c9
c1b9afa29791918977676d87abb0a69e
9d97877c818b868a939996887563564d
4a4945414140434d565c554640495155
555143342d2a252221211e1a16151921
28210e1f242c333538323c422e322c32
313332373d362e31322f494a3f3d4140
3d3b36333934322234302c24262b2929
323532262f3b3c353224141a292f312d
242e3f3836423f3d3c41444045424c4c
474b4e4e4d4b463f3b3d3e40403f4759
696d6c6a6865636264666c6b6a67625e
5b5a5a58514a484c51575a656e777d7e
7a7877777273767b7d7a736b6c707171
73757878777b7d7c7976757371707472
78848b898179787878777675736f6c6f
6f6d6e71706e6f747571726c6e737171
6a67696866646362657273767b7f7f7d
7b7772757a7d7c7a7b7d8c867e7c8086
867b757576787a7b7c7d7e7f7d766f6b
6b70797f82797a80807f878f90989792
8b888b8f90918b817f878e8f8c8b8f8e
8e8c89898d9191919391827777726665
666d797c7363524b494840476461514b
4b5765787f797d7e746f6d727a7d7d7c
76787b8a9199a7a69d9ea49e90898a8c
8f8f8a918d88837c7a7c7b7d7c8d9a89
7a7d8384756b767e82888f94967a727f
7d6c5654645835180b09122737415052
463d35220a06191e2837495958401c06
0c2a4f605854595e6567584d50453925
3f3825384f635959624d354e4831464f
405660493e5078b1e9fefaf0e8dfd4c9
c1b8ada1979291867366708dabada39d
9d97877d838c85889299968873604f44
4348453f3e403f4956615b4b44494e5b
59534639312c25211d140c080e1c2421
2b2313242a31373334383e38352c332e
2c3831292e302825344e38423e3b3d3c
3a3733333c403c2b2f3031382a1c242a
25313432223f392b3630191b2e393931
20212c27273d525b503f333239374343
494c4f4f504f4b454346484c4f4f525a
636363626161616263636765635f5b58
57585754504c4c52575d5f656b737878
757272736e6d6e7173736f6a6c717272
71727575737878757270717476787a78
7b8387847d77767574747675726e6c70
6f6d6e71706d6f747471726d6d706d6d
696869686665666a6e7877797e81817f
7d7a77797b7d7b79797b84807d7d7e81
7e7674737475787879797875706d6b6b
6c6f777f847f808686878d918e939390
8b8a8d9090918b83838a8d89847f8181
8284878c9293929597978b807f7b7170
73797e77695b4c474947404967685c59
5a60697980797b7d76726f7276777777
767b7e87939ea4a29d9d9d958985898d
91918b9089827f7a7a7c7c7f818f9484
7e83848177747e8383868d8e8c7a737e
7d6e59536156341f120c1223303b484e
494136240f0a1a1e243246575741220e
122e535f524e555c6567584e5142321f
3b352337526257565c482f4444334251
464f523e394f7ab7edfcf7f0e7ded3c8
c0b8ada09692908470667190abaca29d
9d96867d838b858892999687725f4f45
444a473f3f42424956605a4a454b505e
5b5346393029221b160f0a0912232b23
2d2516272a31363332343937312e312f
2d34302d302f28273248333f3c393a3a
393835383d3f3829292e323b2a1b2328
232b302e233d362a36301a192c38372d
1d202d2c2c3c4d52473a333336303c3c
4e50525255575652535b5f6771756b5f
564e4d5054595e60605f5b58534e4b4b
4e53524d4e50565f666a6a64666a6c6b
6866686965615d5d5f6366686c727573
6e6c6e6e69716d6663646a75828a8885
82817d797472726e6b6f76766f6b6d75
706c6e706e6b6f757370736f6b696465
686a696867696f7a8285818184868482
82838383807c7876767673737b807c75
6e6b72707071737372706d5f5157616b
6e6d757f878b8f9395989a958c8a8b8c
8c8e919291918d878c928a7d71656162
687382929c99959fa2a59f9692908988
8f94896e544840404a44414d70787479
7a73747d827a777b7b7a75726e6a686d
7783868098a99e989e9c8f81787c888f
95948c8d80767576787c7f858c93887a
8690857b7e88918f868387827678757c
7e735e525953323123131319212d3845
504b3b2a1b151c1d1c283f5354442f21
1f395c5d45424f5866665650543e2211
342e1f345a6054504f3d222c3d393b54
534233272d4b81c5f6faefefe6dcd2c7
bfb7ac9e94938f7f6c657495adaaa09d
9d94847d848c8487929a96856f5e4f46
484f4b404148484a555e564847505665
5f5445382e241b100805050b1b343b28
30291e2c2d3036322d2c2f342a312d32
302c2f35332b292c2f3c283837333334
383a3d42403f30241d2b34412b1a1f24
1e1e28282438312836311b1729363225
161d3037393b433d353032372e222d2d
51525353575c5e5c5b59514d51565651
4d4f5154575c5e5d5a56505252535354
575a5854585c61646666666565666665
656667686261605e5d5f62666b707271
6d6b6d6e6d6e6b6a6c6e7072777b7a79
797876737272716c66676b6c69686d68
6565696c6964656969676a6a68696a6f
73757677797b7d808386838283817c7a
7c7d7a7b7a77757576757471716e665f
5d616c6e6e6f7273737270686264696d
6c67696d747b8184868989827b7c7f82
858788868385847f7d725f5862686a72
7d8282858b8c8c9395979691908d888a
908e7b5c48423f414948576478787374
757674787d787576756f67686e6d6a71
7e84818998a3a49f978e847c81878e94
938e8e90857d7b7b7a7a7c818b8a7f79
868d84848c9191877b7982847a777375
746d5e565f5d34382f27252429353a43
5050412f231b17191c2c44524d3d2f23
1b35515349494c505a5c514948342014
2d3e304055594b454639232539454552
4c342b26305188cbf7f8f1eee5dad0c6
beb6aa9c92918c7b6b657596aeaa9f9d
9c93827b848b8386929a95836d5c514a
4d524b4042494c4c545c534648535a67
615444382d241e171110131a273a3c25
312c242f2b2b32322b262a36282e252f
31292f39362d2c2e2b30253435343333
3535373c3c423630232c2d362a201f20
201f282a34342c252d2d22212a2e281c
121c313837383f3a38343135322e2a2a
555554555a6166666258443532394345
465156585b5e5e5a544e474c51575a5d
5f615e5b62686b696663636765626060
636566666062635f5c5c5f656a6e706f
6b696c6f706c6a6e757976706d6e6c6e
71716f6e6f727169615f626463666d5d
5c5f6569655d5b5e5f5e616566696f78
7d7f8286898b898784878483827c7573
76777374757372757675756e685f524c
4d57686d6d6e71737473727171707170
6b625e5d636d7577797b78716c6f7379
7e81807c777a7c786f553737546a7282
908f837a7b808489898b8e8e8d8b888b
91896e4c3c3c3f42494c6b7a80787270
6f7a74747977737270665b606e716c76
85857c91989eaaa6918279788890949a
91898f938a8382807c797a7e8b817678
8689848d999a918071707e867f77716e
6b665e5a6566373e3b39362e303b3c41
50554834292012171d31485046372f26
173146494d504a494e534d433c2c1f16
274d404b5053443b3d35242037504e51
4528232533568fd1f8f7f3ede3d9cfc5
bdb5a99b918f89776a667697afa99f9d
9c91807a838b8386939a94826c5c534f
52544c41444b4f4d5459504449575e69
635543372d25211e1b1a212832403d23
322f2a322a272f322a212637262c1f2c
31262f3d392e2f312726233034363532
3231323639453b3b292c272c29261f1c
2220282d433128232429292a2b271f13
0e1b333a36343b383c383033363a2828
565858585b5e5f5c54463d393c464e52
545554525252524f4b484a4e53585b5c
5d5d5f616364625e5c5c5e605f5e5e60
63646463616364625d5b5d61666a6b6d
6e6d6e737777726d6b69656263676c70
726f6a666465696a6664656666666869
69666463615e5e62676a6e737372777e
81807f7f808282817f797a7d7f7c7672
7476757678787776737068523d353d50
61686e757575777a7c7e7f7e7e7f8080
7f7e7b777577756e6c6c6c6b6f777b80
84827b726b6b64564e4b4f6476729091
8c8884858988858988888b8c8a898b90
928160453d3f41444351787a736f7477
747372757876726a625f5c6679807a7d
847f78839ca7a29f9b8b75738a949191
888286847d7a7d80807f818077656980
939383797a7c7b79767377766d6b6d6c
6b6a6763676b4b3b313f433b39383e40
4456593e26201a2026353e382a222424
192025273d5350494d524d3d2d201b15
18353a445048403c3d3729343242624f
302d31333f619bd9f6f6f6ebe2d7cdc3
bcb3a79a908e86766c6a7798b0aa9f9d
9b8e7e79838a8387959b93806958504e
4f4f484243444a4b565d544849535b67
6255443a322f31322c272a3239413e2d
312f2d322b252a2d251b25312e23232d
35303033302e312b243439362c282423
29302d2530423d412d281a1d2625201a
1a21252d362f312d2f38382d2d332d21
1b23323326282e2a31322d2e2f322626
57595a5a5b5d5c594f403b3b404b5357
5a5653504f4e4d4b49464b4f54595c5c
5c5c5f6364625e5a58595c5e5d5c5d60
63646362616465635d5a5d606569696c
6f6f6f747a7c756d67635f5d60656d70
726e68636160676a686666676766666e
6e696461605f5f636b6e727978757a80
83817e7d7d7f807f7e74777b7e7c7672
74767677797a7976726e63482d253552
696e717878787a7c8083858483858686
878986817c7c756b6767676a707a7e83
87837a6f67655b494248587583749b96
8b8584898e8b868988878a8c89898c92
927e5b423e40424541537c7a6f6c747a
76717275787671685e5d5c687e87807f
847d777e9dab9f9d9f8e73718b96918d
857f837e78777b8081828481705b6483
999783726e7073767774747067666b6c
6c6b6a67686d533b2d41483f3d373f3f
4056604225201d242a363b2f201b2123
1a1a191b3755534a4c524d3b271d1a15
132c384250443e3d3d382b3b303d694f
292f37394365a0dcf6f6f8ebe1d6ccc3
bcb3a699908d85756d6b7898b1aba09d
9a8e7d79828b8387959b937f68574f4d
4e4d47434342494a575f564a4a525a66
6255443b3432373a332c2e363c423f31
312e2e332b24292c231a242e3120242d
3734302f2d2f32282339423829231f1d
25302b1f2d413e432f27151824252019
1721242d312e3432333e3e2f2e383227
21263230212429252d312c2d2d302525
585b5a5754514e4b46464d575c595352
544d4a4b4c4e4f4f4d4d50504e4e4e50
54585d5f5b5857595c5e5f6061636567
6868696a706d6b696a6a6a6a6866666a
6f6d68676c6764626161606062636166
696a696867666c747674716f6e6b6661
615a52545c656d6e676966645b545456
55585f676d6e6b66636465676a6b6c6c
6b6a67615d5b58525150445475878071
696e7d7d7f7f7f8083878b8985847d73
71787e7f7f7f7d7d7f818081868c857d
7775767d867d74787e7d7b828b869693
8f8c88878d93938f929392918d8e969d
9b8159413e3c3c42405c85797374716e
6f6e71716d6b6e6f6d737a7e83878276
747a77a4b1a39584736c76838995968a
8f93867d78777e85837d7970686b8e98
83716a69747f7c7d796d686b6b646a6b
6b686867636f7b5e424c453538373b3c
41535235272a1f141c2c32291c161613
101523161735474a3e322a211c1c1f24
27232a454b362c302f292f402f2d473c
2e363b3b4871b2e9f9f3f4eaded3c9c0
bab1a499928d82746f6c799cb1aba09d
998c7e7b82898389989c917c66564d49
47454446453d424a5a62594d484d5864
6152423b33323a382b2325303a393636
2e2b2b30312b27241e1d222d2d2a2f3a
3b3230312b282d2d252e362c24282721
20231d161f2c2b2e2b2b211c191e2721
151a22201f312d17192f332628353228
1f1c252a1f20231f242f393d33282b2b
575a5955514e4c4946474f575c575150
534c4a4c4d4e4f4f4d4d515050505052
565a5e5f5c58585a5d5f5f6061636465
656667696e6c6a696a6a696866656669
6e6c6765696563626161606061626166
6a6b6a6968666a6f716f6b686866625d
5d564f50575e656762635e5c534d4f51
51545b63696a67625f61626365676868
6665635c5857555050504a5b7b8c8474
6c6f7c7b7d7f7f8082868a8884847e75
71767b7b7e80808082827f7f8288827c
7775767e867f777d83827d828a879793
8f8d8b8b8f939390939493928e8e969d
9b8159423f3c3c42405b84787476716d
6e6e706f6a696e7171757d8083878275
737b7ca6ae9d8f7f716f7b868a94958a
8f93857c77777f86847e7a73706f8d93
7d6c696b767f7b7c786c676c6c646a69
6966676764717e65474c433336373b3e
44524c32282b1e151b292f261a171612
0f1726161330454c3e2f261f1b1b1c22
2723294247332b302f292f3e2e2c4038
31373c3d4a75b6ebf9f3f3eaded3c8c0
bab1a498938d81746e6b789db0aaa09d
998c7f7c8389838a999c917b66564d49
47454446443d424a5b625a4d474c5964
6151423a323039362b24263139363232
2d2a2a2f322c26231e1f222e2c2c2f3c
3a3030322c262b2d2529352b24282721
20221d161e292a2d2d2e251e181f2823
181b252020312e181a2e322728333127
1f1c252c211e2221262f363a342b2e2e
5254514a444345464a4f50524f484448
4e4e4e515252504d4b494f545a606364
65666562605f606262605d61615e5b58
5758595c6160616466645e575c626365
676865615f6163646361615f5c5c676b
6e6f6f6d676057524f49423e41474a4e
4d4945423d36323946443a3431344045
4d515253565858565456585651515354
52504e47454a4f51565f768087867f7c
7a737170757a7c7b7c8186817c828683
7c736d697a838b8d887c716965686d74
7a7977797e7c7d868c8b81797d879f94
8d919a9d9a938e91969695948f8c9295
94805c4847403d44414d75747a7e7269
6c6d6b6560656e787f7b7f8283857f72
7684989e9783706d798b97968b8e9189
8b8d7e767375828d8b85888ba180756c
62646e7b817b7474726a696f6e666662
615d616a6c797b7c56473b2930383c48
564c2f222d2f1a1e1c1f1f19161a1b14
1025361508213d55492d1d1817140a13
1c292b2d36262c3635332d2c2b2f252c
3f33414a5a85c2eff8f3f3e8dcd1c7bf
b9afa298938b7e6f696475a0aea7a09d
978d83828689848e9c9d907a66584f4a
484642414240404c5e625a4c43485b64
604f3f3a2f292e2d2b2d30373726191e
292a2a2d362f2421242c28372635313e
3226303b3120232e2415342c2425231f
2225201b1b1f2a2e3b3a37291b222c2d
2a29322429323629272f302b2a2e2e26
201f2c3a30151f30332c2121343f4242
5153524a44424447494b4a4b4a48474b
51525355575756555656575b5f636363
626362616160616161605e5f5e5a5857
585a5a5b5f5e5d5f6161605d60656565
666666625f5d5e5e5c59595856555b5c
5a57575855514b4a4b494643454a4e50
4e4a4847433e3e4551534c4947485254
55555354585b595450575d5e5a595b5d
5c59554f4f595f60646c7a8084817a7a
7a737070767a7b79797b807e7b7f8281
7c746f6e767d86888178747372737578
7a7774777d80828788847a737c8f9b92
8d93989795928f8f93939395918e9194
957f5945443f3e46474874797f82786e
6d696864636a70757a7b7e8183847b73
7c899a9f93837c7a7f8b96948a8b8f8b
88877e7773748089857f888d906f6567
67686c78817d7473726b6d726e686762
635f626b6c7a7c815644403335393843
4e4129232d2f25241f21211c191d1f17
12293518172e3b4a4934221d1b150911
19282b29312932342e2d292c272f2f2f
3c34404a5e8cc7f0f7f2f2e8dcd0c6be
b9afa29791897c6d656073a0ada69f9c
978d84848788848e9d9d8f7966584f4b
49473f3c3f413e4c5f635b4d42465a63
5f4e403c31292d2a2b32373c39261920
292a2b2d352e2222262c2a342931333d
322a30362d1f2027211b37302826211e
22242426201d2a2c3a37342c24262a2a
2c2f31262b252e2c26282b2b2b2d2d26
21202c372a191e2b2f2c221f35434242
5053524b444245494945403e41474c51
575a5c5e5f6061646a6c666869686562
5f5d5d5f6263625f5e5f605d58545356
5b5d5b595c5a5757595e6468696a6a67
646468655e5757554f4b4b4d4c4a4741
372d2d323535373c434a4d4d4d505555
504c4e514f4d525c666e6c6f6f6e7470
655d57575b5f5c514859656c6a686b6e
6d68615c63737d7b7d8482807e787175
7a757071777c7b76727275797b797b7f
7d7774766e737e7f777279868a868380
7b7470747d888d8881776d677aa0948d
9096948e8b8f928b8e8e909796919094
957e553f3f3d3f4953417182888a8379
7064636369737571707c7f7f84817473
88929da18e8591938a8d959189858a8f
847e807b75737c827a7587927450495e
706f6a7382817470716f75786e6b6964
6763646c6d7c7d8c563f4a45403a3239
3f2d1d252d2f3a2f262525201f24251b
1530331d3346383649412d262118070d
13282c2227303b312223232a202e4137
37373f4b6798d0f2f7f2efe8dbcfc6be
b9afa196908779685f5a70a1aba49f9c
968d8787898885909e9e8e7967584f4c
4c483b3239423c4d61655d4f41435862
5e4d413f342a2c252a3b43453e271825
282b2c2c352c1f232a2d2d302f2b383c
3131312e281e191b1e273e382e281f1b
20222b3c2a1b2a2a39312f30342d2526
2f3a30292e0e2032251c222c2d2a2b27
25242c311e1f1c22292c231c374a4242
47494947423e3d3f403f42474c515456
5a5e5e5d5c5a5a5b5c5c595c6062615d
5a5959595b5b5b5a5958565758565454
575a5a5a5b5b595a6065666666635d59
5553524b434245414041404146474748
4642454a4c4b494c5155585b5c5e6465
63616266676563656866626263656865
58504e4f5254524c46545c656765666c
73736e70747678797b7e7d7977757170
7370696a6f73737173757777777c8081
7b767472757a8389847c808c8f8c8688
87827b787f8585827d76747a869b968e
8d91928f8d8d8d8b8f9090918f8e9096
967a513f433e3e4b454372797e7f746a
6a6b666d757574757475787c80807f87
959aa09a8f8c8f8b868a918c7f818c89
81807f7c7f8286867e75757664534f62
707374787d7e7a7775767d7a6d6c706d
6a686c72737b7f8b54484e4d47403a38
332821262d333a36312b26242628241d
1c24241c2d38261e394539281b150a0d
1c2c2d27282e32281d1e2229262b393a
373943526fa1d7f3f4f2f0e5d7ccc4bd
b6aca097918678695d5b76a2aba49d9b
968b848588878592a09e8c7663574f4a
453f342e343c414f61655d4e43465861
5d4d3e38302a2a262d383734352f262b
292e3033342c242830312e25302e2a37
3231303232281d1e242f2f2c2b282524
2220252d2120343027201e2224242224
2f3c393226101c2a1c141e262a33352a
23282f32312d1c202f33292332443b3b
41414344413b3738393c434d55585a5b
5d61605d5956555452504f53595e5e5a
575756555656565756524f5358585453
5558595b5a5c5b5d656b6965635e544e
4a4541382f313732353937394245484d
5153575c5e5d57585d5e616667687072
727273767977716b6a605a585a5f605d
4e4748494b4d4b494551565f6562636c
787b7980817a74777a797a737173716c
6d6c6464696c6d6e73777975757e8583
7a76746f7a8088918f8486929492898f
918d847c81837f7d7a7579899098988f
8c8e91918f8c8a8c8f92908c8a8d9197
96784e3f463f3e4c3c4473737777685e
667069757f767479786f737a7d808997
9f9fa39590918d8583888e88787e8c85
7f837f7d878f8e898275676058555465
71767c7c797b7f7d797d837b6c6c7574
6c6c7276787c808a534e51534d444037
2b2524272e363b3b393127282d2c231e
211b191b292d190b2c49432a17130d0e
242f2f2a292d2b211a1a21292c28333c
383a475775a9ddf4f3f3f1e2d3c9c3bc
b3aa9f98918677695c5b7ba4aca49d9b
958a828387868694a19d8b7461575049
4037302c3037455161665c4e44495960
5c4e3c332e2a29262e372f272f36312f
29313439342d282b3434301c31301f33
333230353b302121293524232928292a
231e21211b243c351a141116191e2022
2e3f403a21121824160e1b21293a3d2e
212b31333f381c1f34392f29303f3535
3b3a3c3e3e3d3e424a5356585a5a5958
575555575754514f5051525150525250
50535453504f4f5152514f484a494544
484d53575154514c4a463e37312f3237
39393b3c3a4c58555a61646870717374
736e6c6c696665696d6f727674707272
7373727374726c645e5d606365635e58
57575656595d6061616964656666676d
73726e7374717278777474706e6f6c6b
71777473787b7a7a7b7b797b7d7c7974
6f76828781828589847c818c8a858893
9189827d808583808283868c85848e8d
8d8e8e8d8d8e8f8f919394949391908e
907f59403c3a4049385175615f6c6c69
6c6d6f6d73888d847d7c7d7f8289939c
9d998b848790938f8c8d8b827d899489
7b79778683766b6661564f525d5f606c
72757b7c78767a7d7e7f7d746c6e7270
6c6f74787a7e848c5e4a595a524c463c
312a292b323e463f413d342d2928282a
2d2620171b1d130f233e4a3c21141820
22302e251f201f1a171c23221f1d2b33
2a2a3c5278b2e5f8f5f3ece1d2c8c3bb
b2a99f978f8374675b5c7ea6aca39d9a
9589828387858694a19c88705d524d47
3c312c313a404c56616154453d44565e
5c4f3f352c231d222e353432383b352f
2e36373b39373535352d2a1e2c2a2031
36302b3139322422272f1b1d27292723
1b171816191f27211b221e13151a1c26
36382f33281e181c1a14181b1f272a20
1e292a26303b323638312b2b2a2e2f2f
39383a3d3e3e40454e5a5b5c5c5b5957
565253565754504e4f5153504e4f4e4d
4e5254534f4d4c4f51514f4546454140
444a52564e524e47423b322a23222930
3435393d3e546160646c70767e7d7f80
7d7672706d69696e7274787b77727273
7373727373706a635b5d626768645e57
5a5c5a5a5d616668697068666767696d
71706b6f716f72787772736f6d6d6b6a
727a79777c807e7d7d7c797d807c7670
6d76878e83828587817a808a88828895
9188817d8086858185878a8c827e8b8c
8d8f8d8c8c8f9190919496979593908b
8e815c40393941493755765c59696e6c
6e6d716a6f8d94877f808080838c979d
9c978480848f95928f8f8b807f8c978b
7a767588826f615c574d484e5f62646f
73757b7d7875797d80807b726c6f726f
6d7075797b7e858c61495c5d544e483e
332c2a2c334049404341382e2827292e
312a231617191110213b4c4124151c25
21312d241d1c1b18171c23201c1a2931
2725395179b4e7faf6f3ebe1d2c8c3bb
b2a99f978f8273675b5d7fa7aca39d9a
9489828387858694a19b886f5c514c46
3b302c333d434e57615f52433b43555e
5c503f362c211a212e3535363c3d362f
2f38383b3b3b3937362c281f2b282131
3730293039322523272d181b26292721
18151513191e211b1c26211314191a27
38362a312a22181a1b16171a1d22241d
1d2928222c3b383c3a2f2a2c29292e2e
4c4c4c4d4e4f51565856565555555453
524a494c4c4b49494d50514e4c4e5253
565956505153534e412f232f3739352e
28221e1f202c34383d4143464d566066
6462636769616b6a6b72777b7e777376
7a7b7c7d7b79716b6966686d6f6e6f70
72737375787b7b797875727070727779
74717173777a7c7c7d81746e6d6e6e6f
6f727b7f7f7e7d7e797271737b84847f
7d7c766a6f75787a7b7c7b7c7a726e6a
666770756d6c6d6d6b6d798380848d93
88838b93989a9794918475727d918b8c
8f8f8f8f908f8f939393949595939297
9785664a3f43473f3c4e7b7c756c5d53
51515b5e6f8a7b6e7a706f7a8b9a9e96
8b858f8e91979a96918c8d9294918983
878b8d89735c5455534c4d585e62666b
6c6e7475747473777c79717076746e6c
7075797c8081888b77495e6054504b44
403d3b3a3b4147474e524b3b2f2c313b
4840351f161510121a2e495032152236
252b2f2d27211b181a1e1d171316282f
292c385385c4f0faf6f3e5ded0c6c1b9
b0a79e968c7f6f62586085aaaca39c99
9288828386848796a0978168544d4d48
3a2925303d4149515b594c3e3942545d
594c3c332a211d1c1e232a303234332b
2d38393a383b3c393b3e373838343537
3a291e242f302e2d2c282a23241f170d
0a111c2328251c1419211c1818171723
2f2a23332d2d171322211717150e1111
1b2a282531363a3b2d1f24302e2d3a3a
4c4c4c4d4e4e50545555555454535251
514c4b4c4c4a48484c4f504c4a4c4f50
5153524e4d4c4b473c2e2430383b3732
2d2826282a353c3f4347494d525a6367
656366696a646d6b6b7176797a757376
797a7a7b7977706b6864656a6b6b6d6d
6f707072767a7c7a7875726f6f717579
7472737577797b7a797c716c6d6e6e6f
70747d81817f7d7d797372737a807f7b
7b7c786d717678797a7b7b7b79726f6d
6a6a7276706e6f6e6c6f79817e838b90
87858f979c9b948f8b7f72717c8c8a8c
8d8d8d8e8f8f8e909191929292919095
9483674d404448403d48737971695d54
53555f6373897b717b73737f8e999a92
88848c8d90969896918d8e9496918784
8b8e8c856f5a5355534c4d585b5f6369
6b6e7475757573767a786f6f76746d6d
7176797e818186897a4c5c5e53504b46
423f3d3c3c4045454d514a3c312e323a
453f37241d1a13121929434b30142135
272b2f2d26201a191c1f1e181518272d
282d3a5588c6f1f9f6f3e5ddcfc6c0b9
b0a79e968c7e6e61576085aaaca29b98
92888283868487969f968066524a4b45
3728242f3b3f464f5a594c3f3941545c
594c3d3229211d1c1c21282c2d2f312b
2d38393936383835383c353937343836
382a20252e312f302d292921211e160e
0b131d2326231e17191f1c1a19171821
2b2824332f2f1a1522201614120d0f0f
182524222e373b3a2d20252e2c2d3737
4d4d4d4d4c4b49494c5152514f4d4b4b
4c53534d48464547494a4b4541424341
3e3d42443b302a2a2a2a28353e434343
44464a50545c5f5d5e60626666686b69
65686c6d6c6f75706c6e6f6d6c6c7778
78767472716f6f6c655e5a5c5e616360
636667696f787e7d76736e6a6c6e6f72
757778797875716c686764676c6d6e70
7279848889847d7a77747976726e6a6b
737d8077797a797778797a797572757a
79797d807e7a78757475797a777f8486
848ea0abab9d88796f6a696d76798889
8582858a8d8d8987898b8a878587888c
867b6f5b474649463f2d556d635a5c5a
5a68737b85867b7b817f85929a968a7f
7e8281888c9094949290929b9f91818b
9d9789715f555354504a4c554f53595f
666f7675797c75737470696c76726c70
76787b8286827e7f855752584f4d4d4c
4a4745433f3c3e3f464b473f38373736
383a3e3937311e13131829372a131a30
2e292e2d251b171a2225211e1d1d2424
222f406096d1f3f6f3f2e2dacdc5bfb7
aea59d968c7c6c5e546188aaaaa19a96
90878284858288979d927a604b413f3a
2f232029353a3d4857584d413a41525b
594e3d3026201f1b181c211e171e2b29
2f3939362e2926252d352b3833374233
2f2b27282d323638352c251815191711
121b24241e1e24231a181a231b16181a
1d232a34373a271d241e0f0a0a090807
0c141418233b3e392e282827252d2a2a
4f4f4f4f4e4d4c4c4c4d4c4945403e3e
3f43413c383637393c3d3e3935363838
36363d423d38373b3e403f464d515151
50505358575f605f61636568696a6c68
666b6f6f6e6e716c6b6e707071717776
7472706f7070706e6a66626163646564
676a6b6c70777b7c7876706e72727070
727374757572706c6a6c6a6e72737376
797b7f83837f7a797775787673716f70
757a7c7a7a7a7976747474747170757b
7b797c7d7b77757575757676747d8184
86919da29d8e7f7a776f676a787e8488
86838488898987838688878482838485
817e765e4643484a403152645b5b635d
5766767a7c8080817d7c84909691857e
7f847781898e94969595979c9c8e838e
988b7c6a5e5653514e4b4e5551555c61
666f7675787a7371726f696b726f6d73
78797c8488847f7f8b634e5249464a4c
49444242403d3f41474b48424143423c
38393d38383321161518222d2514192a
2c2c302f281f1b1b1e20211f1f1d211f
1f2f42669dd5f3f4f2f1e2d8ccc3beb6
ada49c958b7c6b5d536188a8a9a19a95
8f868283858288979c8f775d483e3b38
3026232a34393c4757584d403a40505b
5b5140302119181a1c20241c11192928
2b3332312a2421212a332a3833384434
302e2c2c2f303234332b21151721241e
1b1f24221c1e26271e1c2028211b1b1b
1d21242a2f322822241e130d0d0b0907
0b1214161b2628292a2e2f2a262e2727
53535251515151514d46443f372e2a2b
2d2b282421202226282a2b272326282a
2c2e363e40434a545d60606064666565
626061645d63636165686a6b6d6f6e68
68707572716e6c67696f737477797774
6f6c6b6c6e71717171716e6a6968686a
6d7070707275787a7d7b75747b78716f
6d6e6f70716f6e6e6c7373787d7c7b7e
827f777a7b7876777878787675767777
7877767e7d7b7874706d6e6e6d6e767e
7e7a7a79777372757775726e6f7b7e82
89949a958a78727d827664667a867f86
888583838484847e808383807e7e7e7a
7a8382644440465042374d58505d6d62
52627b796e77888a7777828e90887f7c
82886978848c94999a9c9e9d988a8593
927a69615d59534d4b4d525454586164
687076767778716e6e6d6a6a6e6b6e77
7c7a7d878b86828093754748413d464d
47403e41423f4045494c4a484e545245
38383b373a37261c1a18191e1d151722
293033332e26201c17192120221e1d19
1b2e456ea8dcf4f2f0f0e2d6cac2bdb5
aba39b958c7b6b5b506289a7a8a09994
8d858284858289989b8b7359453b3735
302b292b32393b4757584c403a3f4f5c
5e56432f1b0f0e182128281908112628
252a2929241e1a1b2732283933394737
33323333302d2b2e302b1b12192e3732
2a2625211a1e292d23212a3129221f1c
1d1f1b1a24282c29241f1813110f0b08
0a1014131107091425363a2e272f2222
4d4a453f3b3a39373635332e29232327
2a2c2e2e2e2e2e303436333132383c40
42444c54535354585a5a595a5e616365
64605f615e626363686c6c6b6c6e6e6a
6b72736f7167645e5f62626165686968
696c6f7175787675787b7a7675757474
797c7c7b7979787778766d6c73716967
686b6f7476777778777976787b7a797c
7f7f7c7b787777787775737170717272
716f6c6d6e70706f6c6b6b6e7172777c
79757574716e71777a7a76727682827f
828787847c7c8184867e73788582838b
8a807874767f878783817f7f8181807e
7d7e7356444846483d3c48585b605c4a
3e4d6f7779827b76737d899396918881
7c7a79878d919799999ca1a194898d95
846d675e59544e4a4b525554585d686a
6a6e74777979726c696866676968707b
7e7c7f888c89868494834c453f3b4146
433c3c42444142454649464348505048
46433f36363529241f1c1c1b18171b21
222b2e32333230291d15171719171816
182b4474b1e2f5f3f1efe1d3c8c0bbb3
a9a29b958b7a695950638aa5a69f9893
8c8481838582899898876e55423a3734
322f2c2c32393a455453483e3a42535e
5d533f29140909111b242616050d2124
1d1e1b1e1c1915151f27212e282b362e
2e2d3134312a2629302e1b12172b332c
241f222c2a29282725252d2d2a231c20
2b2a1d1c2024302f231d181211120d0c
11181b150b0505090f181e1c1c272f2f
49443c332e2c2a28282a2824201d1f24
292e3235373635373c3e38383c444a4d
50535a615f5d5b5a585655565a5e6265
65605e5f5e6263646b6f6e6c6c6e6f6c
6e74736e71645f59585a5856595e6060
656c7174797d7a797d82827e7c7d7b7a
808484827e7c7876757269676e6c6563
656970767a7c7d7e7e7d78797b79787b
7e7f7f7b777678797673706e6d6d6e6f
6d69666364696c6c6a696a6e7374797a
767272716d6b70787c7d79757b87857d
7e7f7c79737e8a8988847d838c80858f
8c7e716b6e7b898c85807d7f82838281
7f7c6b4d454e46433a3e45586262523b
324168768089746a71818e979a968e84
7972839094949899999ca4a392899297
7c66665c56514b484c5558555a606d6e
6b6e73787b79726b676564656667727d
807d80898d8b8987958c50443f3a3e42
403a3b434642434545474440444d4e4a
4e49433533332b2a22201f1916191e20
1d292b31363a3a322113121214131514
17294478b7e5f7f4f1eee1d2c7c0bbb2
a8a19a948a7969584f648ca4a59f9893
8b83818485828a9897856c5441393734
33312e2d323939455250463c3b44565f
5d523d250f05060d17222414040b1e21
19171217181613121a201c2722222c28
2b2a30363128232730311c1216293028
201a21333431272426272f2b2a241b23
33301f1e1e213332231c191212150f0f
161d20160804030201060d1115213838
2221201f232a313433312f2f31373c40
4241444646433f3d3f4247484b50514e
4b4a4b4e5154575859595a5f5f5e5e62
656466686064636166686663696e6960
5c5c51474b505353565a5f62676d6e6e
707677747373797b7b7e7e7b7b7e7b77
7b7f7f7d7b787474797c77777e796f6c
6e72777b7c7a7877777874767a7a7b7f
8283807b78777776706b69696b6d6f70
6f6b6a65656a6d6e6a68696a6a696a68
666a767a7472767875736e6a727f7e72
6f71747b7c7a7c858b8675738481908e
7c675e5f687a8b8b847c777a7e80807d
6e5b473e4d533938423f39536765544b
555f716f736f5c6a8a8480858a8a8781
7c7d959a9694999a999ca09d92929b96
7865635e56515254575c5e5b55596b6d
6b6e747c828079716a645f5f6368747d
808285898c8c88878a8b654e4b494341
423c3c43443f424745494c48464c4f4d
4d4e504847433731282526241d1a2024
1d1a191e2329343b3727161718141412
12214482c2ebf8f5f0ebded0c5bfb9b0
a79f9992867566574f678fa4a59e9791
8a82818485828b989581685241342e2c
2a26252a333838424e4a3f383a465960
5a49331f0d0507080c14181106091214
1516101111110f0c1014131719181c23
27232a302e2b2b3037321e1619272922
23262c373a34242126262d363b332728
30240d0b0c132729242625201b150d0f
1515110a030304030203050605081818
1c1c1c1c222b333736333232363d4347
4846484a4946423f40434a4b4e52524d
4a49494a4f535758595a5c61605e5e61
6565676a6064636165666461686d665c
57574a40444d5153565b61656a707171
727777737171787b7a7c7c797b7d7a76
7a7e7e7c7a7773737a7e7a7a827b716e
7174797b7c797776757773757a7b7c7f
8383807b787777756f6a68696a6d6f71
6f6c6c65666a6d6e6a68686967676765
6269767b7574787773716c69707d7c70
6c6e737c7e7979838b8673708281928d
78635b5e687a8c8a827b76797d7f7e7b
6a53403b4f543536433f36526766554f
5d66736e716a596c8f847d8287888580
7d80999b96949a9b999c9f9b93949c95
7765625d55505256595d5f5c54586a6e
6c6e747d83807a726b645e5e6369747d
8083878a8c8d8887888a6b514e4c4442
423d3c43433f424744494e4a474c504f
4e50534c4b473a332a2729271f1b2024
1d17161a1e25323c3c2c18191a151512
12204584c5ecf8f6f0eaded0c5beb9b0
a69f9991857466574f688fa4a59e9791
8982818485828b989480675141332c2b
28242329333838424d493d373a475a60
5947321e0d0507070a11151007091010
1416101010100e0b0f12111317161821
2521282f2d2b2d3238321d1619272721
23292e383b34232027262c383d362929
2f220a0708102427242828231d150d0f
15120e08020305040202040401031010
4d4c4945454849474a535050545b594f
46494a48474748494a48424343454545
484d52575d6264615e5d5e605f5d6066
69666366696a635a575452504f4d4845
4e5d5e5c6771787a757171716f6f6d68
646667696c726c636266696a6e726c7b
7e7d7a7879797875757a76747a756e71
7b7e7c78747274777a7272777b777373
7574707274777673716f717578797875
71707276716e6b665f5a5b60676d726f
68696b686e7377726b6b6e6e726c746f
7175797d77716d6b71766e728c8f867a
6b697986847e7b70717374726f6c6964
5445434e5a411a39353f3a4d57636762
66717f7b76778f9f817c81868a877d78
81928f928f95a3a7a3a29d9396948a7c
7265574c3d38424d4e4e565e615d6a6e
6c6e6f74757173777a7369686f6f777b
80888c898a919593848380564f4e4b4d
4b40373a3b3b433d3641525651525658
59585750514f423a474947483a211c25
2015181c19141c2c36353337382e2722
202f4f90ceeff7f5eee5dccec4beb9af
a59f998f80716456506b93a5a49d9790
8882818485838c97937e6550403a3937
2c201e2834373c464f493a32343f5360
564534241205020b10101315110a0807
09131313111519191a15140c15140f17
14141c1f1e242e322e1d020612232017
1a212b3a36332c303129302119202a2d
2b24150e1721282223241b1216180f13
180e080f1418130a0402010102020203
4e4d4c494a4d4f4d4f565454575c5b52
4a4e4f4d4a4847474846414244454646
494e54595e6263615e5d5d605e5e6061
5f5a585c61625d55525050505353504f
566364636c727777736f6e6d6c6b6a68
646668696d716a64666b6e6e7275717f
7f7d7b7a7a7876747579757174726d70
787b7977757373757772727577757373
74737275777a7b757171727576757371
6d6e72756f6d6c68646264666a6f7370
6a6a6b676d7276726b6c6f6f726c7472
7275797d76716f6e757b75758b8e8378
6c6c7a86857d7469676a6e6e6b64615e
5145434b523e2238343e3f50565d6263
6873807b777b8c97827f828487857e7c
858f858e9197a2a5a09f9a929692867a
6f6155493d3a434c4d4e565e605e686a
6c6d6f73747273787a7569686e6f767d
808589898d90929184827d574e4c4c4e
4a3f37383739403c38424f524f505456
55545451524f433c4646434539251f29
2418171b18151a262e302f3235312d25
23345696d1f0f7f4eee5dbcdc4bfb9ae
a59e988e7e706356516c93a5a39d968f
8882828586848c97917c654f3f383835
2b21202a35383d474f483b34353e525e
55443323110502090e0f12120e080706
08101011111417181917160f16130d12
1011171a191f272a2719020612201d16
18202933302f2b2d2c27281d171f2727
252218122022282526261c1416170f14
170d0d131517110a0704020103030203
50515355585b5f616261606061625f5b
565f615c544b444041413d414648484a
4f545a60606161615f5d5c625f606054
4035373e484b4b4846464b525d66696d
727578797a7672706c68646261606068
64686c6c6f6f6667737b7c7c7e80818a
847d7c7e7d767071787473676267686d
7271727678756f6d7073716d6c707372
7072787e8083897d717675736f6a6662
60666f746a6a6d6e737b7e7a75747572
6f6f6c656d7274726f6f7171706f747b
77747b7e76737578818a8a7d898e7a70
6f767d868978605449505d635c4c4849
4644444439343b37323b4c5c54495263
6d77857b7a8984818587857f7e808288
90866881969d9e9d9a97908d978e7c74
65555043403f454c4c4d585e5d636260
6a6b70717273747a7b7a6b696a717784
817e828a958f898a857f755d49474d4f
483e39322c3236393e444545484d504e
48494d54554e4640423b373b37332a38
3123171817171614172022222c3a4130
2b446ca7dbf3f6f2ede6d9c9c3c1baac
a39e978a796b5f56567194a5a29d958c
8683838587878e988c78654e3a34342e
2826292f373d3f484e453c39363b4e59
554030230d030103060b0d0b07040404
0705070c10101013181e1c1c1a120905
05080a0b0c0e0f11110f040912161514
131a2222212329231f201011121a1f18
141b1f203b27292e302b211a19141018
150c1b2216130f0c0e0c060305060102
5456585b5d5e60606161606061636260
5d6264625d57514c4a4943464a4c4d4e
52565c6162636464646262646264655a
4b45494e53575b5a5756585c64696b6e
70727474747572716e6a66666665666f
6c6f717173736f72797d7d7d7e7f7f82
82807d7a75737678736f6e656268676b
6e70737574716f6d6e71706f6f737472
707279807d797e7a737572716f6c6966
63656c6964676c6e7379797675757571
6c6c6a66696f7473706f70717172767c
79767b7d7473777a7f817f788c947773
797f7e7b75645149454e525451444042
3e383c3e373c4c4648535e61544c596a
6f747e787a8584868788868180848689
8a7c748b9a9b98979798969395877770
625450454240444b4d515b5f5b626260
6a6b717474767a7f787164686d72787f
7b7f868a8f8c888b807876624b474b4d
4a443f352d3337343a434747484a4b48
47474b50504b47454035313334363036
32201516171b1d1a191c1b1c26343f33
2f4770abddf4f6f2ede4d6c8c2c1b9ac
a29d9689786a5e55567194a4a29c948b
8583838587888e988b76634c39312f2b
28282b2f353b404b50473f3a363a4c57
533f3124100604040608090907050404
060405080c0d0f121617161615100907
070b0d0d0d0d101313130b0d15171718
161b21202021241b181b0f1514181a12
0e1314142c1d20272b2b24201c15141b
180d1518121414100e0d0a0503040303
5a5c5f616362615f5f62616162646666
666768696865605a56524a4d51525253
565a5f63656668696a696967666a6a62
58575e6260666e6f6c6968696c6d6e6f
6f6f6f6e6d747372716d6a6a6c6b6e78
7678797778787b7f81817f7e7f7f7c79
80847f746c6f7c806d69696262686769
6a6f7574706d6e6e6b6e707173777672
707279817a6d71777575706f6f6f6e6b
6565695c5c636a6e7578747275757570
69696966656c7474716e6f717375787d
7b787c7b71737b7d7c7572738f9c7477
85897f6e5d4d3f3c424c4642433b363b
342b3237344561596370746955506172
727176767b80848b8a8b888383898c8a
82718296a09a9290939a9e9b9280716b
5f524f484541434a4f56606259616260
6a6c7376767a828576675b6770747979
757f8b8a8989878c796f78684d474a4c
4d4a463a2f34382f35424a4947474642
4546494c4b48494b3d302a29303b3734
331d1314182026221b1714151f2d3c36
344b76b0e1f5f5f1ece3d3c8c2c0b9ab
a29d958877695d55577294a4a29c948b
8583848586888f988a74604a382e2927
282b2d2f333a434e534b423c363a4a55
523f3126130908070606060607070504
05030204070a0d1214100e0f100e0a09
0a10110f0e0e10151718131318181a1c
1b1d211e1f1f1e120f160f191716140c
070a08071b11171f262a27272117181f
1b100e0d0d151b160f0f100802020505
585b6065676867646363636363636464
6563636465656563605f5d606261605e
6062646566696a6b6b6b6b68696b6962
5e62686a676c72726d6867676a6d6d6d
6d6d6d6e6e6f6f71726f6c6d6f6f757c
7875747377797a7c7b7a78797b7c797f
7a7675767674737069666663666e6f70
707273716f6f72757478797573747372
73757980786d72777471727373737370
6b686b6c6c6f71737879737175777670
69696d6d656b73757270707274787a7e
7d7a7c7d777879747277858c96877980
83756151463e393b4144373139434c58
5959646d69707f7371797971686b7574
6f787a7f878488908a84807d7f868b8e
8c808d93908b8c919496948c7e6f6662
544743494a46495156595d5b585e5f60
6d727a7c7c7d7e7b6d65606967717879
7b858d8c85868991837778684f46474c
4f4e4a3e323232262c3e4a4b494b4a45
45484b4c4b4a4e544c39292c3b3e332b
34281c16151e2b2f2b200f0f16213538
3c5480bae6f7f5f0eae0cfc7c1bfb7aa
a29d958675675b54577495a3a19b938a
858383858689909786705d473832302d
2c2c2c2c323a414d524b433d393d4c52
503e3126150c0b10110d0a090a090503
0606050506090d1012120f0e0f0e0b0a
0b0b09090b0e1215151314100e0b0e15
17171916191c1c131117111815161714
1012111017131c252d3230312c222122
1b150f0d191b21180b0c130f080f1a1a
575b61676a6b69676563646464636364
6562616264666768666567696b696765
65666766686a6b6c6c6c6c6a6a6c6963
61676d6e6a7075746e6866666a6d6d6c
6c6c6d6e6e6d6e7173706e6f7172797f
79747271767a7a7a79767577797a7782
786f70777b776f686664656368727374
737372706f707579797d7d7873727272
7477797f776d72777370737575757573
6e6a6c7574757576797a737176777670
696a7071666a727573717173757a7b7f
7e7b7d7e7a7a78706e788f999a7d7b86
826c53433b37363b4041302935465767
6b707e8884868e81787d7c7572787f76
6e7c7c858d878b938a807c7b7e858b90
918893918883899295948f857367625d
4f423e4a4d494c545a5c5c58585d5e60
6f757d7f7e7e7c766865626a63707879
7f888f8c84848b94887b78685145464c
50504d4133312f21273c4b4b4a4d4d46
46484c4d4b4b5159543e292e41403126
352e2118151e2e3534260d0d111c3139
405986bfeaf8f5efeadfcec7c1bfb7a9
a29d948574665a53587595a2a19b928a
8583848586899197856f5b4638353431
2e2d2b2b323a414c514b433e3a3f4e51
503d3026160e0d1417100c0b0c0b0602
0707060506090d0f1113100e0e0e0c0b
0c080506090e14161411150f0a040912
14151512161a1c131218131814161918
1516161415141e283136353631272623
1c18100d1f1e251a0a0b15130b152525
5b5e62656665625f5b595d6061615f60
60605e5d5e6063656565656868696664
64656566676867676564626160615f5d
5e63686965696d6d6a6767696969696a
6b6d6f72746a6b717675727273717075
73707273757775727170707172716f77
716d71767978716b6a6b6c6c71787978
7a766e6d72726d6d6e6a6d6d6d707170
6f767d7972767c77777a7c7d7a777675
727073817c7876777a7a777a7f7e7b74
6e71787976777a7c7d7d7e7d7e878583
7e767475787d828485868f8f90788380
603825293030313c3031475f6c6d6d5f
606a6d747973757c807b797d868e9189
838c8b8d8f8886868068687a8b939492
928e87847f838f98968e877b6d686357
473934494c4a515a5e5c595967666162
72777b787a7c7064585a5d6c6462656d
7c7a79838383918f8b7354494c4a4645
454345423b3a331f2033404142494e4a
494d53565554585e5b493f4d55413c32
2a241c1614171d201f20231b1516232a
385992cbeff8f3eee9ddcac5c0bdb5a8
a19c938271645853597897a0a09a9189
8483848586899296826c59463c393a3d
3d38343436383e494c47413c39405052
513d2e23120a080f0f0906080b0a0502
0507070504050706070b09070a0f1215
1719140d090b10141718110d08030712
1412110f101314101010090a090d1311
0c0c0f1423191313171d2736372e2e27
2022160716141a180e0f161611192020
5c5f62656563605d5a585c5f61615f5f
60605f5d5d6063656564646767686564
63646566676766656362615f5f5f5d5c
5e63676864686c6c6a68686969696969
6a6d7073746a6b717675727272706f74
726f7173747674716f6e6e6f706f6c73
6e6b6f7375746f69696b6c6d71777776
78746c6b72726b6a6a676a6b6c6f716f
6f757d7771787e77777b7c7d7a777676
747275827d7877797b7a787b807e7c75
6f72797a797a7b7d7e7f7f7f7f878582
7e767375797e838788878e8c8d77827c
582f1f262f2f313a2f324d6873726f5e
5f696a707670727c817b797d868e908a
858e8d8e8d8784827e65667b8d959492
918e83817e839098948d85796c686355
463833494c4a515b5f5c595a69686162
73777b7678796d6156565869635c5f69
787575828483918d8b714e434b4b4644
434043413c3b342121323f3f40484d4a
4a4e54585756595e5a4a4351553f4035
2a231c1715171b1d1c20271e16152027
365a95cdf0f8f3eee9ddcac5c0bdb4a8
a09c9282716357535a7997a0a09a9188
8483848586899296816b59463c393b3f
3e39363738393e494c47413c38405052
523d2d221109080d0d0705080b090502
050707060505060506090706080e1316
181b160e0a0c11151719110c08030812
1412100e0f12120f100f0809090d1211
0b0a0f14241a1312161a2333352e3029
22241806131218180f0f151511181f1f
6161605f5d5a5755575c606465646161
6165666463646563615e56595b5e5e5f
5f5f6164646464625f5d5b5d5c5c5e60
62616365676c7273716f6c6b6a6a6a69
696a6d6f716f707173706d6b6a6a6f72
706d7072706f73726c67676866605b5d
5957565250504e4c545b5f61605e5c58
5a5c5b5f67675f5b535e6162646b6e6d
6c707573707a7d717578747371707276
7a7c7e807c7b8083817c797a7b787673
727a807f81807d7c7d7e7f807e757474
777b7f848b8984858581817a7d6d6654
331d243439353024375371776c625f61
6b6d656770727b8d88817b736d6c7076
7f8a8b80767a746d726c738591918c87
83836e7b878f908b858581756c695b4b
443c3a4a48464f5b5e5c5f6967686363
727577726962605d523f324f59343743
525664818b898e878366413a49504d47
40373638393f3b36343b403c3a404647
4d4f535a5c59585849474f4c392e5250
332a242021211d191a232f231b171a1b
3161a3d7f2f6f1eee9ddcac3bfbbb2a6
a09c90806f6055525d7e999e9f998f87
84848585868a92937d6a5948403a393f
3c34333f4746424c4e4a453c353c4c55
543e2b1f0f0805040302050b0c0a0807
070a0b0807090a080401010101081015
17191614171d211e19150d0f120f1218
150f0f110f0d0a0a0f0e0b1112131411
0a070d131c1d222c2c1e13151e2a3536
30321e0202161415130c0809080a1616
5e5e5e5d5c5a5857595e60636362605f
606565646363646362605a5c5e616161
6160626464646463605e5d5e5d5d6063
64636366686c70716e6c696969696868
68696c6d6f6e6e6f706e6c6b6b6a6b70
716f706f696666625a55575a5a54504f
4e505351504f4c474850555857555350
555b5c5e64666260565e616061666969
696c6f706c74776f7577777876737376
7777797c79787c7f7c78757777757370
71787d7b7e7d7b7a7a7a7b7d7e797776
797e80838684807e7d7e827c7d6b6552
34232a33312e31304862757369636367
6f706a6d74777f89837b726a676d767c
8184877e757c756d726f76858e8f8c86
7e7d6f78828b8f8b84817a6c65625344
3f38394a4948515c5e5c5f6963656363
71747672665b5552493729444d2d343f
4c5669838a888f8981674a41494f4f4b
43383434363e3b3b393f433f3c404547
4d4d51575a57565549484d4837324f4d
3c32281f1f1f1b191b222a201a181b1c
3567a9daf2f6f1ede8dccac3bebbb1a5
9f9b907f6e6054525d809a9e9f988f87
83848585868992927c6959473f3a393d
382e2f3d4848414b4e4b473d363c4c55
543e2b1f100806050303080d0f0c0a0b
090b0b09080a0c0c0803020101060d11
1316141113191d1c1a180d0f110d0f14
110d0e0f0e0e0b0b100f0c1012121311
0b070a0e1a1c1f292a1c12141d273133
2e2e1e06071b1515130b070807071111
59595858595a5b5c5e6161615f5d5c5c
5d636463626163646566636567686867
6664636465656565636160626263666a
6b6765686b6d6d6b6865646465666666
6667696a6b6d6b6b6a696a6c6d69626b
7473726b5b51473b312d323a3c39342e
33404b4f504f493a2b353c4242403f3c
49585c5b5e62676a5c60615d5a5b5d5f
626262696465676b78757e84827d7876
726e6d7273727476726c6b6e6f6d6c6b
6c73777378787675737172777c83807b
7e85847f7b79746d6d7785827d65644f
37333830201f324d7187806a61676d76
7877797d7f848a80786c5d535970838b
85777e787380786b73777c83888a8b83
736d737477818d8c8177695856534033
3430374b4b4c565f605d606a59606263
7071747261493c373525132b301d2d35
3e5576898788928e7d6a5e524b4e5657
4a392f2b2e3b3d4847494a4641414346
4d4a4b515553504e4a4b493e33394947
5144331f1a1916181e211e19181b1d1f
3d76b5e1f3f4f0ede6dacac2bdb9afa3
9f9b8e7d6d5e535260849c9e9e988e86
83848586868a92907a6757453d3a3938
2e2124394b4e3f494e4e4b41383e4c55
563f2c1f110a070505070e1414111014
0d0e0c0b0b0f13151208060301010507
070f0f0b0b11171a1c200e0f100a090a
08080a0c0e120f0f1310100f10101112
0d070504151a1a2224170f131a21292d
28261e1013271a161309040605020505
5959585758585a5b5b59595a5a5a5b5b
5c6061605f5f6165676a68696a6b6a69
6663636465656666656463616465676b
6c6a6768676867656463646565646565
666868696a6a676768696b6c6c6a6968
63514841383739362f2e343c3f3f3d40
454d4b413d46504f4750545b5e5f6361
717c766f6f6f6d6d5e5e636361605e5d
5f626363595b5f636e67686f72717172
72717271777674767877777878777775
74787a7778777676747373777c7d7e7b
7c83827b7774716f70757c7677665242
3432342d262f475f7176746f71756f73
7572757a7c838a7c756e6a69707c807d
79767b7b79827c70767a7b7d7c7d8381
75737872707e8e9081715e4e504f3829
2825344d50535c62636160685e636364
7170706b5a412a22241e122b2b253841
475f7d898485938b766963564c505859
4b382d2a2d3b3c434446484846434347
4c494a4f53514e4c4d4c4a474449463d
514c3b261f1d18181a1b1b191b1c1e23
437bbde5f4f4f0ece4d8c9c1bcb8aea2
9e9a8d7c6c5e535261869e9e9e978d85
83848585858a938f776655423a363435
2e26293844453d484b4b494039404f55
553e2a1e1009070403040a11120f0f14
0a090808090d1114130b0a0703020406
060b0c0a0d1417161517100f0f090607
06080b0b0e120f10120a080e13131211
0c060303111814181c17161e221f1f21
1e1b1a161b211717140b070703010303
5a5958575758595a5852525355575a5b
5b5c5d5d5d5e61656a6e6d6d6e6e6d6a
6662626365666768686767616668686b
6e6c6968636361606062656765626465
666868696967636367696b6d6b6a7066
52301e19161c2b302e30373e43464751
575a4b332b3c5765646b6d747a7e8686
99a09083807b736f605c656968645f5b
5c62665f4f51575c6559535a61656a70
737576707b7a74787e8183838181827f
7b7d7e7a78777677777676797c787d7b
7b817f78736f6f727473736b72664036
3131302b2d3f5b717266687581827271
716e72787a828a797370767f87897e70
6e75787e80858075787d7b7671717a7e
77787e716b7a9094826b54444a4a3120
1c1b3150555a61656664616662666465
72706d645438190d1317112b262d444e
50698588808294887067695b4e515b5b
4c372b282d3b3c3f4143464b4a454448
4b48484d514f4c4a504e4c5055584234
5253442c24201b191716191a1d1d2028
4981c4eaf4f3f0ebe2d6c8c0bcb7ada1
9e9a8d7b6c5d53536389a09e9e978d85
82848686858b938d7664543f36323031
2f2b2e373d3d3b474949473f39435254
553e2a1d100907030102070e0f0d0e14
07040405080b0f13140e0f0c06030405
040808090f1618120e0e13100e080404
03080d0b0d120f111105010d16151311
0c0502020d160f0f15171e282a1f1617
1511161d241b1419160d0a0901010101
5a5a5957565657575757575a5d606260
5e5d5f6366676768696a656667696a68
6562616263656667676766676f706b68
6a6964615f6164666665656565666768
69696867666c676565615c544a42423f
38231b212b3c494e51575b5c5c616869
6666605451585e626b6c656870798789
8c847781a1b2afb3b0afb8b9b2a79d9a
9fa5a190818e917a6547373c4346494d
5153534253544c505b62636262676c6c
696d706f787674767a7b7b7c7a707979
74726d686769696563676f695f3f2d36
3a342e33445a68696b666c71737b7d7b
7b777272757779726d6c787b6e5a4f5b
737d777d7e797a787972717574737879
7074726f73818c84705f4b3a46482b17
13193c575c5f6162676b696c6b696365
76766e5f4121121320221a3430324252
576a80878b8a85776e726d5c52525e60
4d3529282d3632383e3f434d504a494d
4b494b5054514c4a48464e504749423c
45483f2c23211f1f1d19191c1f1c212f
538acbedf5f3f0ebdfd2c6c0bcb7aca1
9e998c7a6b5d5253648ba19e9d968c84
82848686858d948c7362513b302f2f2e
2e3033373a3c404a4743403834415153
533d271a0d0704050401030707040506
03020307090a0c0f110f110e07030404
030605060b11110d0b0d100e100e0c0a
06080e0f0c0d0b121609030c15120a06
040204060b1a110c1013181e2929181b
1e151517160e12190f04050501020101
5a5a59575655565656595a5c60646562
605e6065696b6a696968626365686968
65626161636466676767666a73736c67
6867625e5e6165686867666466676869
6a696866656e6967645f564a3d323030
2e1d1a253449555a60676968676b7572
6c6b6962606462616e6c62646d78878b
87796d81aec7c8cfd0d0d9d9d0c2b6b4
bac0b8a496a7a98665402c3037393c3f
4346463043453c404d555655565d6365
62666b6a787774767b7e7e7d7a6c7878
716d6762626767605d626e68572f2536
3e362e374e656d6669666e6f6d79827f
7f7b7270737273706a6b7a7a64463d53
7581767d7d7578797a6e6d7476747877
6e736d6e76848a7e695a473644472914
0f18415a5f616161676e6c6e6f6a6266
78786e5d39180f1625271e3833354153
596a7e87908e7f706e776e5d54536062
4d3529282d342e363d3e434e524d4b4f
4b494c5255524d4b45434f5141444240
40433e2c24212022201a191e201c2232
578eceeff5f3f0ebded1c6c0bcb7aca1
9e998b7a6c5d5353658ca29f9d968c84
82848686858d948b736250392e2e2f2d
2e333537393c424c47423d3533415152
533c26190c0603070602020403010101
020103070a0a0b0e1010121008030404
03050404090f0f0b0a0d0f0d1110100d
07080f100c0b0913190b040c15110702
010105080a1c120b0f12171a292e191d
22171515110911190c01030401030101
5f57575e6161616363656964615d5d64
655f6264646462636663606467686762
5e5d5e5f5f6065696865636061656461
6062625f5f6161696864676768676360
636b6c5f4f4b41322f302d2a2c303b44
4b5049575f6255453f424c555d676f63
67686b5c5e67625b61605f61504b433b
41444d6e9ab4c0ddf5f9f4f5f8f7f7f6
f6f7f5f5f4f4f6f2d89f7f8178625148
4846332d35332930373231393a343c3f
383b455057515757504d54646f646665
54504e49504e483f38525733343e302d
2b394f5a5e636663625e5b69726f7576
7b7f7e7f8073686c697871685e5d6772
6f625d646b6f6d6a70676a7077807c6f
7273696c70796d5a503f2e2b29303121
213c575c605f5d637076726d6a615b65
6c6655371e14132650573b313b4f5f70
66697e8b8f8172737a78716458595e50
3936382f2c3433363237434d53575b5b
534f49504a453c3f474d4b423731353f
39302a26232222232220212526202535
5e9edaf0f5f4efe6dbccc1bbbdb6a9a0
9c9486776759535469909e9f9b918682
84858585878c928575634e3b2d2d3438
3c3e41424342444c493d333136434f50
4d3b2c1b0b0a10120b04030504050500
0302030b0e0b080b0e090907060a0804
0406090b0e121516130e0d0b0c0e100f
0b08080906070d12140f060a10100a05
0203060c18141216150f0c1016160f0c
0e0d07070a0b0c0b0602010204030606
6158585f6262626364666a65625f5e65
655f6264646462636663626567676662
5e5e5f5f5f6165676664625f61646562
6062625f5e606067676366666766615e
606767594742392b2a2e2e2e32364249
4e554e5c626151423c3e47525d686c60
6463665b5d655d575d5b595946433d37
414954739ab1bfddf6faf7f7fafafafa
fbfbfafbfcf9fbfbe5b295978e79665d
5b57423d433f353d433c393d3a343c3e
373c4550524c514f49464b5d675d605f
52524e484d48423b344c512f323c302e
2c3b525d5f636561615e5a68726e7376
7a7d7d7f7f73696d6b776f685e606b73
6e605c636b6f6b676d66696f767e7a70
7474696c6d7669574e3d2d2c29313424
263f585d61605d647076726c68605b65
68604f321d18192c5258423641526173
696d808b8d7f71737a766e63585a5d4d
373539302d3533363135424c51555959
514f495049443c3e464d4b42382f323d
382f2926242222242220222526202536
60a2dcf1f5f4eee5daccc0bbbdb6a9a0
9c938677675953546a909e9f9b908682
84868585888d928474634f3f3231373b
3e4042434444444b493d343035424f50
4d3a2b1b0c0b10130c04040505060701
0302040a0d0a070b0d080907060a0804
0407090b0f131617140f0c0a0b0d0f0f
0b07070806080c10120f070b100f0a05
0302050b17131215130e0c1014130e0a
0c0b06070a0b0b0b0804030406040808
645e5e6263626060626669676a6c6a6a
625f6466666767676a666d6c67636160
616768646665615d5d5e5e60656b6c69
6766635d595c575c6261605d5f605b54
4f4b4332241c1919283c4a545e62665e
575c596058483e3d3c353446646d5c57
54494b545b513d3c4d43332717273a48
6681929ba0a7bbdaebecfafcf7efeff4
f6f7f9f6fcf3f5f9fbfbf6f9f9f4e9dd
d2c7b0a2a2978c969c8e7e664d4a4f4b
485459574342393034302b403f394447
5a685f54472e2b362a2e363138232c37
3c47545a5c6262585b5e5c676e6a7176
757476797375727175656b6c67686b6b
6860606b716f655b5b61636b716b6773
7e7b676d62625e544d4238383c434136
3745515e666664676d6f6a665c5e6266
5946362627343d484a495e5e645a6576
77828f897f777473756a5f59575e5741
31323732343a34352f323c4345454442
41494b52494841403e444b4a3e2d2732
352f2a2727252525232123252723283b
6baee1f3f6f4efe5d9cbc0babcb5a8a0
9b928576665852556b909d9f9a908683
848686858891917d6d61585554504c4c
4a474545484b464848433b2f2b394e51
4d37261c130f0b100e0706090b0d0f0a
030304050607080b0a050b0d0b090503
070b0b0b0f1619181617090706080b0d
0a0603030a0d0803080f110d0d0c0906
0301030608111006040c14150f090a0a
0807090e11090b101412111313101010
605d5d6061605f6060626564676a6a6b
64636767666666676a65696966636260
606464616565626061626163676b6a66
6464635e5a5e595c615e5b5755534f4a
44403b312826252835464f54595a5a57
545b585f594e474645424450605e4d3f
40393841443b313746423a383042525d
7186909396a1b7d4e0e1ecefebddd4d2
d4daded8e0d7dce4e3e4e3e9edece8e1
dad3c1b9bcb5a9b0b6aca08e7a787a72
6f7c7f785e594c3d403f38454142484a
536051504a322c35303a3c2e362c2e3d
47515a5d5e605f5a5e61606a6e696e74
716e73736c6d706b6656676a686b6c6a
6763636d716c645d6064656e736a6772
7570636a5e5e5f574f443c3e42443f37
3d4a555f666664666b6b68645c5d6162
4f392e262a353e4a4a4757515e606977
7b838b857b7674706c5e54504f56513f
31323734373c35342f323d4547474543
424a4b4e4546403f3d4145454036323b
3b352f2b292727292926232527242a3e
70b4e4f3f6f4eee4d7cabfbabbb4a79f
9b928475655752566c909d9e9a908582
858686868991907c6c6159585854504f
4c4843404042444847423a2e2a374b52
4f38251b14100b0e0c06070a0b0c0d08
070909070607090b0a070f110f0c0807
0b0e0d0a0d1113111113090a0a0b0e10
0e0a07080a0a0604090e0e0b09080706
0505070c060f1006030a11120c090a0a
07070b0e0f080b1215141213130f1010
5a595a5c5c5d5e5e5d5b5e5e63686b6e
696b6d6a666565666965626464656562
5e605e5c63676665696a686b6c6b6660
5f6061615b625c5b5e59524d42393936
302c2c2e2f393e4450595954514b4348
4f5b565c5c5a5958585c626358433010
1c1c161c1910192e383f48585f757f84
888f8d848394b1c9cbccd1d6d2bc9f90
93a2a99eaba0acbeb5b7bfcdd4dde7e9
e9eae2e7efeee2e3e8e5e2dbd1d0cbbd
bacac8b793877056595d505045525151
47513548503a2e333d524829333f334b
5d646663605d5a5f6468686e6e686b71
68656b67605f6d614b3b5f676a6f6e67
65676a727068626169696976786a6971
655c5d675958615e534843494f483c3b
48565c6165656466686663625b5c6059
3b211e263139414f4a434938536b7079
8286847d7574766a5c483e404246453a
323438383d4137322e333f484b4b4946
444d4b483d423f3c3d3b383b4347494c
474239322e2a2c31342f252527272d44
7bc2eaf5f6f4ede3d6c8bebabab3a69f
9a918474645652576e909c9e9a8f8582
8587868689918f7a6b625c5d5f5d5856
51493f37323140484741392e29324655
5339221916140c0b0a06080b0c0b0904
0f14130b06080b0b080c161a18130f0e
12161009080a0905070d0a1012121316
151111120a0403080d0c0a0503010306
090c1016010d100703080d0b07080c0c
07080f100c080c1419171413120e0f0f
5f5f5d5c5c5d5e5e5e5f606062646568
6768696460606060625e616261626361
5f616362636260616565646764625d59
5756575950554b45423931313031383c
393431333741464b5256535050505259
5e645858565952473d393a372c221f15
2531374a4d454a565854515c5f6c6c6a
6a6c6b67666e8199a6a0abac9e918e94
9b9b989eaf9e9faeb2b9bfc7cad1dadd
dde1dde1ebeee7e8ebe9e7e1d9d9d8d0
cfdad7c7b6b0a798999d928578766c63
524d2e3f504743464242301a2a312e49
5b605f5e61615e616567686d6b656669
64636a695c6068634b496c676566645f
5d6268737066615f66686d726d666d71
625f72715f595f5d52453d434f4b4347
50575a6467656465666462605959605c
3f24202b30323c4641343334646f707b
868177726d6c75614d3a363d3e3d3b36
323334343a3d34333138434b4d4f4f4e
4f55504b4048484649443c404b535452
4a4239332e2a2b3135302625282a3048
85cbedf6f6f3ece1d3c6bdbab8b1a69e
99908373635653586f919c9d998f8482
8587868689908e7a6b6159595a585551
4d474037312e394443393332353d4751
51381f181a1b140f0b0607090a090805
0e13120b06080c0c090a131714131413
1114100b0a0b0a07070c0e171b1a1818
1714151a0f07080c0b08070804010306
090c101605090b0c0907060605050809
06080f0b060a0e1517141010100e1010
6364615c5c5e5e5e6062636261616164
656565605c5c5c5b5c5960605f606261
60636768635e5c5d616160635e5a5754
514e4e53484a3d332c20171b232c3841
413a35383d474d515453504d4f545e66
6a6c5a5553584d39281e19130a071119
2c435270787072777265585f60655c56
52504f4f50515a72887c8c8a756e8198
a296899fb39d95a2afbac0c2c2c8d1d3
d3d9dadce7eeecedeeedece6dfe2e2df
dfe7e4d5d2d1d3cfcdd1c7b0a2938272
5c4929394f52545547351c0e23272a47
5a5d5a5b626561636567696d69636363
6161696a596164654c547768615f5d59
575e67747065605d6568706f64637071
60628479645a5d5c5243393e504e4951
57585866696664656563615f5757615f
41262230302d373e392822317272717d
887d6c6a6765755b4230303b3b363433
32323130373a3134343c474d50525456
585b544e444d4f4e524b4044525c5d57
4d423a332e292b3136322826282c324c
8cd2f0f7f6f3ebdfd2c5bdbab7afa59e
998f82726256545a71929c9d998e8482
858786878a908e7a6c6158565656534e
4a464038302c344140342f364045484e
51381d181d221b130c07060708080706
0d11110b07090d0e0a09121511141918
1113110d0c0d0b08070c121d23201c1a
19151921140a0c0f0905060a05010205
080c1017090508100f06020203040607
05080f07020b101516120d0d0f0f1212
63635d5757595a5b5d5c5d6061626363
6564646161646461605c61615e5f615f
5c5e5e59534f4e4c49454447413b3b3d
3e3c404c3f382c26262223303d44484c
4a47464c534f5051504e4d4d4d515e57
4743352d211c1a1e222022334855596a
686a6164615d5f5e5b4a3a403e3e3a3e
40352f3b5364686c77726a6a747a797b
8386869ba2958f8fa2a49d9a999fa8aa
aab1b5bbaea3a7b2c0c8cad1dadce2e6
e5e5e2dddbd0bdcdd6d1d4d1c6a98a95
7678524e554e413326251c0f15142e48
534d434554636462676b6e6e69686d6d
6c6f6e64574b50533e5166585b565151
525b5e676662615e62666c645c67736f
6e6f7b6559555456503f333d5154565e
5a5758707068656464625f5d5d59615d
3f221b263132261a2022344e5e6a777f
80746a696767654a362a303e3d322d2f
32322d2a3035313437404a4e50555b5d
5d5f5c58484f53565856575d605a514b
49393533312d2c2e2f2d2b282b303654
98d9f3f7f6f1e9ddcfc3bbb9b6ada39d
988e80716155555e74939c9e998e8481
848787878b918c77685e555558554d45
42444645414038403c2d28313e454a4f
533b211e272c251a110905050606080c
0a0c0c0a08090a0b0a0b131510162221
150f0f101314120f0b0a161e211e1c1e
1f1c1716201e11070405101208040607
08090a0e0c03030d0f07020303020204
020308020307090b0d0a080a0e0f0b0b
63635c565658595b5c5a5c5f61636463
6564646263676663625d61615e5f615e
5b5c5b554e4a4a47413c3b3f37323336
38373b4a3c33272224222737464b4e4f
4d4b4b525a5251514f4d4c4d4c515e52
3d36292112090a162021253d5c6d6f84
7b7766605a5859565542303633323037
3b2d2535546a6c6b726f5f61757e7772
7a81859a9d938e899f9e938e8c929b9d
9da4aab19c8c91a0b1bdc0cad8dbe2e8
e7e4e2dfded0b7ccd9d1d8dcd2b08ca0
7e875f54574d3b281c201c0f110f2f49
51483c3e50626562676c706e696a7070
7073706256454a4e3a51615359534d4e
515a5b636361625f62656b615968746e
7273785f56535255503e323d52565a62
5b575973736a656464625e5c605a625d
3e2019233234210f18203a585867797f
7d726969686861453228303f3d322b2e
33322c292e33313538424b4e50555d5f
5f615f5b4a5055595a595e65645a4e48
48363333322f2c2d2d2c2c292c313757
9cdbf4f7f5f1e8dccec2bbb9b5aca39d
988d7f706155555f76949c9e998e8481
848787888b928c75685d545558554b43
3f43484947463a413b2b26303d464b50
543c23202a30281c130a05040506080e
090b0b0a0909090a0b0c141610172424
160e0e12151614110d09171e211d1c1f
211f161324251304030613150a050708
0809080c0d02010c1007020404010203
01010601040606090a0806090e0f0909
5858524f545755565d61585553565751
4f52524d4b4c4b4a4d4d48463f3c362d
221c2533343739373334374b48454548
4a454250513e383c4143454e55565351
52514b413c38322c26252827201b1c1e
171b1b252a3243555e60626969605b31
2b312d272b3b46371f2a364e4b433f4c
5d6269747b7a777986888f908c8a8b87
7d7c85807483957f837281837e7e7e7d
7c8083807a787c78767a7875777b8ba6
b9c2d8e8e6c4709fdad2d3d9b09d8689
67645f59687b5c1f0d2d4025121c2b40
4b493e3b4757584d565d60574e566155
525756534a4c516663675e5c6a5e5051
565c5150535c615e5e5d5d58616f6257
65524d3b464e4c52503f3c4f59555960
5a6471746c635f5f60615e59645c5e4d
290e070e1f231516200616636c738a82
6c676457525844312c282b343229262d
33322d2d2d2f3533373f4546474d5455
5155564f39404e585d5c5e605e5b584e
4738373838343031302f2e2c30383f64
ace3f5f7f3eee5d9cac0bbb9b2a9a19c
968b7d6f6055576279979d9f988d8381
848787888a8d887264594d4b4d504d46
464c514f49464240382c242022314757
553d2b313c403629211d1715130d080a
0a080809090504060602080a05071417
0d07090b0b0a0a0b0c0b1e1c1713151b
1f1d110b221f06030e1718150a090f0f
10131112060506080907040205070609
030103020b0502020303030407070404
55554f4c5355525256564d4b4a4e504a
494b4a45424342424747413f3a37342d
24202938393b3c3a393b3d4c49484748
49433c494f3d3a3e4347484d52504b48
47453f37322f292520222829231f262a
2425232c313a47555f64696d685d5b3d
3436332e3442483926323f56534d4a57
64686d757a7a787984878c8d8a888884
7c7a817d7281917b817580817c7a7a79
787c807a77787b75737879757477849c
acb3c7d6dbbe6c9edcd4d2d2a6968384
6165686a7c8c6d2d11263a2718212d3f
4a4a423e4957574d555c60574e556055
505556524a4d546867665d5d695f5254
585a5050535c5f5a595a5a57616c5e55
634e4b3b474e4c514f4140525a555a60
5a6673726a625e5e60625e58625b5e4c
290f070d1c1e1116250d1d656e748881
6b655f4f484e412f2c292a323028262c
32312e2e2d2d3433363e4444454a4f50
4e53534c374150595f5d5c5c5b5b5b50
4538373837333030312f2e2d30394168
afe4f5f6f3ede5d8cac0bbb9b2a9a09c
968b7d6f605557637a979e9f988d8381
848787888a8c877164584b47494c4b46
454b4f4c45434140382e262122314756
533a2a303b40372a23201c1a170f0809
09070708070403050703070906071215
0d07080a0908080a0c0d1e1c16121318
1b19100c1f1c0606121918160a0a0f0f
1014131307070808080705030609070b
040205030a0603020404030407070505
4a4842434c4b423d37261e1f222b3431
342c27221e1f1f222c2f272625293035
373a455154524c4b535a5a504f524c46
4336232843363f4649504f483f35291d
150e09090b08060a0e192b37363c5a68
625646474d5b55515d6e7d7c64535c7d
69585658626555454a5a677875757787
83797474757a7d76758077757c7e7873
76746d7173787e6c7b87807a746f6b6b
6e7272646e797b6e6d7d837d75727077
7a758088aaa2629ee3deceb57d7a796d
4a6c93b7d3d7b36c2307172e3234383e
4650514d5057544d535860584f555d57
4f5156514b4e636c745e585f64615e63
62544d535a5d5749444c4f525d5e4e4e
59424a43504f4a4f4e4a505d5f585e62
5c6d7668605e5d5d6063605757555e4c
2c150b0b0d0905183830426e7178807b
695e4a2a1f2435292e2e292a2a262528
2c2e30312b272f3234393c3b3b3c3c3c
424849423347595f635d534d4e5b6555
3f393635332d2c2e30302f2f343e4874
bde9f6f5f0ebe2d6c8bebab8b0a79f9b
958a7c6e605659677e99a0a0988d8381
848788898b89847063554239363d4341
444a4a4036333c3e3a36312927354a51
492f2229353e3c312c2e2d2c281a0b08
04010001010102060a0906090b080b0e
0d070403020203070f161e1a16100d0c
0b0a0a0f130b0716241f18170e0e110d
0f18191a0a12130b06060503090f0e11
07071006060c08050607050506060a0a
363430333e3d322d2c262023252a2f2a
2c2826242528292c35393435353a3f41
3e3d434b53544e4e535149434443372f
302b1c2445373f3f3a3d392f28231d17
1411121a222228343d48555a53556d77
6c6155595b646064717a7f7d6e636b7f
736465646c70665a5b676d7875777680
7d757375777a7c76787a767475767472
72706d7174737a70777e7773706b6869
6c6e6f666b7171696d7a797170717178
7a74797b89865982aca39a88666e7259
416d9bb4bcbb9f60210a192f3e545955
5155544f4f53514e5356615c555a5f5d
55545a554b5166696450586462605d5c
5b534e565d5c5449484d515760605658
5c473e40504f4f535150596363595e60
5a6b726762626160616461575b585d49
28140c0b0c0c0b152b34576f68777573
675a4024212231252c2d282a2a28282a
2d2f33352d262e3032373b3d3e3f3e3c
41484943374d5b5b5b57534f4c566052
3e363434332e2b2d2e2e2e2f35404b79
c1ebf6f4efeae1d5c7bebab8b0a69f9b
958a7c6e60565a677f99a0a0988c8381
848788898b8a85706253403633343535
383f3f3630303d43413c3833323c4c52
482b1b1e2730322a2628282825180b09
09060403020103070b0c06070b08080b
0b060303020303050a1018181814100d
0c0c0d0f100c101d1f191b180c0b0c08
0c161b1d0f15140b050405060a0b0b0d
060a1608050c07040405040405050707
1816131b27261a131c2723292929271e
1f2226292f373a3c4549494c4f545853
49433f435157525154452e30322b170b
1319121e47393e332120190a0406090e
13162034474b5c7788909690807b8c8e
7d726d7572717281918e827f7f7d8283
82797c787d82807d767c7677757a7477
736f7278797b7b777c7175726b6a6e70
6c6a6f72756b757771706a6969676466
6969696a686362626c776a5f68707379
7c736f67575b4a5756484a42445b663a
3470a8b09a917f4d1d0e1d3150858d78
625d5a524e4d4b50515363645f636366
5d59615d4c566a654b3c596b5f5d5c53
5052515c615b50494f50556167646469
624e2c3a5151555a565a676c685a5d5c
57686c656467686564666258635d5c43
23130c0b0b101410183c77705c766567
6553311c231f2b1f292d27282a2b2c2d
2e30383c30262d2e2f343b3f4344413d
414849453d565f544e4f5452494d574d
3c323133332e2b2b2b2b2e3036434f7f
c8eef6f3eee8e0d4c7bdbab8afa59e9b
958a7b6e61575b69819aa0a1988c8281
848788898b8d867062513c312e282021
262d2d28272c3e4a4c46434344484f52
4624110d121d231f1e20202120160b0c
100e0a05020305080e1205040b090507
080603020305040203080e141b1b150f
0d1013100c0e1f291811211909060501
07141c211819150b0402050b0b060609
0510200b030c07020203030304040202
19191d242a2b2c2e3236363b3c3c3e3b
393c4143454946414341454e4f494747
4238353e4343413f35311a151819191e
2833404c4534373f3b332e31393c3b42
4e5a646b71706e7a89908d8477707b7d
76716f727374767c7f7a74726f6e7472
6e686a6c71726e6964696a6c6f747475
706f72716d6d7071736f73736f6c6c6d
6d6a6a6e6c686a6b6d69676868666767
686967665f5f63605f656b6e71716e75
76695e4a3c3f35373630333436445b59
5b6d909b867360422c3042516a90a99c
8d867b6a616469655d5b616767686b68
5e585e625b60705f475b605a4e47444b
5754565e5c595b5c5f595b656966696b
5c49333f4f5a5e5c5c656d6b645a5d59
6a6b69676364696b67615a575d635f35
18130c060e24373937494d4b4b5c4d50
513d262535322e28292c29272a2b2b2b
2d3136352c262b2c2d333b4145454543
434849424356574f4f4a4a5457575646
2f3331302f2d2c2c2c2b2c2e3642518b
d2eff5f3efe9dfd2c5bbb7b8ada5a29d
9487796c5f585e6d839ca1a1998d8483
8688898a8b8f817268523b3843463c2d
232a2d26313b4a4f473e3833343f4c52
43262a342b2116111214181d1f180f10
100f0f10121618191a190c07090a0909
090603020304030407070f141b1e1a13
0e0f1315100d131a18161c100a090705
07111c22162012080b151d190c080f0e
080f150a0d0b09080a07020408070303
191b232a2b2f39404141434648494e4f
494d535454544e46433c42504f423c40
3e312f3a3a36363220240c03070d1b2a
36455f6a443132474b3f3d4c5c5f5d64
758791908d897b7d8a8f887c716a7072
7271707173777a78736d6b6a65646b67
615d5e646968625c585d61656b707474
6d6f716d66656a6e6d6e7274726d6b6b
6d6b676c676663646a65656867666868
67696664595d646056596c7878726c73
736252372a2d28222121232b2e35546e
756c818e79604c3a37475b677b97bcb4
a9a1917b6e747d72666160686d6b716a
5f585c656568745c446f654f43393446
5c565960595763686b605f686a686d6d
584537424e61645d616d726b625a5d58
776e676863626a706a5d55565967612c
10140d0410314e544c523233404b3e42
442f1e2c413e2f2f292b2a272a2c2a29
2c31343129262a2a2c333c4346464847
44484a404856524c50474455605d5642
2734312e2c2d2e2d2c2b2c2d35415392
d9f0f4f3f0e9ded0c4bab5b8aca6a49e
9386776a5e59616f869ea2a19a8d8585
88898a8b8c917e736c533b3c515b4e36
21282d2538465252443932292a394953
41273b4e3c250e080a0c131b1e191212
101012171d232525231d1209080b0b0b
0a070402030302050b0710141b201e16
0f0e1318130d0a11191a190a0a0b0908
080f1c231425110710222e220c091512
0b0f0d09140b0a0c0f0a02040a090404
4241434139363c4340393c3f3e3e454e
5157564a3f3b38363a39453628222222
2120170e141510100a17152a3a424b56
6069767a6b6770818987878c877c7574
7b81817a746d636670726d6967636162
6362616263656665625e5d5e5b5b5f61
61616363615d58565a6064636161605e
5f636666636162636266696b6c6c6c6d
6f6f71716a6b6966696464696b6d6e6b
6666636e726758575e656c7179827e76
5f3f352a212929262c3846525a6f6f69
75777d7e776a5e575763717a899c9fa1
a2a29f95846e636b686b6b6a69697575
6d625d615c647267596f57423934354a
615d626a645f656360615b585e676b60
453639515a58555964686665615a5961
756c6e70655e6267645a55575c5f572a
100d090a0f244755493d2a2b293e443d
2d21212a303235352e2b251f24292c2c
2d31353229242628292d353d4246494c
4e4b46393c484b4e52463e474f525243
3132302d2d2d2d2e2e2d2e3038445a9c
e0f2f4f3efe8ddd0c3b9b5b7aba5a39d
928577695d58616f859ea2a2998d8585
88898a8b8c94806e604b3d424f5c563a
22293332434a48453b34302c31404c54
503e4853493f331c0c08080b10110b08
0c09080b121c232627262422201b1616
18120a080a0a080d141012151a1d1a15
1314141313111013171514141918130e
0a080a0b12211009101d28231414221a
0a0b110e0c080a0d0d090408110e0d0d
4b494a463c383c423f383b3d3c3b434e
535956473a3532333838452f1e1a1b1a
191b12050b0e070805151934464e5761
6b737c7e7575808f9897979a90817a78
7b7f7d756e665d606a6b666465625e5e
5f5f5e5f5f6061605e5a5a5a59595d60
616263625f5a55555a6165635f5d5b59
5c60636463616060606467696b6c6d6e
6f7073726b6c6b676964656a6d6f706b
666562707869565660676c6f79848074
5a362e2820292928303f4f5c657c7668
75797c7b776c625e5f69767f8c9d989d
a1a2a29b896d5d68686d6e6b69697677
71655e605a63716a5f6f543f3834364b
625f646c676165625d615a555c666a5c
41323a555c57525864676363625a5963
756c7072665d5f65625a55585d5e542a
100b080c1021455448382829243c463c
271e22292c2f37372f2b241d22282c2d
2d32353229242528282c333b4146494d
514c45383a45494e52463d434b4f5143
33312f2d2d2d2d2e2e2e2f3138455c9e
e1f3f4f3efe8ddd0c3b9b5b7aba4a39d
928476695d58616f859ea3a2998d8585
88898a8b8b94816d5d493e434e5c583b
232a3435464a464238332f2c33424d54
53434c554c453b220e0805070d0f0906
0a0705080f1a222627282828251f1919
1c150c0a0c0b090e151213161a1c1915
1315151214121114171412161d1b150f
0a0606061120100a101b26231617241c
0a0a120f0b070a0d0d09050a12100f0f
2b282a26201e20222a343434302a3039
3c423d2e242325272925190401070d0a
05080f19262e16101a345d5d6b757e8b
9ba7aba5a2b1b8b1a598846d67676362
666967625f5d57585b59575c63625b5a
5a5b5b5b5a5857595a59595c5e5d5f5b
5e5f5f5e5c5c5e5e5d60615c585b5e61
5d5a5a5b5e6163676b6c6c6e71747675
7473737271787c7b7e7c787977736f6a
666765617374716c605a646d6c5e3f2e
2a2025292c3f4d5a697477736e6d8378
77767774746f6e74777b838b90959a9f
9c9491948e7861554b4e6175786d6a70
75777979786c756a6d6e574e4e4d4f5c
69666568625f66656365616166665b49
3b3b4b515358595a636f7068665d5873
756f77776a5e5e625e57575e64544021
0c09142f3c37342f2b24364034565a3b
1d1e2c2b1e202c323231271c20262a2b
2a2e33312822212a292b323b42474a4c
4a45443f40484f59534a4b4f52514934
282e2e2e2d2d2d2f303132363d4a6ab0
eaf6f5f3eee6dbcec2b9b4b5a9a3a19b
908374675b576170879fa4a49a8c8485
88898a8b8a8a817365574f4538424f44
3a414640423b3e3c3631292633474d4e
5a53504c4340393e3f2d140606040103
07050404060b0e0f111b242e322b2424
2828221f1c171011120d0d151d1f1c17
13111114191b181513100e0d12110f0f
0d0907050b150a06080b13160d050a0c
04020a110d050c13130f0c0f100b1b1b
2a282b29242324252b3332322e292f37
393d37281e1c1d1f201d1406070f1615
13161f293438180f1a37676c7a82868e
989f9e969ba7aaa0968e7f6c66666261
646764605e5d58585957575c62615b5a
5a5b5b5b595757595b5a5a5e605f605e
5f5f605f5e5e5f5f5e6263605c5e6061
5e5b5a5c5f6265696d6e6e6f72747573
7272727170767877797875777572706c
696a68656e6c6c695e585e6462553629
2a242c333747545f6c767674726f847a
77747675767272787a7c838a8d91979c
9a928e8f8a79675e53505a676a686d72
76777879776f766e6c6e5b555555565f
676260635d5b63646364616063605649
41425254545a5c5b626e716a665d5974
74707776695f60635e56565e61503b1f
0b08132e3d372f2a2a273b453e5b5637
1e202c2b202029303031281d20262928
282d312f2721212a2a2b323b4246494a
4844444142495058504a4b4e4d4c4331
282e2e2e2d2d2c2e303132373e4b6eb4
ebf6f5f2eee5dacdc1b9b4b4a9a2a19a
908274665a576171879fa4a49a8d8485
88898a8b8a8b8173645751473a425046
3d41433c403a3e3c3732272432474e50
5b55534f45413b3f42341e0f0b050103
05050404060a0c0c0e161e292e292322
26221c191815101215110d151b1c1815
141313161a1b181412100e0c10100e0e
0d0909060a140a06080a12160e060a0b
05020913130c1317140f0d11140e1717
282830333435323030302b2928272c30
2f2c23160a0504040201050f1c2a343c
434653626359200b1a40879eadada49a
9082716585887d6b646a6d6965625f5f
60605c5b5b5c58565554565b5f5e5c5a
5a5b5d5c5955565b5e5f5f6366646366
646262626363646362686d6c6a686662
605e5c5d61666c71747675757776726f
6e6d6e6f6f6f6d6968686c706f707374
747674705e535b5f574f494441361b19
293245525d656970787973757d758980
796f73787c7d82878581848785838c93
958f85807f7e7e7d6c5641383d57797b
797774787377787b6b706a6e6f6e6c67
605550504b4c595e615f605f574c474c
545d6b5e5a636660616b747266605a76
70737672686366665d54555e56422a16
0907122c3e351e17272f4d58616d4b2a
20262b2a262221282c322c2122272522
23282d2b231f202b2a2c333b41424344
434246484a4f54564a484e4a403b3325
2a2d2f2f2e2c2b2d2f313439414f7ac2
f1f7f5f2ece3d7cabfb7b4b3a7a19f99
8e8173655957627288a0a6a69b8d8585
888a8a8b8b8d83716259574f3e425150
4842362f39393c3c3b35251d2f495258
605c5b574d4840434d4d402f1f080202
020303030406060505070d1821231f1d
1e1006070c0f12181e1e0f1516120f10
15191b1e1e1c181111110f0b0e0d0b0d
0d0d0f0c09120b0707080f14110b080a
0a03061b2a262a25180e0f191f170b0b
2b282c29262524242624201e1e1d2024
2424211b18191c1f1f1f262f373b4047
50555a5d5f59261525468a9ba39d9085
7b71686173756e646063656261605d5c
5c5a5655565857565655575c5e5e5f5e
5d5e60605c59595d6161616567656465
65656565656464646668686564656562
6161626263686d6f6f73727273706b68
68696c6d6f6f6f6f6c6a6e706d6b6c6c
6b6b67655e59564f576a737877592c23
3845535a6265666c72716d7a959e937b
796e6e747a797c82838081838384828a
8f8a827e7e7d7a766e6050423c485e64
666a6d74777679766f79767a7877756e
635a555751515b5e5f5b5a5a55515258
5e6165615e60626466686e6f63615d71
6c76776f666366675e54555c533e2516
11121d303f3d302e3c3f555b6f654026
2428282829272226272e2a2123282420
22282b271f1d202928292f373c3e3f41
42414446495156564b4c51483b363025
2d2d2f2f2e2b2a2b2e31343a435381c9
f2f7f4f1ebe2d5c9beb7b4b2a7a09f98
8e8072645957637388a0a5a69b8e8686
898a8b8c8c8d806e60595955494b534f
463c2f2b37393a3a3a352620314b545b
5d5759554c4843434a4b443a2d140402
0303030303040405050609111a1c1815
150b040407080a0f13130f1516120f10
13161a1e1c1a16111213100e12110e0d
0d0d100e09120c07070a11140f08070d
110807131c19201d130c0c12150e0808
2e29271c141312151a15111011101216
151a1d222a333c414346515959514e55
616963575a592e23324f8e96978a786a
615d5e5d5c5c5c5c5b5b5a5a5d5d5a59
57534f4e4f5255565757595c5d5e6463
62636564615d5d616464646769666565
67686969686664666b68625c5d626463
63666968676b6f6d686f6e6f6f6a6460
6165696b6e6f7377736c71716a656462
5f5e57595f604f3c578ea9babb854131
4c5d65636a6763676a666581b3d29f74
7a6c676e7774747d7f7e7d7e8186767f
87857f7c7c7b766d716e64513b363c46
4f59646f7c767a707583878b84828176
68615c5f5a585e5e5d57545353575f67
6a675e65635c5e696d65676d5f62606a
687b796d646367675f5554594f3a1e16
1a212b354248464b58535f60805b3222
292a23252e2d2424222a2821252a241e
222729231b1b212625262b3136383a3d
4140424449535a554c51554734302d25
312e2f2f2e2b292b2d30343b46578bd2
f4f7f4f1eae0d4c7bdb7b4b2a6a09e98
8d8071645958647489a0a6a69c8e8687
8a8b8c8d8c8c7c6a5e5a5c5c5655564f
42342625353a373738352823354e575e
595256534c494644464948483f220603
04040302020203050504060911130f0c
0a0401010101010406060f1517120e0f
1213181e1a171410131611121816110f
0d0d111108130d07080d14150d030612
1b10080a090a13140e09080908020505
181a2119100c090c1b2b2e353a383638
3835343a3e3e3c37313032312c29282d
3741434149513933343c5f606564615f
5a575b5c5a5655595a58585b5b585757
585755575a585d6162605e5e5f626766
66676767656362656867676969666664
666868666463656663615f5e6265635f
63696c6a676a6f6f6a6c6b6c6d696361
646a6c6a6b6b7071675f61625d5c5e5d
5a57505248443c304a7d958e83745652
5d5d63656462646a6a5f5973ace0b591
8e756e7476767c8587817a75767d7e86
857b767b7e756b6b6a61615f57504c45
424348545f6a71706d7a7f857e7c7e76
6d6f6a6b645d5e5b595a5f656c6f6961
6366686a6c6b6e76746c69685e666966
677f7c6f66626567635b575855442a2b
3841474a4c5052585a55584655372724
27251f21292b211f1d282a24262a2420
2327271f171921262423262b2f34393d
4040424649525850454a504434333024
2a2c2c2c2b2a292b2d30343d495f97da
f5f5f3f0e9ded1c5bbb6b4b1a5a09e98
8d7f71645959657589a0a5a69d908788
8b8c8d8d8c87796c645f5e5d58575244
3a332c2c3433363533332d2b3a4d5560
575358514644444d4e44404648331303
0302020101010203040404070a0a0705
05020101010101020304070f15161311
11101317151615111518121117171311
101014140d191309070d110f0c0b0b0f
0f090d0e05080f0d0807090a0b060404
0c121e180e0904071c373e49514e4a4b
4b43414749443c322724221b15131417
202b3235404d3f3c353246434b505558
5755595c595352575a56565c5a565557
5859595c605c61676865626061646968
68696969686665686a69696b6a676763
66696865626266665e5e5e606568635d
636b6e6b67696f706b6a696b6c686261
666c6e6969696e6e6158585a57575b5b
57544d4f3c35312a42748a76656b6264
665d62666160656c6a5b526ca9e7c2a0
997a72777677818a8b8379707078838a
8476727a7f72656a665b5f67655e5445
3b373a464f646d7168757b827c7a7c76
717671726a605e5a575c646e797c6f5f
5f666e6d7173777c786f6b655e686d64
67817f7067626467655f595758493037
495257555254585f5c5755383d232125
26221d1f262a1f1d1b272b25272a2521
2427261d15182126242224272c31383e
3f4042474952584e41474e4334343123
262b2b2b2a292a2b2d2f343e4c639dde
f5f5f3f0e9ddd1c4bbb6b4b1a5a09d98
8d7f71645a59667689a0a5a69d908888
8b8d8d8e8d85776d68625f5d5a58503f
35332f2f3430353431312f303c4c5461
565459504442445252423c454c3d1b03
02010101010101030404040507050202
03020101000101010203030c15181613
100f111413151612171a131117171413
11111515101c160a070c100c0c0f0e0e
09050f1004070d090506090b0c080404
47413b26150f0c132a42454b4b3e2f27
22212023221e1c1b191d1c1512141514
121312121b26292c23282c38444a4f53
5352575a5b5553565655565b5b565556
5859595c6063676a6a67625f5f605f5f
5f5f5f5f606163656565666765626569
6968635d5a5c61666a686461646a6b69
696b6d6a67686d72736d69686a696666
6b6a5f585d64665f525253585a5c5a51
443a2e201e22343230455a6165696367
695f635f676968655e5247517aa9b5ae
a08582857e797d868986858585888084
82787477776c5f647273706f6e777d78
69584b3e36353a3359595a6b6f6c6d6e
7177737671696b6a6c737b7e7a6e594e
5968766b717a796d5f5c606363677066
69747368626061646561585156504250
59504f544f403c4d53554b240e08181e
1a191e2021241d1b1b292c2424262320
212321191316202524222223252b343c
3f3e4149444244392a2d34291d222820
2326262526282b2d2e303540516caae6
f6f5f3efe7dccec2bab5b4b1a5a09d98
8d7f71645b5b6877899fa3a49e928a8a
8c8e8f908f8a7a6c645c565657584b35
2e313031363639352d2c2e323c4a5257
4c4d50453b3b424c4b41414a524c300e
05020101010203020101010101010100
03030303010102010101020306090a0b
10181913141a1c15181c16191f1d1918
1816181618231d0f0a0b0b09080c110f
08050b09030408070b13130d09080b0b
4e453e2716110e152c41434847392a21
1c1c1b1d1d181718171c1b1513151614
11100e0d1521262a21282a3744494e52
525256595b5653565655565b5b575556
5859595c606468696967635f5f605d5e
5e5e5d5d5f6062646464656663616569
6967625d5a5c61666c696461646a6c6b
6a6b6c6a67676c71746d69676a696666
6b695c555b63635a4d4f52585a5a584d
3e34291a1b2135363141545e65686367
685f635d676a68625c52474e729baeaa
9d8583857e797c848785868787897e81
80787476756b60637475716e6f7a817f
6f5e50403531352b545151646966676a
6f757175716b6d6d70777e7f786a564d
5967766a717b796b5c595f6364667066
69706f65605f60636460575056514553
594c4c554f3c354a515448210706171d
18181f2120231e1c1b292c2323252320
2021201913162025242222222329323a
3e3d4048423e3f3526293026191e2720
2226242425282b2d2e313640526eace8
f6f5f3efe7dbcec2b9b5b4b1a59f9d98
8d8071645b5c6977899fa3a49e938a8a
8d8e8f908f8b7b6c645a555556574a33
2d31303035373a352c2a2e323c4a5356
4b4c4e433a3a424b4942434b524f3613
08040201010203020100000000000100
03030303010102010101020203060709
0f181913151c1d16191d171b221f1a1a
1a18191719231e0f0a0b0a08080c1110
08060b08040408070c14140c08080b0b
211c1f191b211e1e221b16181c1d1e22
24211f222523232420231f24231e1c1f
1f1a1518202934372b4442454f515252
5150515054565757585a5a5958565556
5b5d60646865635f5f62636161626061
62615f60636766636262656662606662
5f5e5f61636361606163636163666767
6768696a6a6765676b6e656162626060
64645b535b5e50372a364f564c3e2f21
1c2021263b33405c6c726d625e605d60
5d56605b61635c535660615f6c666b5e
686c6c6b727779797471787f796f5e64
7079766d6a737a7073625658606a6c6a
63616765595752413b241b34413b3842
4f535664696b747a817f7c6e5c565a63
6657576475716c6e69625f63675c6965
6759555254585b5b5b574e47564d3b41
3421335c582c20434e442e1f101e251f
191d25251f1f2b261f26241a1b20201c
1a19191613171f212122211f1c1f272e
312d303d342a2f2a2028322a1a1c2522
23211f1f22282d31323338435776b6ed
f6f5f4efe6dacdc1b9b5b4b2a5a09d98
8d8071655c5d6a78899ea2a39f938b8b
8e9090918f85776a61585353524f402f
31372f29313b39342824282e3a4e5f61
524c463a373e4949474f54514d55543b
28190902000102010104010000010101
01000000000000010101050303030202
0409121a1d252418191e1a2b332b2322
2322211b0e17160a05050507080b1115
130f09090f0e0b04060e0c0303050202
1e1b1e1a1b1f1d1d201b17181c1d1f21
21201e202322222221231f22221f1e20
201c17171b222a2e2a3e3e424a4e5051
50505152555656565758595857565557
5a5d5f626463615e5e60626262626161
61605f60626563616161646562616561
5f5e5f61626261606163636162666867
686664646462606265675f5e5f605e5e
6060585156594e372b3346473d322821
242d2f33423d4a5d666b69615e5f5c61
5f59625c63635d575a6161616b666760
6a6d6b686d737778726f737a766f6368
71756e65656e716d73645c585d626566
626064655d5c5b4f48332b3b4139353b
424246535c6570757978766b605b5c64
644f5264746f6a69645d5b5f66606b61
574e4e494d55565558584c404f49373c
311f31554f261c37443e271a10222821
1a1e282d2b2529262123221b1a1d1c19
1717181715181e202121211f1d20262c
2e2b2d362f272a2620252c261b1c2221
21201f2023282c30323337455979bbef
f6f5f2eee5d9cbc0b9b5b5b1a5a09e98
8d7f71655c5d6978899da3a39f948c8b
8e8f8f908e85776b61575151524c3d2f
30342e28303a3a352a26282d3a4f5e5f
534e483d3c434845454e55514d54513f
32241205010305030204010101010101
01000000000000010101040302020202
03070d141720211b1c1b17272f2a2221
2424231f1214110b0807070a0c0c1213
13140c080f0d0b05060f0f0706070303
181a1d1d1c1b1a1a1b1b18191d1f211f
191c1d1b1e221f1e24241e1f20222222
21211d1510121218282e34393f474c4e
4f515457575553535456575655545658
5b5d5e5c5b5c5d5c5b5c5f6365656361
5f5e5f6060605d5c5e60626363636360
5f5f606262615f5f6164646061676a68
6b63565356575554575453565a5a5a5a
5856534c4a4d48392f2d2e2317131623
394f56555458645f565a6062615c5a62
6563686167656262636464676b695c65
6e6d6860626973786f6b686d6e707074
746d5b515a615b64736b6c59584d565d
5f5e5e6467697374685c544d41352c28
21171e283b55676a646867666b6b6266
613c4765726b635e58525157636a7056
2f333b313d4e4b46525a472f3f3f2c31
28192b45361715192c2f160c112e3224
1d212e4049362527251e1b1b19151311
101114181b1b1a1f20201f1e1f212426
25252524221f1d1b1e201f1d1c1c1c1d
1e1c1f2326292c2f313337495c83c9f4
f6f4f0ebe2d5c9bfb9b7b7afa5a09e97
8c7e70655d5f697a8a9ca5a59f958e8d
8d8c8c8c8a86786c63574d4c50463630
2e2f2b262c383c37322c272a3b515e5c
55544c42484e463d404e56524f514a4a
4d3f290e04090d080203020302010203
02010101010000000101010100010101
010102050815182226130f1c28282120
2629282b1e0c060c0f0b0b131510120e
142214070e0d0b0606111711100b0606
14151616161515151617171a1c1b1a19
141719181b1f1e1e2525202223242525
2424221c17191a202c30353c42494e50
4f505254545352535556565552515354
565757565756595b5b5c5f6263616260
5e5c5b5b5b5c5a5a5b5d5e5e5e5e5d5d
5e5f6264666564626163646365686a69
68625b595c5d5b585853535555524f4f
4e4e504e4d4a3e2c211c1e1b1b232c36
455255565b5e645f5b60605a585a5c64
65656a61646363656766656668665a63
69686562676d75766f706c6b67686a72
726f6965686b6663655d6169695d5b60
656565696a686b67685d5a5b59524942
3a3130313847504e4755595b5c57555a
57445660625f5b544c4c555f5b586250
241f241d2e454b484e544639444d3a37
2f293946341c15121b1e0d0a1121241c
1b202934382b2a2b27201b191611100f
0f1013171a1a191f20201f1e1f212325
24242423211f1c1a1d1d1c1b1a1a1a1b
1b1b1e2226282b2e31333a4c6088ccf4
f6f4f0ebe1d5c9bfb9b7b7aea49f9e97
8b7e71655d5f697a8a9ca5a59f958e8d
8d8c8d8c8984776b61534744463f332e
2c2e2a262c383b38342d282d3e545f5e
5a5548414c5244404751565251534c4a
443626150f161d1c1203020202010102
02010101010000000101010100000101
01010203051011192013141a23252122
2624212323120b0e100d0d1516111310
16241b1119150f090b15180f0e0c0909
11100f0f0f1010101113151a1c161312
0f121515171b1c1f2625232526282828
272727231e21232831323540464c5151
4f4f505151515254565756544f4d5051
515050515350565a5b5c5f62605d6260
5e5b58575758585858595a5a5958575b
5d5f64676a6a68656262646769696a6b
65615f606263615d5a53535550494545
45474e505047351e110b0d122033434b
5256555762656460616660534f575e66
66676c62616265686a68666565635960
646262636b7377746f7572695f606470
7071777977767363574f55797a6e6163
6b6c6c6f6d666359685f606a7170685e
544c443b3638393128414c4f4c44474d
4d4c665b5253534941455a6854465349
190b0d091e3b4b4a4a4d45444a5c493d
373a49473220160a0a0c050912141613
181f2328281f302f2a211b17120d0d0e
0d0f1216191a191e20201f1e1f202325
24242423211e1c1a1b1a1a1817171718
181b1e2125282b2e31343d50658ed0f4
f6f4f0eae0d4c8bfb9b7b6ada39e9d96
8b7e71665e606a7a8a9ca5a59f958f8e
8e8d8d8c8983766a5f4f423c3c38312c
2b2c2a262c383a39362f292f43576060
5f564340525642434d53565253564f4b
3c2d241b1a252f312304020103010102
02010101010100000000000000000000
00000102030b09101a131a181f232324
2621191b28181112120f0f1617131512
1926221c261d140d0f1a190d0c0d0c0c
0b0a09090a0b0b0a09090b1013101012
121216181b1f21222420222325262727
2726231c171a202c394047464a505555
54525253565555565756545251525455
53505052555b60615e5c5e615f5c605f
5d5a5552525354555657585757565561
6264666868676462615e5f62625f5e60
6060605b5756595753515253504c4d51
5252524d412e1d1415172d363e4b5253
5354555f66625c585d635e5456616869
64656a6263676c6f706f6d6a6868636a
6a656363686760554e5a5d5b5b646f76
72717878716f706b5d504f6a6c686467
6d6f6d6c686360565c53535d66696864
605f5b55504e483c302a292b251c222a
1e3046322830362c222436402c1b2727
0b0f21171a2d3b40413b34333d402822
232736382d241f140f0f0d10120f0e0b
11181614150f1d1d1a1612110e0b0b0b
0c0d11151819191e1f201f1e1e202223
232323221f1d1b191918171615141516
161a1c2023272a2d303642546d99d8f5
f6f4efe8dfd3c7beb8b6b6aca29e9c94
897d71665f626b7b8b9ba5a49f968f8e
8e8d8d8b888073685d4b3c3432322f2a
292a28252c393b3b38312e3648555758
6356454e574c3b475455545153564e47
2d201f2329333a3d310d030201010001
01010101010101000000000000010101
0101010102050405100f1c1e201f1b1c
1e1b1b21271c151514111014130f0f0e
111a1d1e251c120e141d170605070808
08070607080908070505070c100e0f13
131216191c212323241e222325262727
262521191417202e3d464f494b515658
56545355585757575756535152545757
5450505256606565605c5e615e5b5f5f
5d595451515253545556575656555463
6566676868666261615d5c605f5a595c
5e6060595251555550505253514e5157
5956544c3a231310171d3c464c555957
54545563686158555b625e5559666c6a
64656a6264696f727373706c696a676f
6d66636366625748404e545559677379
737278776f6c6f6e5f504d6366656669
6f716e6b66625f55574e4d5761666766
656764605b574f4133201b1b130b121b
0a2438201620291f1516262f1b091418
05112a1d1826343c3d332d2d38341a17
1a1f2e332b25231811101013120d0a07
0e15110c0c08151614110e0e0d0b0a0a
0b0d10151819191e1f201f1e1f202223
222222211f1d1b191817171514131415
151a1c1f2326292d30374457709fdcf6
f6f4efe8ded2c7beb8b6b5aba19d9b94
887c716660626c7c8b9ba4a49f96908f
8f8e8d8b887f72675c4a39302d2f2e29
282a28252d393c3c3932303a4a545355
65564554594839495856535153564e46
271a1d2630393f423811040201010001
01010101010101000000000000010101
01010101010302010c0e1d20211d1919
1a191c24271e181715121114120d0d0c
0e151b1f251c120f161f160202040707
13121315191a16110e0e0a0809080b0e
0d121514171f232328271f2022232424
232325231710131e282e3840474e5458
595858585653504e4e4e4d4c4e505253
52505155595a5b5a5756585959585254
5653504f52555b5e6061626262616060
5f5f6163646362605e5b585958545356
515153504c4e55565155585d5e5a5549
38271e21252a33404f58524c4a4c525c
666d6c5c5b5b5e5d5a5753596366655e
5a5f6865666869696b6e6f6a6565666a
655c5957555553474351575b5d646c68
67696562656a6a6a6568566150575e5b
5f6b71716f6d6a625d5853534e494d56
5a5956514d4c4f535557535044393e33
24292a20191b1e1d1916181b1b151a1d
141b261f16121a24262314151e1b1017
1b1a2126221d1b130d0e171f1f100c08
0c0f0d0c11100d0d0d0c0b0b0b0a0909
0b0d1115181b1c1f2020201f1f1f2121
202020201e1c1a191919181615151516
17181b1e2124282c3138475c7aaee5f5
f6f4eee6dcd0c5bdb8b6b3aca39e9b92
867a6f6663656f7d8b9aa3a4a097918f
8f8e8d8b877c6f655c4b3c3533332f2b
292927262e39383635363b4550504e5f
6e564a593c191a3f5552504e4f4f453b
2d2328353d403f3f3d2c140302030402
00010101010101010101000000010101
01010101010201010506101d211e1d1e
1d191b252221201f1d191613100d0c0a
06060b13120d090b11160e02050a0203
1918181b1f201c1714130e0c0c090d0f
0e1316151921252327281f2022232424
242325241811151f282d3640474e5457
5858585855524e4d4d4d4d4c4e505252
51505155585757575656565758565153
5553505053575c5f6061626262616060
5f5e5f61636362605d5a585957545455
5151524f4c4f55565156575b5b575043
32211b2028313b47545d544e4b4c535e
686d6b5b595b5e5e5a56535b6566635d
595f676566686867696d6e6a6464666a
655d5a595455544a4653585d5e626965
6668635f646a6a6a66695a6252575d5a
5e696f6f6d6d6c655f5954534c464a54
5755524e4b4a4e53575b59574e46483d
2f2f2c241e1d1f1f1c19181a1b161b1f
181c241e16121921232113131a1a1217
1b1c2225221f1d150e0f181f1f110d0a
0c0f0c0c11110d0d0c0b0b0b0b0a0a0a
0b0e1116181b1c1f2020201f1f1f2121
202020201e1c1a191a1a181716151516
17181b1d2124282c3138485d7cb1e7f5
f6f4ede5dbd0c5bdb8b5b3aca39e9b92
85796e666366707e8b9aa3a4a0979190
908e8d8b867c6f655c4b3d373534302b
292927262e39383535373d4750514f61
6e554a583814193e5351504e4e4c4339
30262c373e413f3e3e32190603030402
00010101010101010101000000010101
010101010102010104040d1b1f1e1f21
1f1a1a24222121201e1a1613110e0d0b
07040a110f0b080a10140d03080c0304
3b3a3a3c40403d3935322c26221b1b1b
191d1f1f283431242127222425272727
262624211d1c28383b393a40454a4f52
545454524d4b494a4c4f51525352504e
4d4d4d4e4f48474a5054535050515154
575756575b605d5b5b5c5d5c5b5b5a5d
5b595a5c5e60615d54565857575a5957
58575452515253514f534c463d342d25
1a1928354a5e645b5452535555575f69
6a5d4f56565a5e605d5b5d666a615d5b
5b61656567666260646b6d676063686e
6e6b6b685f5d61615d615f625d545f61
65645e5e666d6e6e6a5a6e666e5f5b5f
63635e595c676d6d666158554d444750
4b3b4146474443474d4d586374807674
6e5d40423e342e2f2f2a26251f181f2b
2a2319161822201c1f1d1d180b22271c
1e2c32282d3931271e18161617111513
11100f0f1212131110100f0d0c0c0b0c
0e1114171a1d1f1f212221201f1f201f
1e1f1f1f1e1c1a191b1b1a1817171718
19181a1c1f23272c3139496286beeef6
f6f4ece3d9cdc3bcb7b5b2afa5a09b90
82766c676669737f8b99a2a3a0989392
918f8d8a857a6e645c4e423e3f3c3530
2c2a27272e383633363e454c5255596b
67504b4d2e17243d4a4e4f4f4b433a31
43393a3d3e3f3d3b4147331c0b020201
01010101010101010100000000010101
010101000102010103010308101d2c34
2e1f1517222525221e1b171214181716
0f070c100905050a0b0b0709191d0909
3d3b3a3b3e3f3d3a383733302b232223
222526262e3933221e25222425272727
272626241d171f30373a3d42474b4f52
535252504d4c4b4c4f5152525353514f
4e4e4e4f4f48474a5054545151535658
595856575a5e5b5a5b5c5d5d5d5d5c5f
5e5b5a5b5d5e5e5b54585a58585b5956
55545253545554514f4c42382f262423
21263640506063595557585a59595f68
67584a55575a5a5c5e5f626868605e5e
5f64656468676363676e6f6861636768
6765686a6462666762646065635a6266
67625f61666b6f6c695c6c6870645f5f
5f5e5b575c656866615e595c594f4b4b
4640454a4a4543474d4b5462747e7472
78664f4e463a3130302c28261f1d252b
27231d1c1e231e191c1e1c17101f2118
19242922262d25211e1a191718131716
110e0d0e0f0f11100f0f0f0e0d0d0c0d
0f1215171a1d1f20212222212020201f
1e1f1f1f1e1c1b191b1b1a1817171718
19181a1c1f22272c313a4b6489c2eff5
f5f3ebe3d8ccc2bcb7b4b1afa5a09a8f
82766c67676a74808b98a2a3a0989392
918f8d8a857a6d645b4e423e3f3d3631
2d2a27272f3939383b41454a50555b68
5f4e4d4c3628313f484d4f4f49413a32
463a393a3b3d3d3d434a3b2813030201
01010101010101010100000000010101
0101000001010101030102060b17252d
291f191d272928231e1b181515181716
100a0e100a05060c0c0a070a18190909
403c3a3a3b3d3d3d3e41434440353033
343636343b43381f1922232426272827
27262a2c1f0b0c202f3c43494b4d4f50
51504f4d4e4e50525456555354555251
505151504e4a494c5156565454585f5f
5f5b5756575858585a5c5f6061616165
625f5c5a5a5a5957555b5e5c5c5d5a53
504e4f545a5c5852503e2e1e110b1120
304253565d65605659626263615e6166
614f42545a5a525560686d6d645e6065
686a65616a6967686e74736b6466655c
5959626e6f6c71736e6b636c70666971
6b5e60686767706a6660696d746e6860
595755545b625e5957595b6b71655342
3b4b4e51504944474e474e6174796e6e
8d796f655846373232312e292128322c
212427292b251a1318231a151c1a160f
0f14171616130e151d201e191b181d1b
120b0a0a09090f0d0d0f0f0e0e0f0e0e
111416181a1e2021222424232120201f
1d1e1f1f1e1d1b1a1b1a1a1817171718
18181a1c1e22272d323b4e6a91caf1f4
f5f2eae1d6cac1bbb7b4b1afa6a19a8f
81766d69696d76818b98a1a3a1999493
92908d8a84796c625b4d423f403e3934
2f2b282830394041444846454c576062
4f4c514a474b4c44444b4f4e473d3a35
4b3e3735353a3f42484f4b3f23060302
01010101010101010100000000000101
010100010100000304010101030b1820
211f222a30312d251f1c1b1a19181818
141012110b05090f0f0b070a15110808
433f3c3b3c3d3f404040424541363235
363a393233362d1a1a28212224252625
252525241c0e1227353c3d474a4b4c4e
4e4e4d4d4f4e4f515252504e4e4f4f4f
51525354544c4c4f52555758595a5d5c
5b5854525353545456585b5d5e5f5f60
5e5d5c5c5c5b59595c5f605d5c5b5853
545555565650443a35201815171c283b
4d575a5a5d605d585e686766625c5c5d
594f4a54585a555b64676a655b5a6064
676a6461666565686d716e67605d6161
6363666b67676d6f6e6e656a6d67676d
665c616a67676f6265636a67706f6e67
5f5a57565c6362626a67626d72695d51
484f5052524c4645484549525b594f5c
7c71686b6b604f443b302929304a5c50
454b4d514d4336313c463f3637282627
26201b1f251f14171b1c1b181b171b1a
110c0c0c0c0d100e0d100f0e0d0e0e0f
121416181a1d1f21232425242220201f
1d1e1f1f1e1d1c1b1b1b1a1817171718
18181a1c1e22272d333e547197cff3f3
f4f0e9e0d5c9c0bbb7b3b0ada4a09a8f
82776f6b6a6e77828c97a1a2a0999493
92908d8a84776b625a4c403c3c3b3833
2e2a2729313b4446494945444c576062
504e514a4a4d474043494c4b443b3c3a
4c3c3534373e44484c4d4d4832140704
02010101010100000000000000000000
00000001020000020301010202060b10
1217243035353029221f1f1f1b171716
141314100b07090e0e0b09090e090505
45423f3c3c3e41434240424643383337
383e3c322c2c23151b2d202122242424
2323201d1b10172d3a3c39464a4a4b4c
4d4d4d4d504f4f50504f4d4b494a4c4f
51535558594e4f515254585c5d5c5c5a
5755514f4f4f50515255595a5c5d5d5b
5a5b5c5d5d5c5a5c6264625f5c5a5754
585a5a59534634261e06050e1d2c3c52
666a5f5e5d5c5a5a636d6b69625b5856
524f5154575b58606866675f54586163
656a6460626263686d6f6b645e555e65
6c6b696860626a6c6e7267686b686569
625a636b67676d5b64666b636d71736e
655e5a575c6465697a73686e736d665e
53525153544f484444444645453e364e
6d6b626f7b766454433025293e67806f
646d6f746a5e4e4b5a6460544f35343d
3a2b2027312919181a1919171c161a19
100c0d0f0f10120f0e11100e0c0e0e0f
13151617191c1f22242626252221201f
1d1e1f1f1f1d1c1b1c1b1a1918171818
19181a1c1e22272e344058769cd4f5f2
f4eee8e0d4c8c0bbb7b3b0aba39f9a8f
8279716d6c6f78838c97a0a2a0999494
93918e8a83756a615a4c3f3a39393733
2e29272a333c474b4d4a44434c585f62
5250524b4d4e433e43484948413a3f3f
4c3a34343941484e514c4e4f3f200b05
03020101010100000000000000010000
00000102030100020201020302010101
051226353a39332b252223251e151514
1315150f0b09090d0d0c0a080a020202
4342403e3e3e4143423f3f413f39383c
3c3a3a332e2c22131524202122232424
232323242215192d36342c3c40414345
474a4b4c51504d4e4f4f4f4f4e4e5256
5653535456535b5f5c5a5c5e59525554
53545657595a59585959595857555551
52565b5f605f5c5d625c585654505155
57534737281d181a1e2123344b575a5d
60615e5e5e5e6061605f5c5d5d5f605e
585c686558585e67676166645b616964
5f65615e5d5d5f646867625f5e5e6566
6965646a686a6c696d766b666b6f6963
646669675e5a64706966565c64757777
75726f655e5b575d5f61606d746d6b6a
6563564945464a535b56504e493d3841
42383d56665b4b4a4b40322e3854635a
69796d7070706962656d707269606868
645f595c5f50372b231c181316161c1c
171515110e0f0d0a0a0e0e0b0a0d0e10
13151616181b1e222426272623212120
1d1e1f201f1e1d1c1d1d1b1a19181919
1a191a1b1e22272e34425e7da3d8f6f1
f3ece6dfd3c7bfbab6b2afa9a19e998f
847b756f6d707a848c97a0a2a19a9494
94918e89827268615a4d3e3735363531
2c28272b343e434749464247525b5d5f
594e4d524c423f40444644423c394346
493632363e464a4e514a484b4b37200f
06020201010101010101010100000000
00000102030100020101010101020202
0208141f2f2f2c26201d1d1f1e1b1a17
171b18110f0d090606090b0d0f040202
4342413f3e3f4143433f3e3f3e393a3e
3e3939342f2c22121421202122242424
2323232625171a2d353128393d3e4042
46494a4c52504d4d4f5050504f505558
5754535356555f64605c5e5f574f5352
5254585a5d5e5c5b5b5b59585653524d
50555b5f61605d5e625a5553514d4f55
5750402c190f0f161e2a2e425a666561
5f5e5d5e5f5f62635f5b57595c606361
5b61706b5957606a675f66655d656c64
5d63605d5b5b5e636665605d5e626867
6864636b6c6d6d686d786c656b726a61
656a6b665c5661776b664f5a6276797b
7a79766a5f585259565b5e6d746e6d6f
6b69584640434b58625d53514b3d393d
3426314e5f5242464d453630364e5953
6b7c6d6f7376726a696f757d726f7a76
73716d6e6f5d4132261d181214171c1d
1a1917120e0f0c09090d0d0b0a0d0f10
13151616171b1e232527272623222120
1d1e1f201f1e1d1c1d1d1c1b1a19191a
1b191a1c1e22282e3543607fa5daf6f1
f3ebe6dfd3c7bfbab6b2afa8a09d998f
847c76706d717a848c979fa2a19a9594
94918e8a827167615b4d3e3734343430
2c28272b353e424648444248555d5d5f
5b4d4b554c3e3e41444542403b384448
4835313740474a4e5149464a4f3f2713
07030202010101010101010100000000
00000102030100020001010101020302
01050e182c2c29241e1c1c1e1e1d1c18
181d1911100f090404080c0f11050202
393d414343403d3a39393c3935394144
42473d332f2617131e27232424242525
25252827170704111d20222227303a3f
3e3c3c3f3d494e53585b62666567655a
5a595d60686b6e403554625d656a686c
736f71757173736f68646363625c5753
4c54616261625d53524f4f514d4b4a47
342115131615152745555a5b56525356
5754535859585b63625c5e64696c6c6d
6c67625d575d65626364615d5f656763
61646461646865626261677172706c65
636361656f6d63636c7273797a796563
696c675851585b5f5b62746866666772
71636171786b53543f49595d61605f61
646d6c63615646474d4f52595d59524d
48423b3d3326293c45393136352b2a31
4560686d68646364686b6c706a64666e
767875736f6f7472645b5548462f181a
1a1a1a1a1c1611101416110c0c0e0e0f
1110111416191f222223232322201f1e
1f1f1e1e1d1d1c1c1a19191919191919
191c1c1d1f252b2d354a6689bde6f3f5
f2ece6dcd0c5bebbb6b0aba4a09e988d
857f7a7572767e8992989ea29e9a9694
93918c857d7268615a4b3c3535322f2f
2d28272d3b484a454544474e53575f60
4b434c4c47433f4449443d3c37344240
39323a434a4f4f4c4c4a474d4c424441
2f1e0e05040403050402020200020402
01010101020200000001020101010101
01010203091314181c1d1c120f141210
12161714101410080303070b09040202
3b3d4042413f3c3a393a3d3b383c4344
404138302b2319171f25232424242525
25252726180a09162124262529323c40
403e3f42414d51565a5d62636164645b
5c5c606168696a3a2f50605b6369686d
736d6e726e70716d69666565635e5856
4d535f605f605c53524e4e4d4744423e
2f1f1513181a1b2d4b555a5b57535456
5754555a5a595c63625d5f646a6c6d6c
6b67625d596065626265625e5f646664
626564626368656363626770726f6c66
646463666f6c62646f72727879776362
6a6d6557525b5c5d5960716563636470
6f636272776e5959454b575a5e5f5f61
636b6a62635b4b484a4d51585d5b554f
49433d3e35282c3d44393136352b292f
3f565d6360616466696b6b706b65656d
747573716e6f737368605b4f503a1f1b
18181a1a1c1613101416100d0e0f0f10
1110111415171d212223232322201f1e
1f1f1e1e1d1d1c1c1a19191919191919
191c1c1d1f252b2d364b678bbfe7f3f5
f2ebe5dccfc5bebab6b0aaa39f9d978c
847e797573767e8992989da29e9a9694
93918c847d7268615a4b3c3535322f2f
2c29282e3d4849454545484e53575f60
4b444c4c47443f4447413b3c3834413f
38333c454a4e4e4d4d4a474c4b424543
3123140c0b0704050403020200020402
01020101020100000001020101010101
01010202060f1014181b1c1411141210
111517151115120a0403060908040303
44403d3937383a3b3d404345464b4d43
3522201f1617242c2317242525252626
2727231e1e1f27353c3a39373a41484b
4b4b4e545c626163626160544b525d5f
67686a64635a51221e42524e565d6369
6c5f5a5c595c61656a6e706e69646066
544f555655575956514e473929242018
1d1f1b1d242d384b614d53595e5f5e5b
57596062625f606463606165696c6b67
62616360636a69616268686461606266
696a6866606365676968686a69686b6c
6c6c6a686a63606e7a756c6d6e715d5d
6d7060525a68615955555a5056595a64
66646c736e747771685a514b545e6363
60605a53627166534144494f595f5d54
49404549453e4045423732363530302d
272b29313e566a72726d6b71746e6867
67676767696763666b6e6966756e411f
0f11191b16111713110f0c0f14151212
13111012101014202223232221201f1e
1e1e1e1d1d1c1c1b1a1a1a1a1a1a1a1a
1a1c1b1d1f252b2e384f6f94c6ebf5f5
f2eae4dbcfc4bdbab6b0aaa09c999287
7f7a757373767e8991979da19e9a9794
94918c847c7066605a4b3c3533312e2c
2b2b2e354047474245494b4f54575d5b
4e4a4e4b4a4944423e35333c3c37403b
3538474c4847494f534a4548483f4343
3535322f2b1a0604050a020202000101
03050401000001020202010101010101
0101010202030204090f1a1e19151510
0a0d181b171918130b05020406080b0b
4643403d3c3e3f40414245464548473b
2d1f1d1c1c242b241a1d232525252626
27272523211e212c35383c3d40454b4d
4d4e5156585a5758565654443a435053
5a5b5e585651461b193a453e434a5058
5c514e504f53595c5e60605f5d5b5a5c
504d525352514e483f3f3b2f2322221d
1d20242a323b424e5a5355585b5c5c5b
5a5b5e6161606163615f65686b6d6c67
6261625f646c69606168696664616266
69676565636666676968686a68656a6b
6a6a6a6a6a65646d736d696d6a6b615f
67665d596570645a595a5f555d5f5c61
62636a6d656e736e6f61585053585b5b
5b605c57636f67594c4c4d50575d5c56
4d474549443f4246443e3b3b39333431
2a2c2b2e384b5a5d5a5859646d6b6969
6a69686668696768686b69656e6f533b
2d241e1a1515141212120f1012111012
13131214121216202122232221201e1d
1d1d1d1d1c1c1b1b1a1a1a1a1a1a1a1a
1a1b1b1d1f252b2e3952739acbedf5f5
f1e9e3dacec3bdbab5b0aaa09b989186
7d78747273767e8991979ca09e9a9694
93918b837c6f6560594b3c3532312e2c
2b2c303740444843474a4a4d51555a58
4d4a4d49484843413e35343d3d363e39
3739454b4a4b4b4c4e4c4548473e4040
343836353529160d0808030202020101
02040301000002030201010101010101
0101010102040203060a151c1a161612
0e0f161715191915100a060506080e0e
4a474444454748484646474744433d2f
201c1817253a37170c28232424252626
27272a2c261d191e293540484a4d5051
5153575a514c46454344402a1e2b3a3e
45464a444141340f112c3023262a313c
433b393d3f444b4e4c494746494d514c
4a4a4c4e4d463d302226261f19202624
1c2333404a525452505e5a575657585c
605f5c5f616363625f5e6c6f6e6f6e68
6161625c666f695f60696b6a67626267
69646163696a6768696968686661686b
67676b6d6a696b6b675f646d65606a63
5c565965777c6a5b5f63675f6969605b
5c61676257646e69796e6558534e4c4e
535f605e646c68645f5b555153595b58
5452464945424748474a4a433e393c38
2e2e2f2a2d3a3f3a35363d4e61666c6e
6e6d6965666b6d6c64666a636271706a
5d432818161d0f1014171413110c0c11
1415161817171b2021222221201f1e1d
1d1d1c1c1b1b1a1a1a1a1a1a1a1a1a1a
1a1b1a1d1f252b303c567aa2d3f1f6f5
f0e8e2d9cdc3bdbab5afa89f9a958e83
7a75717073767e8991969b9f9e9a9794
94918b827b6c645f594b3d3431302f2c
2c2e353b40414a45494d4a494e525554
4c4b4b46454641403d3536403f353a36
3a3a434b4f524f4747504747463b3b3b
323c3e404742311e0d05040304050201
02020202010103040300000101010101
010101010305020102020c181a171816
1413121110191b1a17130d0806081414
4b49494b4e50504e4a4642392f2a2825
202a302c282b291a1423212222232424
252626282723202224272d2c2d2f3031
3133373a38312d303038392315223031
343337343234290c0a1a1910151b202b
312c2b2e2e2f373830282323262a2d37
40403b3a3b352a252a2c2d29252a2f2d
2f3b4951565b5b545061605e5c5b5b5c
5e5d5a5c5f6264646464696864636463
605e5d5f676f6d65666d6f6e6c6a6a6c
6a656467696a6b6f726f6a6460626a6d
68676f726e6e706f6861686b5c556668
605c6b777872666266686d66706e655c
5d6061605a6164667b767369635a5352
51545c60656968696b5e534d49494b4c
4d504b4f4a4748423b3b3c3836363a3a
333232302f34332c28292e39424b5760
686f716f6f72726e65666a64646c6c66
6761503619100f0c0e0f0c0b0c0d0d10
131415191a1b201f20212121201e1d1c
1c1c1b1b1a1a19191919191919191919
191a1a1d1f252b313f5b7faad9f2f6f4
efe7e0d7ccc2bcb9b5aea8a09b958e82
7975727173767f899195999d9d9a9694
93918a82796b635e584b3d34302f2f2d
2d30353a3c3d453e444946474e555954
4b4a4a4542423d3e3f3c3d423d343a39
3a3c444a4e504d44424b4343443b3b3c
353e3f3f43443d3121140b0403030101
04030101010102020100000101010101
0001000104050303020209131917171b
21211815181b19161515120d08070b0b
4c4b4c50545756534e463e2f21191a1e
2134403b2b21201c1920202021222324
2525252528272524201d1f19191a1b1b
1b1c2024271f1c212330351e101c2a28
27262b29282b2109050d0a030910151f
25212224222029291d110b0b0e121428
39392f2c2f291d1d2f3132302d323533
3d4c585d5f625f564f646463615f5d5c
5c5b585a5e626566686968635e5b5e60
5f5c5a61676f6f6a6b707271706f706f
6c66666a696a6e7477746b625c636c6f
686871767171757169636a6a564e646c
636077857a6b63676b6c716b7572695d
5d605e5e5c5f5c647d7b7d756e625855
4f4c5a626567676d7461534a423e4044
494e4f544f4a483e323032303033393b
3735343431302b231f20232a2c394856
647077767577767166666a6566696963
6e766d4c1b080f09090a07060a0e0e0f
121315191c1f241f202021201f1e1d1c
1b1b1b1a1a1918181919191919191919
191a1a1d1f252b32425f83b0def3f6f4
efe7dfd6cbc1bcb9b4ada8a19b968e82
7975727274777f8a9195999c9c9a9794
94918a81796a625d584b3e352f2e2f2e
2e31363a3a3a413a414644464f585b54
4a494a45413f3a3d414142443b343b3b
3b3e454a4d4f4c423f484041423b3b3d
383f3f3d4146463f2f1e100502020102
05040101010101010000000101000001
0001000105050404020207101818161f
2b2a1c171d1d1813141716110a060404
413c363231302e2a29292c2e2d2e3337
39423e2c180e152323191e1e1f212223
24242526272624262523261f1f202121
21212223231e1d222430362215222f2d
2c292c2a2828251a181c1b1b22242023
201e201e18110e0b070403040607080a
191f202a3a454b515348424142474f53
52565a5b5d60605e5f5f666a6864615e
5b5b5c5a5a5a5a5b5e62605f5c5a5c63
6a686366656a717272716f6d6d6f6f6c
6a6b6c6d726e6a6b6d6e6b68655c6368
6362696b645f666f716b69655f6d5d6b
71747a6c54505d6b665c5c5762656664
615d5e65625f5c685c56595e6e746e63
5a59595759646a6a6a6e70685b4f4841
3a37454b4845474540403e3839383738
3937333330313130302e2727312e2929
36495962686861656d736d626b666e6b
6d6b65563b2e21130e120e0907090d10
100f0f1214161c1e1e1f20201e1d1c1b
19191918181717171718181818181818
181a1a1e21262c3447658ab8e2f2f4f4
efe6ddd3c9c0bbb8b3aca6a29b958c80
787674737579818b9295989b9c999694
9390897f7669615c564a3e352f2c2d2e
2f313436383938323a4142454e575c58
48474c48423f3b3a3f44433e35353f3f
3543504e41393c4548413d3e413c3c3e
3b3c4144423d3c40433d32180a060402
04050301010102010100010000000000
0000000002020203020103080f14141a
24282424282319100d1013130e0a0808
3f38302a282623201f23282e30343a3e
3f453d281309122426171e1e1f202222
23242526272524272625272120222323
22232323231e1e23243037231724312f
2d292d2a2827261e1d1f202228292324
1f1d201d150e07030201010204040502
11191c2a3e4d575e5c4f4646474c555b
58585a5a5d606060635e666b6a66615e
5b5b5d5a595857585b605f5e5c595b64
6c6b65686569727574716e6b6c6f6f6b
6a6c6e6e746f6a686a6c6b6a685b6167
62606769605b626e736d696462745b6b
75797b664a495b6c655857515d626666
625c5e66645f5c69544d50596e787467
5d5d595456646b696772776f61534a41
36324349464347474444413a3b393737
3a3733333032333334322827322b211e
2a3f525c65645c626f766e626d666f6d
6d696258443825160f14100a07080c10
100e0e1012141a1d1e1f1f1f1e1c1b1a
19191918181717161718181818181818
181a1a1e21272c3549678cbae4f2f4f4
efe6dcd3c8c0bbb8b3aca6a29b948c7f
787674747679818b9295989b9c999694
9490897f7668615c564a3e362f2c2c2e
2f31333537393530394041444e575c58
48464d49423f3b393f45433c34354040
3444534f3e3338464a403c3d413d3d3e
3c3b4145423b3a4048453b1d0d080402
04050401010103010100010000000000
0000000001010103020102060d131319
222826272a24190f0b0e12140f0b0909
252322252b31373a404a4a4a4d50514d
4a432f211d180d0d161a1b1c1d1f2021
23242221242425292723242325272727
27272524282a2b2d2a2d2e1d15212c2a
2c2a2e2b2b2829241e1f2930302f2c23
151b2626221d1f21201c15100e12171a
283e596b685d5c65675c5c64655e5753
5252535659585252585c5c5956535459
5e6265686a696667696b616466615c60
686b676c646570777269646568686562
646b6a64676364686d6f6b66686e6c6e
6a65696b64656b6d6d67636161717570
74776b51455463645e5458555b5e6665
57505f69595b666d61554e4a55647279
7875695b5052585a62676d6d6a69685c
49404845403a3a3e434645413e393130
383431353536343233332d2b2e2b2728
2b2c28211f242c333d5977716370756b
646162655f5543240b07080a11191511
120f0e0f0f10151c1d1e1e1e1d1c1b19
18181717161515151616161616161616
161a1a1f23292f39507197c6e9f0f1f4
eee4dad0c6bebab7b2aaa49f9791877c
76757475787b848e9496989a9b999795
9490887e746a625b54494038302b2a2d
2f303032383e3532383b3e43484e5652
41414b48413d3b393d413c332d353d37
37434a483b313541453f3d3e3e3b3d3e
3d3d43443f3d42494b414e3c2f2a2113
07030202010104030101010000000000
00000000050100010101010101050c0d
0c182d2e2024221a1412151715121313
2a29292c31373b3e424a4a4c4f52534f
4b44372b23180e101818191a1b1d1e20
21222222242425282622232324262626
2626242326292a2c2a2c2d1e15202a28
2a292c292a292a231b1c272f302f2b22
131b2626231e1f21211e1916171d242b
34455a69665d5e66665b5960625d5a58
575656585b585151585d5a5654525257
5d606166686867696b6d65686a645f61
686b686c666770767169656669686563
656b6a64686363676b6d6a66696e6b6c
69646769636468696a676666656f756d
6e726953485561635f575b585d5f6563
555161695a5d696f625b575259636c70
6f6e675e5454565861686e6e6b6c6a5c
494345423f3b393c4143423f3d3a3434
3a3531353537353233332d2d2e2a2627
2b2c292422272e31344e6d6859646762
5f5e5f5f584b391f0a07090c12181412
131110111111151c1d1d1e1e1d1b1a19
18171717161515141515151515151515
151a1a1f23292f3951739ac8eaf0f1f3
ede4d9cfc6bebab6b2aaa39e9690867b
75757576787c848e9496989a9b999795
9490887e746a625b53494038312b2a2d
2f2f3032383e373437393d43474d5651
41414a47413c3a393d403b322e353c37
3a4247463c343740413e3d3d3d3a3d3f
3e3f43423e3e43494a404a3d312d271a
0d070503010103020101010000000000
00000000050101010101010102040a0b
0c192e2e1f24231d1614161816121111
3b3d4045494b4c4c4b494c52585c5a55
504852533818111c1f12141516181a1b
1d1e212627242223211f222122232221
2324221f1f26282b2b2b2b22181c2421
2525272425302e221111212d2e302c1e
0d1a2928272422232425272c38475468
605c5f625f5d646b64575153565c6469
68646161605a5050596052494b4e4e50
5758545c646669707474717576706866
6a6c6a6d6c6d7275706966696c696665
676968656e666262636666676f706666
66616265625e5a595f66707a736b7462
5a5e6159555a5b61636168646460635a
4f54666d5d657577646e787069615a53
5058606a655a53525f6c71717275715f
4d4c3c363c3f393739393737383e3f42
43373234363a38343334313230292426
292c2e302e3136281323494733373941
4d5552493f29170c06090c1215151213
1617181a1816181c1c1d1d1d1c1b1a18
16161615151414131414141414141414
141b1b21252b303c567ba5d1eeeff0f3
ece2d7cdc5bdb9b6b1a9a39c948d8479
757576777a7e86909697989a9b999795
9490877d746a625a52474039322e2e2f
2f2e2e333a413b3936333741464d574b
404149443d3b37393c3c393330373c37
43403a3e413f3d3a363a3c3c38383e43
4346463e393f474a483e3c3e3a393c35
24171109020201010100020201010101
01010100040103000102020303010305
091c34311e232827201a1a1b18110909
404245484b4d4d4d4d4c4f5356575553
5251544d382a2a2b241c111213151618
1a1b1d21242423232120242223242221
232423201f27262829282820171b2220
2626251f1e23241e1215242b282a2b1d
0c1b2a27252323262a30363e49555e6a
65605f6061636769635b5758585c6162
6160616568635b5c676b55494c4f4d4f
575a575e626061686e6f6f71706b6664
676867696b6e70706d67666868666565
666667696f676464656665646b6b6063
686362646060616267686a74736d7167
606166635e6262636560615b5c595c58
555e6c7063697274666c746e6d696155
4d555e6b6d665c555c65696b6f75715d
4f55483f43453c37393a383634393b3e
3f343233343735302f302f31332c2727
292a2c2f313130291f2737312c2b2932
3c413a3333220d0b0c0e0e1213101115
191a1c1c1915161b1c1d1d1d1c1a1918
16161515151413131313131313131313
131b1b21262b303d577ea9d5f0efeff3
ece0d6cdc4bdb8b6b1a9a29c948d8479
757677787a7f87909697989a9a999795
9490877c736b625a5147403a33303130
2f2e2e333a4042403930343d4249564c
434549433d3b37383a3a3935343b3f3d
43413c3e3f3b3b3c3a3e3f3d37363d42
424143424043444143413c3e3531393b
3026231c0f0703020101020101010101
01010000020104010102010203030204
0a1d2e2a1c2328261e17181b18120d0d
46494c4e4f4f4f4f5051525453504e52
565d574539414b3e2c2b0d0e0f111314
1617171b212324242121252425252221
24262523212824242624241f17192121
28272318161317191419282920232b1c
0c1d2c262321252b333e4b5762686c6e
6c675f5e656b6a6563605f5e5b5c5d59
585a616a72716a6c79795a494c504d4e
575e5d626058565f676a6b6b69666362
636363636b6f6d6b6866676663626466
6563676e716867686867646167645960
6a6663625e636a6f726a636d736f6e6e
67646e706b6c6b67685e5950514f5354
5d6b74736b6f6f71686b6f6c72746c59
4a515b6e78776958595c5f646d76715b
5361594b4e4e4036393c3a352f333539
3a3133323234302a2a2c2c3038302a29
28272a2f3532292a2f2d1f15241c151e
26251a162218010a15151112110b0e16
1c1f20201b15151a1c1d1d1c1b1a1917
16161514141313131313131313131313
131c1c22272c323e5982b0dbf3f0eff3
ebdfd5ccc4bcb8b6b1a9a29c948d847a
767779797b7f88929798989a9a999795
9490877c736b635a5147413b34333533
2f2e2e333a3f4d4a3c2e2f383d46564c
484b4a413d3b373637393a38383f4445
43423e403d36383e4042433f36343b41
413b40464a4a40353c453d402f273643
413a3b37200d06040202010100000000
01000000000105010101010105060103
0b1d2620182228251b14151a19131212
484a4d505151504e4d4d4a494b4d4c48
4544443d3a40423b38332e2b28282824
212326231c1e23212025262525252423
232422201d1e2124221f1e2123242426
2b271c1010090a13141214171b25291d
141c232024303f424149565c5e606463
666462676a6a696a6462626263615d5b
6063676a6d717472777b6a665f565758
534f565d5d5f6a6660656863615d5d61
5f605e66676a716f6d6b6b6c67616468
6b696e6d6764626465625e5f67716159
606160635f5f646967645e6472685f65
646b737170716a6766645d575b5d6466
6b6d6b6d6d6f67696765686d72706a65
6262626a706f68605d5f60626669655e
5e6561585551453b3b3e3e3b37383736
3735342f323731282730343135302c2b
2b2c2d2f33332d2a2a292420241f1c1f
21201b181b1710161b1812100f0f1418
191817171615171819191a1a1a1a1919
17161514131212121314131314141515
15181d22252a2f3f608cbbe2f2f0f3f2
eae1d4cac2bdbab7b0a7a19c958d8379
757677797b7f868f9699999897969494
9593897b716860585046403b34323331
2f2d2e32383a3d392e282e373c44504f
48474940383637373a3c3c3e3f404344
474140423d37393d3d41423f3938393c
3e3a40454440383a403f373a2e2d393d
3b393b3b342f2a180a0905020914160c
02010101000003010101010103040203
07131b191315181c1610151c1a191919
494b4e515352504e4c4b4643474c4b43
3c3639393b3f3d3a3f38413b3635342d
282a2e281a1c23202027272525252525
2422211f1c182024201b1b222a2a2629
2d27180c0c040310150e090c1826281f
191c1e1c26394e5049505c5f5c5c5f5d
6363646c6e69696c6464636568635d5c
64696b6a6a727a75767c74766a595c5e
5047535b5b64766b5c62655f5c595a60
5c5f5a6865677472706e6e706a606469
6f6d736c62615f61645f5a5e68786656
5b5e5f64605c616561615b5e7164565f
636f7673737469676568605c61666f71
736e67696e6f62646662646e726d696c
706c67686b6a67645f61616162625f60
6468665f5952483f3c3f413e3c3b3834
3537352d323832272632383233302d2c
2d2e2f2f32342f2a2727272725212020
1f1e1c191616191c1e19130f0f11171a
17141212131618171718181919191a19
18171514131212121414141314151616
16161e2124282e406492c1e7f2f0f6f1
eae3d4c9c2bdbbb8b0a7a19c968d8279
757577787a7f868e9599999795949393
96958a7b70675f575046403b35323231
2e2c2d323738352f26252d363b434d51
48454940353437393c3d3d4143404343
4a4141433d383a3c3c40423f3b3a3839
3d3a4045413b343c423c34372d303a3a
37383b3e40433f240f0e07030e1f2213
04010101000002010101010102030302
050d1515100d0f17130e151d1a1c1d1d
3e40424446464544423f3d3c3e41413f
3c424b4c505859585f5a5c5f5d5a5b5a
5756544c3f39342926251d282825211f
1f2020202323241d171d2526252a2f2c
252b322005070b110f0e12171e27231f
1d232f37424f514c4c535b5e60666c6a
6261615f6064636366585e70675c616b
6a65615d5a5d5e585a736d7470666563
574d525b5f5b59555354544e4f53585b
596167646a696d6665625e6163606261
69605f5d646460636b6c6968655d5854
5c5e5f64635e5f64676f6a5f6c6b6f64
6169706e6457535d5e64616064656b68
67625b5d62666069726a636464616268
6d6d7173706c6b665d5a5d6061606166
67625d606568655c4c3e393c3a3a3935
37373537363333323234383832312f30
3131302f2f2f2b2828292a2b2a262422
211f1e1d1d1c1b1d1e1b151212141717
151311101114151717181819191a1a1a
19181615141414141414141313141414
13121b1f242a32466c99c6e9f3f2f5f1
e9e1d2c8c1bcbab6afa6a09c968d8279
757577787a7f868e9598989795949393
9594897b716760585147403b35323231
2f2c2e34383a353028272d3438404a4b
4746453c36373a393937363b40404646
463b3d44423d3d3e3e40403c38393a3d
433c3b37302e3243493f2e2f292f3c3f
3a3438413c333235362d160a060b1517
0c010201010100010101010102010000
01060d0f0b0508171a161a1d191c2121
3c3e404244434242413d3c3c3e404040
3e465051555c5e5e6560606563606161
5e5d5a52463f382c28261b282825211f
1f1f20202325241c171f27262429302c
242b352406090e130f0f151a20272221
2027343d4752514c4e555c5e61686e6c
6161615e5e63626166565e71665a616c
6a635f5a5659595256716c7371696764
5950535c5f5953515252514c4d53595b
596169646b6a6b6363605c5e6160615f
675d5c5a656560646c6f6b6964585654
5c5d5e64635e5f6368716c5f6a6c7265
62686e6d6253505c5d63606063646866
6460595b5f645e69736a636262606167
6c6d7375716c6c675d5a5d60615f6267
67615c61676b6b62513f393b3a3a3a37
38373639363233343435373831303031
3232312f2f2e2b28282a2b2c2b272523
211f1e1e1e1e1b1d1e1b161313141717
151211101114151717181818191a1a1a
1a191715141414141414131313141414
13121a1e232a33486e9bc7eaf4f2f5f1
e9e1d2c8c0bcbab6aea6a09c968d8279
757577787a7f868e9598989795949393
9594897b716760585147403b36323231
2f2c2e34393a363029272d33373f494a
4646443b37383a3a3936353b40414746
43383a43433f3d3e3e40403b38393b3e
443d3a352d2c32444a3f2d2e282f3c3f
3a3437423b3030383c33190d06081318
0d010201010100010101010101010000
00040b0d0a0407171b171a1d191d2222
3f4244444444454647474b4e5153575b
6064686664666360635d555c5547454a
4c4a494b4d4f4a413e331f1d1e1f2326
26221d1817221b1b272c261e1e222325
26242224292429261c1d292e2c2c2a39
465057564c4249535961636265696969
6163686665666157565564644c51615b
534e4c4c4e5356585f6766727672706d
6c6e6f6b6351485560595152555c6160
63666c6467656861605e5e5853585854
5f595a5e6d6f69696d6d676057575854
535051595c5e636564676052565f615b
696c696a665f656c666459545451535d
6667666761594f5657555860696e6c69
686a74766f6d716b5f63676664616060
616064636162696f6a5d4a3c3f454848
45403d36312e313737302c2d292b2e32
363838373533302e2c2a292725272625
2321212122221e1e1d1c1a1817171818
1613121112141517171718181919191a
19171513121212131414141515151615
15171c1e242d3a557eaad1eef6f4f5ef
e7dfd0c6bfbbb9b5ada4a09c968d8279
757577787a7f868e9498979694949393
9594897c7369615a5248413c36333231
2f2e31363c3d37322c2a2c2e323b423c
3e433f3a3b3b383b3c36353e4442413a
1e19263c4645403d3a3a3c39373b3c3d
40474433262732474839312d27293138
3c39363a3b3432322c28222a180c141c
13060302010101000000010102040302
0101020302050a15150f1018202a2525
444648484747484a4b4a4e515354565b
5f62666260615e5b5d58515851444348
4b4a48494b4d48403f362421201f2123
23211e1a19231a1d2a2a211b1a1c2028
2f2b232229252a281e1c263035383442
4d535959534c50565b61626163676768
6464686765625c5556576460494d5952
4a48494b4f5457575d676670706b6864
656869655c4e4a5860575153555b6062
68696d6163636a65615b5a5550565956
605b5c5d656865676a69656159595a55
5350525b5d5e636664645d5253595b59
686a666867616669636056525250525a
626362645f5a535d5e5b5a60676c6c69
686b707069676a655b5f62636362615e
5f6164626060676c675b4a3d40434646
423e3c373532313536322e2f2a2c2e32
363837363534322f2c2a282624252524
2322212122211e1e1c1c1b1918171818
16141312131415161616171718181919
18161513121212131414151617171717
17181b1e242d3b5781add4eff6f4f5ef
e7ded0c6bfbbb8b4aca49f9c968d8279
757577787a7f858d9498979693939392
9593897c746a625a5248413c36333231
2f2e31363c3d37332d2b2c2e313a413b
3a3e3a37393a38393935363f44413f36
1e1c2a3e47443d3734373a38373b3d3e
40454132282b36464536302e292b3138
3c3a363a3c3636322522242a1a0f1419
120b0904010101000100000102030302
0202020302040913140f10161d272323
51545553504f51545553565958565559
5b5d5e5a5654504c4d49464d483d3d45
4a4a47454747423e423e322d27201b1a
1c1f20201f28172133251514100b1833
4940241c2b292d2f25191f375059525c
605d5f62646764605f605f5e60626167
6d68686c65575051555c64553e414539
3438404850585957596666696258514e
52595a544a454f615f53515858595e66
78746f5a5a5e706f6455514d48515c5e
6260635b51565c6163606164605d6057
5251555e615e646b655c57524d494b55
66655e646b6967635b564e4c4f4d4f55
5a59595c585b5f72726a615e63686b68
686e685e575859565255575a6166625a
5a6465615d5c60635f55494141404040
3b38393b403d3330333635342f2f3032
34363533363836322e2b272320222223
24242322201f201d1b1b1c1c1b19191a
18161515151617151515161617171718
18161412111213141516181a1b1c1c1d
1e1c1b1c222d3e5e89b6dcf2f6f6f6ed
e5dccfc5bfbbb7b3aba39f9c968d8279
757577787a7f858d9397969493949393
94938a7d756c645c544a423d37333232
302f32383e3f3934302d2c2c2e373e37
30312e2f3638373533323741443e392d
202434454941352925303535363c4041
42423a2f2d363e463d2f2f3031323338
3d3a36393f3f41311213282c21191510
10181a0c010101020301000000010304
040303040302040f120f0e1116201d1d
54565654504e50535553555857555354
545454514f4e4b484a47424947414349
4b4b49474645413e403f38383329211d
1c1d1e1e1d23161c1f16131b26395566
5c3c22202d2e24262a2c344348414751
585a5d5e5f625f5b5b5f625f5d5c5a64
686161645d5351585e5b5a54453c3a3a
3b3f43474e565958586565685f56514c
4b4c4d504b4b5b605650505654555b64
74706d62605b66655e5452514d515d5e
5d5e685c575f6567625b595d5a535954
514f5057585d66675d5251535454575d
6465656a6d665d5f5c5f5e5e5e565356
595a5a5c5554566664636264696c6c68
6669625b5b5c5753545a5c5d5d5d5c59
5b636261616364625b52484041434748
423d3e393c3a32303334323132303030
32333332343634322f2c292624232324
252524222120201d1b1b1c1c1b181919
18171615151617141414151516161617
1817151312141517191a1d1f20202021
231f1e202834466690bbe0f3f6f6f6ed
e4dbcec5bfbab7b2aaa39f9c968d8279
757577787b7f858d9296959493939292
9492897e766d655d554b433d37333232
302f32383e3f3934302f2d2b2d363c30
25282b2e32302f303234383d39323128
242c3b44443e342824313636363b3f40
41382e29303e43453930323333333439
3d3b393a3a353b3318162627221e1810
111f2414030101020301000001020507
07050404030303090b09090d131d1919
57595855514e4f53545455575754514e
4c4a4a484748464547443e4546464a4d
4d4b4b494543413e3f403e454034271f
1b1a1b1c1b1d14180a0511223f6d99a0
71381f252e321b1b30414d513e263b45
4f575c5a595d5a55575e646159555361
645a595c544d5361685a50534c362f3b
434746464c555a5a566465675d54514a
433f3f4c4c5168604c4d50544f515861
6f6b6a6c67595b595953535653515e5e
575d6e5d5f686e6e6355515653485251
504d4b4e4e5c696355484b555c616567
62666e717062515a5d696f726f615757
5a5b5c5c524e4c58545b646b70716e68
64635c595f615651585f625f58545659
5c625f61656a69605650473e42474e52
4a4343383837312f32332f2d3532302f
3031313031333332302d2b2929242425
262525232221201d1b1b1d1d1b18191a
19181716161717131313141515151617
1a1816141416181b1d1f222526262526
282321242f3c4e6f98c2e6f5f7f6f5ec
e3dacdc4bfbbb7b1a9a29f9c968d8279
757577797b7f858d9295959392939292
9391897e786e665f564b443e38343232
303033393e40393432302d2a2c363a29
191e282e2f28262b32373a392e252923
29364244403a332824323838363a3e3f
402e222434474944363135363634343a
3e3d3c3c342b3436201b242325251c10
14272e1c06020102030200010103070b
0c0805050404030302020408101a1616
5153514e4a48494b4b484a4b4d4c4946
44454646464646454645454948484a48
46454543404142424143454544403b34
2c221a171d181a1c0813547f9eaf9c6c
3217222c252c1e27383630393d364a4b
4e5559545153514f545e635d524e4d58
5550575753596669615748474d423d4b
4d4b4642485258595657514c413e464b
4a4a52605b58604636485153535b6361
5f595c56625a585a615c534f4a475354
4e55695c5e6165666056575d594c5b5c
5a534c4d50595c5a5c5a5a5c5a5f5e60
5a646a635c574f5c5a5f606366605e5b
5b5c5e5f5655545f62676a6864636468
6c6f68656a6957505a5d656250454d5c
5f5b5c5d626766615e60605c5f606260
4d3e3c3d383333353635323035322f2e
2f303131313031302f2e2d2d2e2b2928
272626262625211f1c1b1d1d1b181818
17171615151515131313141515161617
1917151415181c1f24282c3031313132
342c2a2f3c4a5c7ba1c8eaf6f7f6f4e9
e2d9ccc4bfbbb7b1a8a29f9c968d8279
757577797b7f858c9294949291929292
9290897f79706860574c453f39343333
312f32383d3f393331312e2a2d363823
0f132128261c1b29363c3a301f1a2422
1b2b3839383a382d24283238393c3d3b
3a3027293846433c32363b39332e3238
3938383833262427221f1d262b2b231a
1923261c0e05020101010102070d1014
14100a080704020202030406090e0f0f
4f504e4b474546484643444648484542
40434545454646464645494b49494a47
434242403e404244424447454547453e
33261a151e161d1e081a73aac9ce9d54
150823302129202d3c31232e3d3d514e
4e5458524d4f4d4c535e635b4f4b4a54
4e4c5656525e6e6d5e5645424e484452
524e4540465157595651483f3433414c
4e4f5a69635b5c3b2c46525354606861
5751554c605b585a6560534c46424e4f
4951675b5d5f61635f5759605c4f5f62
5e554d4d515756555f63625f595f5b5d
5663695d54524e5e595b595d6260615d
5c5d5f6058585862696d6d675f5d6068
70756e6a6f6c584f5b5d66644d3e4a5e
61575b5c6166656162686b6a6d6c6b66
4f3c3840393234383935333135322f2e
2f303232312f30302f2e2e2f312e2b2a
28262627282722201d1c1d1d1b181818
17171615151515131414151516161618
1917151416191e21272d313537363637
39302e3543516381a5cbedf7f7f6f4e9
e2d8ccc4bfbcb8b1a8a3a09c968d8279
757577797b7f848c9294939291929292
9290887f7a716961584d453f39353333
312f32383d3f3a3331322e2b2e373820
0a0e1e2522171728383e3b2c18142222
15263335353a3a3024232f383a3d3d3a
38312a2c3a46403931393e3a322c3138
3735373733241d2123211a282f2d271e
1c22231c120702010101010309111417
18140c09080402020203040506090c0c
4746464443424343444647484744423f
3e3f41434547484747464b4a45414140
3f4143403d3b3c3e3e424a4244494b46
3d322b220808203b2b3f88a78d623918
0f1b25251e1e1a1c201811213c495150
4f5457524d4f5658575755504f505152
514f5654525d685e50554a3f4a57554c
47484b525b584b484c59473d2d273952
60666966564a422319314249545e625b
4f4d4d4255504d505c5d59514b546468
696166625e55505356555a615b515e5d
5b564f566262575765655a58555b5056
5e61594d4d56594e51595d6265605e5a
5b636d736d695f5d706d67615d5f6771
7063696c6d63401c111f3843382f3f55
595056595e6061616366686765605f62
564e545543342d282730393739373433
32302f2d2e3031302f2d2e313433312f
2c2b2a2a2a2a2523211f1f1d1b1a1818
1717171616151516171717171819191a
1d1b1a1a1d21272b323940474a4c4d50
544a4447535e6e8badd1f1f7f5f6f2e8
e1d7ccc5c0bcb8b1a8a3a19c968d8279
757577797b7f848b9194929091929291
929089807c736b62594e46403a363534
312f31373b3c39313032302d31393b29
0905080c0d0d1921262b281f161c2b20
1d2a323133363122161829363c3f403f
3d433f3b3e3e35322d38353834303634
241b222c31281b141b251e282c292522
201b181c190b020202020103090e1015
1a1a18181a16120b0604040507080505
4544444342424343444647474643413f
3f3f41434547484746454a4a4540403f
3f4143403d3b3c3e3e41484244494b47
3e352e260a09203d2e3f7e97794d2a11
101d24221e1d1a1b1d16101f39474f4e
4e5357534e51585a5856545051525151
524f5453515b655b4f544c424b585549
434549525b54454248584841332b3b53
62686a63534a42241a2f3f47535b5d58
4e4c4b43544f4d505a5a59534d58666a
6b6062615f554e5256565b635c525e5c
5b585158656356576563575654594e55
5d5e544b4d585b4f525a5e61645e5c59
5a636d746e6c615d6f6b645f5e616871
6f636a6c6c623f180a18313d342c3a50
554f575a5e60616263666665645f6064
5952595846372f2826303a3739373533
33312f2d2e3031302e2d2e3135333130
2d2c2b2a2a2a262421201f1d1b1a1918
1817171616151517171718181919191b
1f1d1c1c1f242a2e343c434a4e505356
5a514a4c5762718db0d3f1f7f5f6f2e7
e1d7ccc5c0bdb8b1a8a3a19c968d8279
757577797b7f848b9194929091929291
929089807c736b625a4e46403a363534
312f31373b3c38312f32302d323a3b29
080406080a0b181e2126241d171f2b1e
1f2b313031342f2015192a373c3f403f
3e44413d3f3d34322d37343835303632
20171e292f271a141b2620292d292523
201a171d1a0c030202020103080c0e13
191a191a1d19150f0906050507080404
403f3f40414343434242434443404042
44444547484846444040464a45404142
42423f3d42434343413d3e3e42474946
3f3a3938332716302b1519110b0b0a10
191a14161f1d262220201b171c273740
474f5456585f5c58595a5b5d605b4d4e
5c4e444546484a4e5951575f59504334
2a2d343e412d181f34484e66695a565c
5d60645048535a463331353f4a433a41
485148565a5357554f4b545c5f69665e
634c4657685c51555c5f656d66575e59
5d605e6571634f5460503e494c48484b
53453b495b60636762635b5756515054
595b6166666e6c696158545a646a6964
67777a6e626455311618282e241b202e
3f525e626463656968655e5a60646d76
6a5f645d555147342e3c423034343536
373634322f2d2e2e2d2d30363b333232
31302e2b282728272523201e1d1b1a1a
1a1a1a191817171a1a1a1b1b1c1c1c20
292826272b31383c3e444e575f63686d
72766a676b72809cbfdef3f6f4f6f1e7
e0d7ccc5c1bdb8b1a9a4a29c968d8279
757577797b7f848c9193929090929291
918f88807d746c635a4f47413a363534
322f31363a3b38302f31312f343c3a21
0606070506050f0f0c0e10151c29290a
2d322d282a2d2617162e3c423c393c3f
43423e3c3e3b34362e31343c372d2e24
110a131a1816191a232e272c33302925
231c1a241c0d0503030201020406070b
1216181d222123231e150d0805040504
403f3e3e404244454442444141413f41
4444434344444443403e454543414040
40403f3e40414141403e3e3c42484945
403c3b3c3a2f212f271415110d0e0e14
191915141a1a212121211d1a1e242f36
3f485054525757565859595a5c594f4f
5b514c4c4b4a494a5451595b574e4336
2e30373d3f35262f3a4a52616159585b
5c605f504c55584c3e37394147423d42
48514d56555251545150595e5b5f5d56
564e5157605b4d525c61656561555f58
5c625d61695b4d555c4f464b504b4c50
554a424f606464666264615b56525259
5e606267696c655f58534f575f646360
6372776b5e615a3f2a2427261e19202b
384c5a5d636566676764605e62676c71
6560625d58564f3d2d313a3334323536
36373533312f30302f3032373b353333
32302e2c292827262523211f1e1d1b1a
1a1a1919181818191b1d1e1d1e202125
2b2b2b2d33393f424449515960666d74
7b807673767a87a2c3e0f4f7f5f5f0e6
ded6cbc5c1bdb7b0a9a4a19c968d827a
7676787a7c80868c9192919090919191
919089807b746d645b5148413b373634
322f31373b3a372f2e31302f333a381e
0604060404040b0e0d0f111318221d08
272f2b262a2e281b1b303d3f3b3b3c3e
413e39393b3933353233383a362f2f26
1610161c18181c1e26302c2f33302924
221f1e2118100c09050301020305060a
1217181a1e1c20221f19120d0a090908
403f3c3c3e43474a4945453a3d453d3f
4343403c3a3d41423f3c423a3e423f3c
3d3d3e3f3c3c3e3e3f403e39434b4742
414041464a42382d20140f101516181c
1a1819101213171f25252423221e1d23
2f38474f46464b515657545354555353
595a5e5c5550484149535f54544b423b
36383d3c3d454652454f5c564f555a59
5c5e5752555954575543434441414544
475158574a514453555b656254494945
3c5267584f5944495c66655659516157
5c665d5a574a4a55534d59505953555a
5a54515b6a6d676463686d6456545964
6c6b6668706a55494549475156585957
5b687066565c635c543d26150e142025
2a4153536369676563636767676f6b65
5c625f5f5f60604f2c1a293a342f3636
363a3835343435353435373b3e393634
3231302e2b2926262524232121201d1a
1919181818191a181e242422252a2d2f
3131353c454b4e505255595e646d7885
8e96918e8c8d97aecbe6f8f9f8f5efe6
dbd3c9c5c2bcb4aeaaa4a09c968d837b
78787b7d8083888e908f8f9192918f90
91908b8178726e665e564c423c393834
313032383c38352d2c2f2f2e33383318
080004020102040c0f10140f11140504
1b2927232a322e2424333f3938403d3c
3d353033363430343b37413733353129
221d1d1f191c23262e36393435312922
2126281a11171c15090302010102040a
1319191514131a2224201b1816141212
3f4041424342413f3e3e3f383b3f3a3e
4343413e3e3f4243413f433a3c3e3b3b
3e413f3d3d3d3a373b40403e43433f3d
3e3e404442433f342a25221f19141417
151518111315151a2021202021202122
252630352d2d3d4a5053535352504b51
595b5c5a5555534c494c5c5956514d44
3f454a494a4e4d4c3a4453524c4e5255
585b5c5d584d485052473a3e44454442
3f3f3732394c424c4e555b5d574d4f4a
5257614b414f41404f5f635854545c50
5d615550515152585d5c58444d4d545c
625f5c6168655a535862676057555a61
676a6765655e5452474c494d4d4e504f
515c6563595e65656557402a212c3b34
293a4145565d5f63636568655f656865
59626863655d534a3b29293536303634
33373635373837363638393a3a363331
302f2e2c2a28252524232220201f1d1a
1a1918181819191a1d2224272c313537
3a3a3c40464e575d6164676b7077818c
95a09e9c9a989fb5d2ebf9f9f8f5efe5
dbd3c9c5c2bbb4aeaaa59f9a958c827b
78797c7f8083898e908f8f9192919090
91918a8178726d665d554b423b393733
313032383c39352e2d302f2e33383217
070103020101030c0f0f120d0f150b0d
1d292a2a31342b1f1f2e3b38383f3c3b
3c3431353837343739343c3937332f2f
2d2723251f21272a32393a3232302a25
24292a1d171d20180a03020202020409
1117171514131920221f1b1815131616
3f42454847423b3534383935393a373e
44434140404243444342443b3a3a383a
4045403a3e3e373137404143433d3838
3c3d40433b45463a3435332c1d111012
11131712151814161b1d1d1d20222521
1d161b1e171830444a4f5152514c454f
595c5c5855595c554845595d5956574d
4850565556565446303a4a4f4a484c51
555961675a433d4b4f4b333947484441
382e1a1029494047494f53595a51544f
655c5b3f35463f374459625b50575749
5e5d4e474b575a5a666a563a4348535f
696a6767675e4f444f5c625d57565c5f
646968625a53525a49504b4a45444748
49515c605c5f676e746e593d32425543
293532394a52586064666964575d6565
576270686b5b474648372a3139323633
31353535393c3937383b3b393733302f
2d2d2d2b292724242322211f1f1e1d1c
1b1a19181819191c1d20242b33393c3e
4242424348525f6a6e7173777b808993
9ba9a9a9a6a2a7bcd9f0f9f9f8f5efe6
dbd4cac5c2bbb4aeaaa5a099948b827c
797b7e808184898e918f8f9193929091
92918b8178726d655d554b413a383733
313032393d39362e2d302f2e33383117
070103020101030c0f0f100b0e161015
1e2a2d303837291a1a2a3837393f3b3a
3b3332373b3a383a3832373c3b332f34
3730292a25272a2d363c3b302f2e2b27
272b2d211c22241b0b04020302010308
101516141413191f201e1b1814121a1a
3c3a3734333336393d404242453f393d
3e3e3f3f3f3e3e3e3f3e35363e434344
444139363e423c363b403d413e37353a
3e3f4247454b483d3b3f403b3732281f
17151816191c181a21211c181a1f2621
1c1517191313191f26313d4b575b5a55
5a574e4849535c5d594f554d4b4c4d45
3b495859504040362d364a56514b4c50
514e55645942444e443829323c3f3f3f
41382b373e4a3d454d5354565a5e6365
726555473f44423f515c504b46544e4b
5657484e565654565c5b4b4852515056
5d5d595757524d525a5a545354576065
5b4c48525d5d4e4149534e4c46474b4b
494c51575a585e6972685f5853595b44
2a2e2c3b4e53555a5b58544c45505c61
51575f5e6b6354586258515a4b3e3a33
2d2e3135373431313539383737312e2c
2b2929272523222221201f1e1d1c1c1b
1a19181718191a1f20232a31373c3f43
494e5355575d687380878a8d8f949ba3
aab2b3b4b2afb2c4def2faf9f8f5efe5
dcd4cac6c2bbb4afaaa59f99938a817b
797a7c7e7f80858b8e8d8d8e908f8e8f
908f887e77716c655d544b413a383633
303032393e3a352e2e302f2f33373014
0501010100000207090808030613141e
1821262d363425191c2a3636383d3838
3a313035343234363431323838313038
3a30231f20222428333a3733332f2a26
262c302624251f130703020101010206
0c11121213161c1f1f1b17130e0b0d0d
3b37322d2b2e343b404445474a41393d
3c3d3e3f3f3d3c3c3d3d2f343f464847
453f37353e443e373c403d413c35353a
3f404349484d493f3d434540413e3023
191619181a1d191c23231c17181e2722
1c141617121211121a26364959616257
5b554a4244505c615f53544746494942
3647595b4e3938302c354b59544c4c50
4f4b51635942475040322530383b3d3f
453c3145464b3c454e5454555a62686d
7668544a42434343565d4a4542534b4c
535546515b5652555856474e58544f54
59595451514e4c575f5a4f5053586167
58413d4d5e604d384955504d46484c4c
494a4d5459565b687266626160615d45
2b2c2a3c5054555857534c433e4b595f
4f53595a6b66595f6b655f6952423c33
2c2c303636302e2f3538373638302d2c
2a28282623222121201f1e1d1c1b1c1c
1a19181718191a2022242c34393d4144
4c53595c5c616b7686909295979ba1a9
b0b6b7b9b7b3b7c8e0f3fbfaf8f5efe6
dcd5cbc6c2bbb5afaba5a099938a817b
797a7c7d7e7f84898d8c8c8e908f8d8e
8f8e877d76716c655d544b413a373633
302f32393e3a352e2e31302f33372f14
05010101000001060706060104111521
161e242d363323191d2a3636383d3838
39303034323032353331313737303039
3b30211c1e2122273339363435302a26
262c312927261e100603010101010205
0b0f111113181d1f1e1b16110c080909
3b39363332353b4145433935322d313d
3f3230373d3f3c352e2b2f363d414447
47423c3836343131393e3a3f3f3d3e41
4242474d4843434a4d494240484c443e
3a3733271f2222292e2a231f20201917
1616191b1a1a171515181e2731373a44
4b473e3c40474a4338403e334f574f4d
595d4f403a3b4742383a54574b494f52
51555d5c52495a65554832252326303a
3d4e5462483f3f4c4e4c515859544e55
57564d52584c47495c5d484e4e3d4a4d
52434d5e625c5e5b463e3f534c494646
4b4d4e535c64676a6d635b62625d5f56
4a474f5a5e5c5241474f4c5253565853
545e5b616764686e6d5d5d655d483f51
60584d636b5e514d4c4946464f58575f
5f5c4f5758595d5e5a5d6b766e3e2325
35403c353232313335332f333a33302c
292724211e1d1f1f1e1d1c1b1a191919
181716181a1d1e222c333a3f43495053
59616b7276808e9b9fa2a5a9adb1b7be
c4c8c6c7c8c9cedaebf7fbfaf8f5eee5
dcd5ccc7c2bbb5b1aca69f9b93887f78
7574757574757a81858687898b8a898b
8c88827a74716d665e554c433c393632
302f32393e3a342e2f32313033352c10
0401010100000005050303010310161f
0e161a1f262620222f3c403a37373231
312c3135302c30333336353032383e3f
362719131c2424262f333131312b2624
24282e282c210e060302010000010102
06090c0e12181b1b1917130e09050404
3a38353332353a3f42403632302d323d
3d3231383d3f3c36302d31373d404145
45413c3834333232393d393f3f3e3f42
4243494e4843434b4e484140474a443e
3c3c3a302829282d302b231e1e1d1817
1516191b1a1a171516181d242c31333e
46453f3e4348494339413f3451584e4e
595a4c3d383d47443b3d555346464e51
51575e5950495761534a372a2629343c
3e4e56604740434e4f4c525a584f4a51
56554f50574d494a5a5b494d4b394950
54454e5d5e595d59453f40534a4c4849
4d5051555e65686a6c625c63625c5d54
494951585a59534649504d55575a5a56
565e5c616865696d6a5d5f67604c455a
695d51666b5b4d4a4a4846475158535c
5f5e4f5956555b5c585c6a716d3f2629
37403b343333323435322f333a34302c
292724211e1d1f1f1e1d1c1b1a191919
171717191b1f21242f363c41454c5255
5b646f777d8694a0a3a5a9adb1b5bbc2
c7cccacbcccdd2deedf8fbf9f7f4eee5
dcd5ccc7c2bbb5b1aca6a09b93877e77
747374747374787f848586888a89898a
8c88817a74706d665e564d443d393632
302f32393e3a342e2f32313033352b10
0301010100000004050303010410141c
0d16191d23231f23303d403836363130
302b3136312d30323335342f32393f3e
352618131d2525262e312f30302b2725
26292e282c200d050202020101010102
05080b0d1117191a1816130e09050505
35322f2d2d2f3235342d272b2f313a3b
32363a3b3d3f403f3d3b393c3a37373a
3d3d3c36303036393937343c3f414242
434952544542464c4a403c40423e3938
404c565b5a4c4742372a2019120e1816
1314141618181616191d1f1d1b1b1b24
343f464d54534f4c4a4b48415c564a52
4f433a3536424648434658412c38484b
5261624a45474041434b50493c424b47
4548534c424855554e4b5b65513a3c43
5c5459444850504c4e514c46392e4162
5c585459494a544a414a4b4e445a585a
5e63636366686662605a5b635f56554f
4b50534c4349575b5357566368676561
5d585a6267686d6a5b5e67706f676c85
8b6c5e6b5f4638384045484d5451424c
5b61546653485053505a61575a434145
3f3731353937363634302d323934312d
2a2826231f1d1f1f1e1d1c1b1a191919
18191b1f23282c2f3b40414449535b5c
66717f8d97a1a9afb0b2b7bcc0c4cad1
d6dcdbdcdddfe3ebf5fbfbf9f7f3ede4
dcd6cdc8c2bbb5b2ada7a09990847b75
7270706f6d6d70787e8182848888888a
8c89817a76706c665f574f47413c3733
313032393d39322f313432313434290e
030101010000000303010102050d0d0d
0a171b191a1a1b25343b3a313234302f
2d29313a373131302f332f2d333c403b
31241a18232d2d2a2828272628292c30
30303229241a09050306050302020100
0205070a0f111212121213110c070a0a
343231313233353635312a2c2e313a3a
3436373738393b3d3d3d393c3b383839
3939383531363e3e3a36333c3e404242
44494f4f41424646423c3c4145443f3d
444d525450403c383128231f17101816
14161516191816171a1e1f1d1918181c
29333840494c4c4e4c444443534a4550
4b4343423f413c3f3e42513a2837474a
505f5d494c4e3e383a47545248494e4b
484c524f484952514e4c575f503d434b
5d5457444f534e49494a4945413e495e
5e5654584d4e554f4b4e484d48575c5d
5f605f5e6162605d5b55565c5a575a58
524d4b4849525a554e52515e62605e5d
5c595d6568686c67595e696f6d6a7082
8570626f645046474c504d494d4a3e47
4e5147574a454e51515a5d53554a5254
473830353836353433302f333733302d
2a292724211f201f1f1e1d1c1b1a1a1a
1a1a1d21272c3036414142464c575f60
6c7786959fa6acafb3b8bdc2c7cacfd6
dadfe0e2e2e2e4ebf4fbfbf9f6f2ece4
dcd5cdc8c2bbb5b2aea79f988e837a74
7171706e6c6b6f767c7f808186868689
8b88807a766f6b655f585048423c3733
313032393d38322e313433313433280e
030101010000000202010101040b0a09
07141816171718212f34332c30322e2d
2b2a323936302f2e2f342e31373b3a36
2f241b19232c2d2b2625252628292c30
2f2f31291e180a050304040202020101
020406090e0f1111111212110c080909
323235383b3b39373636302f2d313b3a
373634312f2f33393f41383d3c393a37
3330313234404b483c33313b3d3f4244
464a4a453c44463c34363d444a4d4a46
4b4f4c473e2c282726262a2a20141818
171b18161a18171a1d21211d1612130c
161d202a363f47524f373e4644363c4b
4442535a4e402c30353a442f22354647
4e5a5547575a3c292d3f5c615c565452
4c525056534c4d484f4d50564e44505a
5e5455455a594b45413e42454e5a5657
61535557545658585b55454b4f516362
605c585758585656524d4e50535a6268
5d493d4253635f4b4549485658545358
5a59626a6a696c64545e6c6e6b6f797d
7c776a776f63606163635642413f383e
3735323d3d42494d5359564d4b56706e
553c3034383634333231323435322f2d
2b2a292725232121201f1e1d1c1b1c1d
1d1e21262e3439434a44444a525e6668
768292a3adb1b0afb9c3c8ced2d5d9dd
e2e5eaecebe7e7ecf4fafaf8f5f1ebe3
dbd5cec9c3bbb6b3afa79f968c807873
7171706e6b696b73797b7c7d83838488
8b87807b776d69645f58514a443f3935
313032383c37312e323533323433260d
03010101000100010100000204080401
020f13121312121b272827242c2f2b2b
282d3538352e2b2b2e352c373e3a312f
2c251d1c232a2e2d231f232728282c30
2f2d2f2714140b050403010102020201
010204080d0d0e0f0f1011110d080808
3a35313032343534302a2c312e303431
3132343638393b3d3e3f3b3e3c393a38
353436383a414742393636403e3e4345
4442403b373e403b393d43464847423d
414545463f312f33363a3e3e34251c1c
1a1d18161a18161617191a1815141616
1818171f2b343e4a46384950493c424c
4b464b4e4a483f3e4041473d3c4d5756
5a5c4f4a5958433533414f524a413e3e
434b4d58574d4e4c59544e50504b4f56
514c4d4d50483f4547424246525b545c
655d5451505052585b4e47555c515956
514e4e525a5e5a524f5155555b63675d
4f433e47565e5342474b4a545654555a
5d5c64656163666259606c6e6b6e7575
787c67797773726d6968615755565358
453d3b383c474e515556545659596565
61594734303537363433343432302e2d
2b2a2a28262423232221201e1e1d1e1f
1f2023282f363b494e494f5a626e797b
858d98a5afb5b9bcc3cad0d5d9dcdfe3
e7eaeff1efebeaeff5fafaf8f4f0eae2
dbd5cec9c2bbb6b3afa79f978d817874
7271706e6b68696f757676777b7a7c81
84807975736966625d57514a453f3a36
323031373b36302f333533323432250c
03010101010100010101010205090704
03090a0b0e0d0d162323232129282225
242f3634312d292c3339333a3e39302e
2d29242324272f31241f252827242628
2726292415170c050302010102020201
010103070c0c0e0e0e0e100f0b070707
40382f2a2b2f32332b2129332f2f302a
2c30353a3f4141403e3e3e3f3b393b39
36373a3c3e43453e37383a44403e4346
433d383334393b3a3c43474746433d37
393e40464134343b43494e4d4333201f
1c1f19161b181614131415151415191d
1a151017232b38453f3951584c40474d
504a4646484e4e4949464a48505f6461
635d4c4d5b57483e384245463d332e30
3c474b595b4e4f50615a4c4d52504f53
48464753493b37454c454146565c5360
6866544e4e4c4f595b49485d6652524d
4744464f5c635d4f4e555a58616b6a55
453f3f4b5a5b4a3c494d4b535454575c
5e5d65625b5e63605c606c6e6b6e726f
7580667b7e7f7f766e6b6a666467686c
504342343c4b52555754525d635b5d5f
696f58342a353939363436342f302e2d
2b2b2b29272624242322211f1f1e2021
2021242931383d4d514d58666e7a878b
90959ca6afb9c0c6cbcfd5dbdfe1e4e8
ebeff3f5f3efeef1f7fafaf7f3efe9e1
dad4cec9c2bbb6b3b0a89f988d817974
7271706f6b68686d727372727474757b
7f7c7470706764605c56514a45403b37
333031373a35302f333633323431240b
040201010202010102030203060a0a07
030604060b0a09121f1f201f26221d21
213237322f2b292e373d383d3f39302e
2f2c2a2925252f34261f262927222123
2121252216190e050302010203020202
010102060b0c0d0e0d0d0e0e0b070707
2c2a282b2f2e28201c202d352a252624
3134373c3d3b39383a3d3b3e3c3e4240
3d3f4242454948413d3e3d4239363d42
3f3c3e42503e353b454a4a4c4843403c
404341433d3738414a4d4d4c4b46413a
2e271d192222211d1817181917171a1b
1716161f25201e252b40574c4b51595a
5754504d4b4b554e53524b54605f554e
4c525d5e5d525b5f4640403e352d2a2c
3342473b4a4b524d585450504b46444a
645d5a5d57575c605e5c5e5d59525159
5d514440454c4c4a4b4a5e5d5853514e
4a47495059595455525a5c565f64584d
47413f495758505156595358595b5d5d
5c5c5d534d58656b7169645e58585b60
6054596e6d6a6559575f5f5556595b65
5653564c423f434c524d4d5e5e63665a
5b675b3d25232f35323033353231302e
2c2b2a28262426252423232120202020
202023272f363b4f555769787a819197
959ba2a9b0b7bec4ccd3d9e0e4e6e9ed
f0f2f2f2f1f1f2f5f7f9f9f6f3eee8e1
d9d3cec9c2bbb6b4b0a79f9c91847a75
73716f6e6c6665686c6c6a696866686f
737068656664615d59544f4945413c37
3330313639342f2f343634323431240b
04010201020301000101010103070c0c
110a0302070706101b1417191f1c1a23
2a302b252729282e3638392f2d33332f
2d2f353628232e35231a232726222529
27262927232212060403010203020202
010001040a08090b0c0d0f0f0d0b0b0b
2726272c302e261b18202e3529232323
3336383c3d3a3636393d3b3e3c3f4543
3f424444474b49423f403d4238343b41
3e3c40465740333b484c4b4e4942413d
424542433b3839434c4e4d4c4d4c4b42
332a1e1b242524201a18191a18181a1b
17161721261d171d264259494b565e5e
5956524f4d4b575056554c57655f5149
464f63635e5161694a403f3c332c292b
31414632464b544c565251514a444147
6d645f605b5e6668646367635a505057
5a4c403c434c4b46474a645d5453514f
4b494a5158565256545c5d565e62534b
47413f48565752575a5d565a5b5d5f5e
5c5c5b4f4956666f786c635a5352555b
5a49566a68655e51505c5c5152555763
58585c53443c3f4a504b4c5e5d666958
58655c3f241e2d34322f33353232302e
2c2b2a28262426262524232121202121
202022272f363b5056596d7d7d83949a
979da4aab0b6bdc4cdd4dbe1e6e8ebee
f1f3f2f1f0f1f4f6f7f8f9f6f2eee8e0
d9d3cec9c2bbb6b4b0a89f9d92847b75
73716e6d6c6665676b6a68676563656c
706d66626463605c58544f4945413c37
3331313639332f2f343734323431240b
04010201030301000001000102070d0e
150c02010707050f1b1114171e1a1924
2c2f27212528282e36373a2b2831342f
2d30383a2a232d35231922272522262b
29272b29272513060403020303020202
020001040a07080a0c0d0f100e0c0c0c
282d30302d28231e222c2725282f3539
3c36373d3d37302e333c44333343483f
3a434b4c4b4746413d433f414244423d
3c454c4733414751534c4c4f4a444240
404750524d4847444141474d4d4c534d
443c3a3931272324231f1a181a1a1715
171a1c1f21201c181b24282c3e545f5c
655e4f49494b4c49424b555b5a5f696f
7279755b5e5e423c4547424b483a3744
4b453f37453f4b4c4d44424a545b5f57
5058605c5d59595d5e56494041505a6d
5c3f353f52514d545b5a515546435156
55565b5e5b575651555c58525a605d5f
5c524d51544e4b5654585e5b56585f5f
5c5f5759605852535554554f45464d4e
484b4b3e3a3f43474d54565961554e47
5266473b4a493e455b635854555c5e64
5f524b4a4034302d373d3535352d3031
2c282828292a2a292725252525252524
2525272a2e353a4d5153555f7288989c
979fa5aab2b9c1cad2d9dde0e3e9eef2
f3f7f4f4f6f7f6f5f7f8f6f4f1eee8df
d6cfcecac4beb9b4ada6a09d90877f77
717273726d686666666867625f5f6063
6663584e4d595a57504b4947433d3835
333230363935323132353432342e1a07
05010000000000000000000000010000
0605030101020305090e121416130c12
261a11161b20282e3039433235322d33
3a3834353423242b2417232722212b31
2821221c261b0c050302000101020202
0101000101050b0d0a07060402051616
292d2f2f2c272421242c2a292c313538
3b36373b3b363130353c413536434841
3d434949484545413d443f404041413f
3f46494233424750524b4a4c48434241
444a5254504947444243474a494a514c
453e3d3c3328201f201e1c1c1d1b1616
171a1c1f1f1e1a181b212527374d5857
5d574c49494b4e4e4a4e585d5c60676d
70746f5a5f5e45444d4d484d483b3a43
443f403b47434d4f4f47464e54575852
4e575e5c5955575d5d54494344555662
57413a404f51505658524e554b465459
59595d5e5954534f535a57535c615e5f
5d544e50544f4c5655595d5b575a6060
5e60585a5f5753545555565148484d4d
484a483f3c3f43485058595d6452453c
4a60463d4c4d42485b605655555b5d63
60555150463a332b32383334342d3031
2c292928292a2a292725252525262525
2627282b30363b4d515558617287979c
979fa4a9b2b9c1cad2d9dde0e3e8eef2
f3f7f4f4f6f7f6f5f6f7f6f4f1ede7df
d6cfcecac4beb9b4ada6a09c90878078
737374736e696767676867615f606062
6562574d4c5556534c474644413b3735
333130363935323132353432342e1a07
05010000000000000000000000010000
0504030101020304070c111214120d13
251b13171a1e272f323b403234312e34
393633343224262b251b262620212b31
2821221d251b0d050302010101020201
0101000101040b0e0b07050303071414
302e2b292625272b2d2d33393d393233
39363534343335373c3f343e4342464c
4c443e3e3c3c42413e45423e37363e47
4b473a2f3545484d4e4945413f3f4248
51575b5b5a514742474c48403d414848
484849463b2e160c111822292a21141a
17181d1e191516191a1a17151d2f3e46
3f3c42484a4d5764695a636763616264
66625857615c4f636e656058473f4642
2b28464b5153545b5752565a54473d3b
45535a5a4946525b564b494d526a4539
414a4b4645525d5a4c35455761515f66
6766645e5046464b4c51555962676361
605a524f515150565a5a5c5c5b616767
64655e5c5b56575a58575a5a54504f4c
47483d454842414f5f65666d6e492013
2b474345555a5454585551575559595f
626468645b4f3d231c2329302e30312e
2c2d2c29292b2a292726252526262829
2a2b2d30343a3f4c525a636b7685949b
989ea2a7b0b8c0c8d3dadde0e2e7edf1
f2f6f4f5f6f7f5f2f3f4f3f1eeeae5dd
d5cfccc8c2bdb8b4aea8a2978e89857e
79787776726e6d6d6b6a655f60616060
615d534b484445423e3b3b3a38363432
302f30353935323132353432332e1907
05010000000000000000000000000000
000103040504030203060b0c0d101117
221f1b1b181722343c433331312e3036
3430302f2d282f29292630221b202d32
282023201f1d10070304030302010201
0101000101010a110c05010206100c0c
2c2824211f1e22282d31333738312a2c
343634333234373b3e403b3e40414346
464342433f3c3f3d3a3f3d3b36363e43
44423d393f4b4846484747434345474c
52545250504a423f474c494240444648
494b4d4b4136241b1a1c21282a241b1a
18191c1c19161719191a1b1b1f2a343b
3233425056575b62635d656663626366
6867605f6254485d6a656864554b4b45
353247505254525a524f5358554a4145
525a5754504f585c52464850525d4543
4744403d424e54504942535e5f585e61
605d5c58504a4b4c4c51565a61635e5d
5f5a514e505353555a585b5c5d626766
62605d5f5f5b5b5b57555656514d4c4b
4a49333d4340414e5b5e626e6b4b2216
293838435358565758535258565b5b5f
5f60625a5149381e1318232c2b2f2f2d
2c2d2c29282b2a29272625252626292b
2c2d2f31363b404b5058646e77839199
969ca0a6afb7bec6d1d9dddfe1e5ebf0
f1f5f4f4f6f6f3f0f0f1f1efece8e3dc
d4ceccc7c1bcb7b2aca6a0988e88847d
79777675726f70706f6e69626262605f
5f5a50474440413d393637363533312f
2e2e2e343835323132353432332d1807
05010000000000000000000000000000
000102050505040202040809090e1116
1e18161a1b1c28383a3b3233302b2f35
322f32332c292f25282a30231c1f2a2f
27212523202115090403020201010101
010100010101070a08040202050c0909
2720191614161c242e36353531251d23
2f35333030343b404240463f3d403f3c
3d42494b433c3d393438353835373d3e
3b3b41474d53473e3f454a474a4e4e52
55504640423f3b3c464d4a4545494447
4a4f53524b413830282220252a2a251c
1b1c1c1b18171819181c21232222262b
1f27435c6866625f5b62686563646668
6c6d6c6b63493e5565657375695b514b
43414a5853574e584c4a5057574d4752
6563534b595c615e4c3f4754534b4652
4f3d30303e494741445667695c625c5b
575250504f51534e4d50585d605e5658
5d5a514c505757535a56585c5f636564
5e595d636663625d545352504d49474b
4f4c26333e3f424d56555d6e684d251b
2624284150565a5b5852535b575e5f5e
5959594c4341321705091a28272f2e2b
2c2f2d29272b2a292726252627272a2d
2e303134373d414a4d5765717a828e95
94999da4aeb6bcc2d0d9dcdddfe3eaef
f1f5f4f4f5f5f1edecedeeece9e5e0d9
d2cdcbc7c1bab5afa9a29e998e88837d
787675757372747675736e676464625f
5d564b423f3b3b3733303131302f2e2d
2c2c2d343835323032363532322c1707
05010000000000000000000000000000
000002050706050201020405040b1216
190f0f1a20232f3c383130362f272d33
2f2e36382c2a2f20282f31251e1e262b
2523282823261c0c0503010101010101
01010001010001020202030304060404
1c19191e222429303636322f2e27232c
3838353435383e42403d40393a403f39
384047443e3a3c3b3b3e3a3c3f434743
3c3c444d5455494043494a46484b4b4c
4a443d3c403d3e4145464647494a4646
4546494a4844413d3429212022282a20
24231e1b1c1d19171d2022221f1f2225
1f24374e5d6262605d63655f5e626568
6a6b6a67604c45535d66727472695951
575647574f504f5b5554595955514b52
615a4b4756585850443f49555242464f
443a3e4752575145485d655c4c5f5757
575756544f4b4c5254565d5f5a575053
58564f4d545c5a525755585f64676867
645f646a6a625b524a4e4e4d4e4b484a
494039363b4246484b4d555944352120
2c2229434a4a4c5157595c5e555a5954
4949504d4b4e452c12090f1a1d282b2a
2b2d2c28272a2a292726262627282a2d
2e2f3133373c40484a51606e7a838a90
91969ba3afb6bbc0cdd7dadcdde0e7ed
eff4f3f2f2f0edeae8e9ebe8e5e1ddd6
cfcbc8c4bdb7b1aba59e9993877e7975
73767877737275787878757069676563
60594d44413f3d38332f2e2d2c2b2a29
292a2b333734313032363532322b1607
05010000000000000000000000000000
00000102030405040301020303080e11
120e111c22232c38352e2c302c282f35
35363b382c272b21292c2a2a221d2126
2524272521251d0e0703020202010101
0100000101010101010304030405090a
16151a242b2e31373c37302c2c292731
3e3a3636373b40423f3b3c3539413f37
354046413c393b3c40423d3f444b4d46
3e3d465058574a42464b4b46474a4948
433c383a403c4145444243484b4a4845
42414345464547453b2e221c1e262e24
29281f1b1f211a17202223211d1d1f22
20233145576162605e64645b5b616568
6a6a68655e4f49515867717378725d54
636345574d4d4f5d5b5a5f5b54544d53
5e544645545652483f404b55523c464e
3e3946545e6057484a626354425d5455
585a5a574f474856585a616058534c51
56534f4e565f5c525654586167696969
6762686e6d62564c454b4b4c4f4d494a
463945383a4448464548514d2f261e24
302029444743444b565d61605358564d
3f3f4b4e4f5651381a0909121724292a
2b2c2b2827292a292726262728292b2c
2e303133363b3f47484e5c6d7a83898d
8f9599a2afb7bbc0ccd6d9dbdcdfe5eb
eef4f2f1f0edeae7e6e6e8e6e3dfdbd4
cecac7c2bcb5afa9a29b969082797470
71767a787473777a7a7b7a766c696866
635b4e4543413e39342f2d2b29292827
27282a323734313032373633322a1507
05010000000000000000000000000000
00000001020304050501010203060b0e
0e0d121d23242b36332c292e2b283037
393c3e392d2629212a2a262d261d1e23
2525272420251e100804020303010101
01000001010101010103050404050c0d
191b243034302a2a2c2b292c34383637
3c38393c3d3d3e3f3f3b344040363339
40403b37393b3c4048473d4042424347
4a4944414c4943444d514e4b49484843
3b373a41474548484340414546474b47
413e3e3f4142434548473e30241e1d34
322a2220221f171520201d17171c1f1f
201c192132414c58645e625b5c626466
66636465625957565666645c66757267
6f7766695c4c53585c5958524f564f4e
544b474a484e4b43454b4a46484a504e
414759564741464f5a6067565359615b
534d4b4c4e4d4f565d5d625d54555654
5456595c5e605d5858585b6064636367
6761636565594d4b5054504f524f4a4e
4f424c3d3e48483f3f4a584c1f161216
292732393a37343847585e574e504c43
322c353c51696a5b3c1d0a050a19262d
2c2a2a29292929292727272828292a2c
2e2f313235393c444a505a6977818484
868a8d94a2acb2b9c6d0d5d8d8dbe1e7
eaefeeece8e5e4e2e1e1e2e0dddad5ce
c8c3bebab5b0aaa59e96908a7b6f6966
676d7273706f7275767a7e7d6e6a6764
60584c4543413e38332d272423232423
2425282f35332f2f3237373331281207
05010000000000000000000000000000
01000000010204060601010305040405
060d12171a171b262a292b2c3136373b
3f3d342d2c2427282e25252a221a1b21
25241f1c22221d160e06020404010101
0100000101010304030304050b182525
1b1e2732363028262929282c363b3939
3c383a3e3e3d3d3f3e3b33424034303a
42403936393c3c4049483d3f41404146
4b4b443e494642454e524f4c49484742
3a363a43484749484440414446474c47
413d3d3e404242454b4c4435261d1b38
332b2322221f161420201b15161c1f1e
201b141a2a3a4655645d625c5d636566
65626365645b5957566562586276766b
717a6d6d5f4c53565b57554f4e57514f
5249474a454c4942464d4a42454d524e
424a5c57433b43515d5f66555658625b
514b484a4d4f50555e5d615c53565855
54575b5f60605e5959595b6063626266
6760626363584c4b5255504f524f4a4f
51464c3e3f49473d3d4b5a4c1d130f12
272832363734313544575d564e4f4b42
32293139516c6f6142210a020717262d
2c29292a2929292927272728292a2b2c
2e2f303235393c444a515a6876808382
84888a919ea9b0b7c5cfd4d6d7dae0e6
e9ededeae7e4e2e1e0e0e0dedbd8d4cd
c6c1bcb8b3aea9a39c948e88796d6763
656b70716f6e707374797e7e6e6a6864
5f574c4443413e38322c262321222322
2324282f35322e2f3238373331271207
05010000000000000000000000000000
01000000010104060602010306040203
040d11151714172328292c2c3339393b
403d322b2c2326292e24252921191a20
25241e1b22221d170f07020404010101
0100000101020405030305070e1c2a2a
3d3734312b242021272d2d2f33363638
3a373a3d3b393a3e403e3f3c342d2e34
3a3b3e42403e37353f3d37353a3b383a
41464746433f41464f534e4e4d4b4a44
3a393d42424b423d4247464242454344
46494948494b4d51575c5c54483f3b45
301f2126231d1c1c171a1a191f241e14
1414141a23282932435767666b706f6f
6a63636760514f54535b686d6f716e65
5f636d76684e4c404039343d51616368
68595046474f4d494c4c3e34394a4a4a
434850505151545b605d524249534946
46484a4b4c4948515a53514d49545b58
575f696c645e5d5e585857585b5c5f67
6450565f6660524e58544d4b4a454552
63633e3f423d33313e54635936251303
070d0d1b304145464d585b5763666364
5a4a474b58625b4c31190701040d202c
2b27282b2b2a2928282728292a2c2c2d
2f31323335393b414d575d636c75797b
7f807f818c97a2aeb9c1c9cdcfd1d7dc
e0e3e4e2dfdddcdbdad8d5d4d3d0cbc3
bab4b3b1aca7a19a90857d7e6f65615d
5b5c5b5a5a5a5c60646f797d77746f68
5f53463e3e403c37332e27221f202120
2122252d33312e2f323837332f251007
05010000000000000000000000000000
0000000001020203040403070a020202
020303090f1116242a2a3b353b403835
3a362a2a3328232329242d2519131216
1d201d1f28221c1a1408030302000001
0000010102020303040a1620262a3131
3a34302c282423262b3030313336383a
3d38393b39373a3e3f3c3b3631313335
383a3e403d3c36353e3e3a373c3e3c3c
40434546434144474e504a4848484742
3b3a3f434249413d4247454141444243
474a4b494a4c4e51555a5b564e484647
301f1f24221e1e1e181919191e221d14
1415161b2327272e3c526261666c6e6e
685e5c615d504f56555c62686b6a6762
60636a746b56534847423e44525e5f66
66585146494e4d4c4f4d423c414c4a4b
494f5451505254585c5d4e4147514947
494b4b4a4a4747515a504d4b47525855
555d676a635c5c5c565857595d5f6269
66545a626761524c53514b4b4a45444f
5e5e4242423c33344357655e412e1c0c
0a0d0e1a2e4046474c5456535b5f5b5c
574a494f5a625e533c261204030b1d29
2926282a2a292928282728292a2c2c2d
2f31323335393b404b545a5f67707579
7f807f818b95a0abb4bbc3c9cacdd2d8
dbdfe1e0dedcdbdad8d5d2d1d0cdc8c0
b7b0aeaca8a39e968c80787769605e5b
5a5a5856545356595e6973787574706a
6256473f3e403c383530282320202020
2122252d33302d2e333837332f251007
05010000000000000000000000000000
0000000001010203030303080a020202
020203080e0f16262c2b3835393d3735
39362c2c332a242127242b2419121115
1d211e2026211b19140a040302000001
0000010102020405060f1c2627272d2d
302b242120242c353a39393734363d42
453a363533343a3f3c3530262b3c4137
31373e3c373734343d41453d444a4742
3d3b404845474d4a4b493d373b3f3d3c
3d40444543453e3c4247433e3f423f42
494f504e4e5153525153575c5f63694b
33201a1d202124241b1916181d1e1b15
12171d21242522212944555257646a6b
61504850544d515b5b5f50595e55525c
63626371736f6a5f5b5b5b575555545e
60555346504c4d5456524f5458514c50
58625f535056554d515d453e404d494a
50534f494542435257464245444c4e4e
515862665f5958555256575a61676b71
6e5e676b6c6552444447484a4a454247
4f50504a4339343d50626b6d63493828
13101015283d484a49474749454b4347
4e4b4e59616366675f50350c01051420
23242628272729282827282a2b2c2c2d
2f32333435383a3e454c51545a626b74
7f818080878f98a2a5aab4bbbec0c5ca
cdd4d9dbdadadad8d4cec9c9c9c7c1b8
ada5a09e9b98938b8073696156535555
5554514a424244474b56626771767672
6b5d4d413f413d3b3a352d262322201f
2021242c322f2c2e333938332f230e07
05010000000000000000000000000000
0000010102010101010104090a030204
020302050a0b172e342d2e3332343333
37383230342f271a2226282217100e12
1c232124201d1817160f070402000000
00010101020407090f1f31362b1f2222
2c2a272524282e353736373735373b3b
3835343230343c3f392f2c2d353c3c36
34383c3934393a393d3e444546433f3f
3e3c3d434446494040413a363d413e3d
3f4242413f3d3c3f41423f3e41454749
4e52514d4e51565756585b5b59595c4c
3c2719171c2225231f1b191d211e1a17
13171d1f2327251f202f3d3840536267
5c4f4f5256525459585e505357565a65
69625c6169726a615a5b5d5a554e4955
5952574e4b3f404b4c464851544f5159
5c605c525459585353554748514a4b4b
51534d4747494a5358444148484d4a4a
4c515a5e5b58554f545a5a5c63676768
69656a68645f534a4a4c4b4a48423f42
4746463d3a3d434d595f646a674e4944
1f131423323f46494744464e4d554c4b
504948505b6062635d533f1607040f1a
1f222425242529282827282a2b2c2c2c
2e3032333436383c3e42474c525c6670
797d7e7e838990989ba1acb3b6b9bdc3
c5cfd5d9dadadad7d2cbc5c6c5c4beb4
a8a0969191908d877d71675a504d5051
51504c463f3e3e40424a5559636a6e70
6c604f423f413e3c3b362d262321201f
2021232c312f2c2d333938332f230e07
05010000000000000000000000000000
00000101010101010101030909030607
030201040708142a2c1f25302f313534
3434302c2f302d1b24272120170f0e14
21272121211e19161610080301000000
0001010103040e191e242b2b241d1f1f
27292a292a2d32353532353736383932
2830322f2e343e4036282736403e3736
383b3b36323b41403d3a434e483c363b
403d3a3e44464435333937363f443e3d
4245413c3b343b42413c3b3f44495151
5355514d4d535a5d5d5f5f5a524d4c4e
4530181019252622231e1c23251f1a19
14181d1d222a2a1e1617221a25415862
564e585558585757555d4f4b5058646f
7063544e5e766b64595c605e56473d4a
514e5d58473031414139404f4f4d5864
615e5852595d5b5a574c4a5465474c4d
52524a454a5153545843414b4c4e4746
4749505656565247575d5d5e6567635f
646d6e655b59555152514f4b453f3b3c
3e3b3a2e31415561635d5c676b555e64
2d1719333f4244474640455455625651
52474046545e5e5f5b584a220e030a14
1b202221212329282828292a2b2d2b2b
2d3031323335373b38373c424a54616b
72787b7c8082868d9097a2abaeb0b5ba
bdcad0d7d9dad9d6d0c8c1c2c2c1bab0
a49b898485878782796e655248464a4c
4d4b47423c393938373d4548535d666d
6d6351433f423f3d3d382e262222201f
2020232b312e2b2d333938332f230d07
05010000000000000000000000000000
00000101010101010101030a08040a0c
0400010304041026230f1a2d2b2d3636
31302e282932341c27291a1e160f0f18
272d211e22201a161612090201010000
010102020405172c312b24201d1b1c1c
262d3333313233333435353332333231
32303134363b403f39353b37383a3a3b
3b3835373940413d4044483f37373c3f
3f403f3a4241413c383a3b3b3b3c3c3b
3c403e3a3e3d40474a4a48464851534d
515653535555595c5b58575857555054
584d3a2d2825201e20221e2529221d19
181b1d1d2024221b161217161a2a3c49
535a5e5d61615d5b58564d4b57606468
5f4d56555d6e605857544f5459515257
535057533c2b333d3c3c475054565858
565551525c615a504b454651574c4c51
52525554515252454744484a47454140
484b464954554f4b51575954575e6667
666a695e5656595f5e5d5d5b52443e45
4e4b514747575e5c5d5e5e6269635648
22142b3f3f3d434d5251525752524942
3c404e515761605e5c5a4c280f050608
0b11191f23242325272828282a2c2c2c
2d2e2f303031323637393c4047515c66
70747576787b8187888d969fa5a9aeb1
b2c0c7cfd1d2d1cdc7c1bdbcbebeb7ad
a19585807d77716c675c51423e3f4144
464645403a37343231353a3d434c5763
6c6a5e4e433f3e3c3b39352e2824201e
2022252c312f2b2e343939362f1f0c06
03010000010100000000000000000000
01010101010101010101020303060d10
0e05010102040b14140e1c2522293837
2c2a30312f2e2c222123221c14111216
2028251e1b19130e0d0d090301010101
04020204071f282a29231b181b1a1818
252f3838353433333336353230312f31
373031363a3f413f3b3b453834383b3d
3c3633373d42403c41494b392e344042
3f414139413e40403b3b3e3d38383c3a
3a3e3d3a4042434a4e504f494a56544b
505754565956595c5a5654575a595257
615c4a3b30251d1c1f241f262c241f19
1a1d1d1d1f211e1a16101114151f2e3d
516061616566605d5a534d4c5b646466
584257585d6a5c525651474f5b575c5e
545155513829333c3a3e4a51565b5853
51504e525e63594b4641444f504f4c52
52535a5c5452523e3f454c4a45413e3c
494c404353544d4d4f53564e505a676b
6768675a54555b666463646258474049
56525c52526162595a5f5e5f686a533a
1d1334453f3a435158595858514a433b
313d55575963615f5d5b4d2b10060403
040a151f2424202327282727292b2d2d
2d2d2e2f2f303034373a3d4046505a64
6f71737475787f8585889199a0a6aaac
adbbc3cbcecfcdc9c3bebababcbdb6ad
a093837e796f66625f54473b3a3b3d40
424444403936312f2e3135383c434f5f
6c6e6453453e3e3c3a3a39332b25201d
1f24272c312f2b2e353939372f1d0b06
03010000010100000000000000000000
01010101010101010101010001070e12
140801010104080c0d0d1d221e273937
29273135322c29251f20261b13131316
1c26271d18150f0b090a090401010102
06020205092c3129252017151a1a1717
393a38322f313334312f353634353330
2f353b3c3b3b3a3530302f29282c3235
34313742484e4a423e3d3a3733343635
363d40393c3b3d3a3231353836373c3f
434a4b4b535d5652525759524c504e4a
4f555454565856565959565253596156
5f6261605a4b3928171e1c20282c2919
1c1d1916181b1a161217191b18181e25
3446515a6368655e595553575f564339
363d5d5f5d6354505c5f5a5b5c585c5b
4f4c504e4b42484a44444a4b4e4e5550
474b55554f55554a4845485357575752
4a484e4f49474a46484f53504946454b
4e484956605d574f485059585d606161
5d5b5a555b6060656462625f564b4955
60615752515b5d5b5d5c5d6266675648
3316183a42444a50505152535b4a3934
32425d6661636c6b615a532f08020405
04060f1a212423242627282928282b2d
2d2d2e2f2f30303235383a3d424a535b
63696f7476797e828284888c90959da7
adaeb8c3c8c8c5bfb9b5b3b4b9bab3a8
9b8e7e7974685a50483f38363535383b
3e40403c35322f2b292a2c2e2d303844
525c5e5b554d463b34343635302b2521
2022252b31312c2e343939362e1c0b05
03010000010100000000000000000000
0101010101010101010101000001020c
190c0201010102020406101312182628
242a3330272c2e2120231d1b14101116
1e272820100f0e0e100f0a0403050301
0102071927302b211e1b161417161616
3c3b37312f313334312e353734353430
2e363b3c3b3a39342f302c28272c3234
33323844494d49403c3b373633333432
353d40393c3b3d3a3231363938393e41
464c4d4e565f5852515557524d514d4b
50565554565956565859565152596256
5e6162646052402e1b1e1c21292c2a1b
1c1d1915161a19151217191d19181c21
2e3f4b556066665e595655595e534137
36405e5e5c6254515d605b5b5c595c5c
504c504d4e464c4d47464a4a4c4c5550
464a56564d52544b49484a5558585852
49474d4e484549484a4f534f4947474e
4f494c59605d595049515a595f605f5f
5c5a59555b6160646361605d554c4b57
61625653525b5d5c5e5c5c626566564c
3a1b173840434a4f4f4f51525b4a3935
35445e6761636c6c6159543209030505
04060e18202324242627292a29282b2d
2d2d2e2f2f30303234373a3c41485158
60666d7275787d81808286898c929aa5
acabb5c0c5c5c2bcb6b2b1b2b6b8b1a6
9a8d7d777265574c443c36343434363a
3d3e3e3b34322e2a29282a2c2b2d333e
4b565a59554f473c34333635302c2722
2122252b31312c2e343939362d1c0a06
03010000010100000000000000000000
0101010101010101010101000000000c
1a0d02010100010103050d1110152225
2229332e262b2d2120231c1b14101117
1e26261f0f0f0e0f110f0a0403050301
0103091c2b302a201d1a161417151616
3835312f313435332e2e373630313735
32353735333334343537313433363c3b
37384047423a2f25272f312f312f2a29
303a3e3c3d3e44474445484a4b4c4f51
55565250564d49443d3839404f5b4d51
5862635b55585e5c5655575653545959
5651545d64635e58482c243834212127
221c1917161614100f10161f21201c16
171c233346596761595b6563574f535e
6668624e53635f5c5f574b55625c5e61
5e5c5a524f50585b5856524a4a485450
464e5c5a4d4c50505556585d5b595b52
4c4f53534f4c4d4e4c49464242495359
5656616151505f58595f60595c595459
60625f565255595c58505152504f5356
585b585b5a5c5f62635d585d60635b5e
63483428283341484b4f524e4c46424b
53595f5e5d61656459545a461d0c0907
0301050f181f262526292d302e2b2b2c
2d2d2e2e2f2f2f2f313437393c41464a
4c525a61666a717576787b7e81858c96
9e9fa6adafb0b0afada9a5a5a7a8a198
8d81756d63574a403936342c2b2c2e32
35373634312f2b282523222224242224
2a323a40454f4d47403b38322c2d2e29
2524252a32322d2e343839352c1b0a06
03010000010100000000000000000000
0101010101010100000000000100000e
2214060202030201010203070a101518
1b222a2a2222252122241f1c1512161c
1e1c19150c0c0e12130e060101020201
040f18222f342a1d1919161619161515
34322f2f313535322e2e35342e2f3535
33363837343434333335323633353b39
33333a3d3a342b23252d2f3034322d2e
363f434245444749484a4e4f4c494b4d
51514d4b514b45403c3b3f46515b5357
5c65685e56585a575252545451525558
5551535a5f5d5a56482c2a413a201c22
201c1a18151313111312151b1e1f1e19
191c202b384a5c59545a5e5f59555960
6669604e5565635f60574a4f5a595d5e
5652524f4c4f585a5755514a4d4c5450
484e58574d4c4e4f5355555857555851
4e505353504e4d4d4c4b4947474c5458
5558615d4e505d54555c5c545756535a
616060575052585a524c505251525555
5559595d5d5e6063635d585c60655c5c
64503d2c28303d44484d4f4a4947454e
565b5f5e606463625a5356431c0a0705
0302060c1219232325282d2f2e2c2b2c
2c2d2e2e2f2f2f2e313436383a3e4346
474c53595d636b707374777a7e828991
999ba1a6a8a9ababa9a6a3a0a1a19a92
877c6f655a4e423a3533322928292b2f
323333322f2e2a272422212122211f20
242a32373d494a463f3936322e2f2f2a
2725252b32322d2f343839352b1a0905
03010000010100000000000000000000
0101010101010000000100000100000a
1a10050203050402010203060a0f1315
1a21272824212223211f1e1a1513161a
1a1816130c0b0c10110c050101010202
0815191d2931291d1b1c1a191c191a1a
2b2a2a2d323534302d2f322f282a3135
37383a3a383736322e2f353b35333935
2b2a2b292826221d22292b323a393639
434b4d5159534f5053585a5a4e434244
4846424147443c3638434f55585c6164
656d73675958534c4a4a4d4e4d4c4e56
5350515352504f50472e3958471f1317
1c1c1c1a130e10151d181414181e211f
1e1c1818182741484b594d565e626766
686c5d4f596c6c676356484247525b55
443b4147464e58585554504b5355544f
4d4f4e4d4f4c4a4d5152504f4d4c5251
5254535254534f4b4d4f525452545956
555c6055474f5a4b4d5653494d4f505c
625b625b4d4d575443444e5354575853
4f555c6264626365645d575a61695f59
67625534282a333c42484740434a4d54
5d606060686a5f5f5d534d3c1c070201
02050707070c1d1e22282c2f2f2e2c2b
2b2c2d2d2e2e2e2d2f32343637383b3d
3d3f43464b535d666b6d6e72787c8187
8d919496979a9fa2a1a09f9793908b85
7b7162534438312e2b2b2c2221222427
2a2c2c2c2c2a282623211f1e1d1c1916
16191e242b3b42453f3732323333312d
2a27262c32312e30343839352a190906
03010000010100000000000000000000
01010101010101000103000001010002
09080302060b0a03010202040a0d0d10
171d20242a1f1b2820141c1713151817
120f0e0f0d09080b0b06020000000205
11221c121a2b261e2024232023222525
302e2c2d30313130303134322f303233
36353738383837322e2e353933313835
2a282825272a29272c31313a42413f44
4c4f4f52504f4f51524f48413935373d
43433e3d40414244484d51555a5d5b5d
5e697266544f4d4b4d4e4d4d4e505353
52545858534e4c493e333e4c3b261c14
1616191c191415171d1a1512161c1f20
1e1e1d1a141c3235374549585f636767
686c5d5a5d686663645f574e494b4d49
403a39383c4955565554504e575c5853
53524e4c5253535353514f4e50535554
54514d4e52524e4f4d49494c4b4c5152
52555652505755424c59594e5456565e
605458544a4c56534748505454565550
4e575a6063636363605c5a5c636c6155
5e5d53453934373d4347464041484b4e
585f6162655f55585951514a31160a03
02040505050a171a2025292b2c2d2b2a
2b2b2c2c2d2d2d2d2f31333434353738
3a3c3d3e434b57606667676a71777d84
89898b8d90969c9d99999b908987837e
736657483a2f2a272423241d1d1d1f22
2426262627262523211f1d1d1c1b1916
16161a1e232e38403d373330302f2e2c
2b28272e3332303035393a3529180905
03010000010100000000000000000000
01010101010101000103010101010102
0504020104090802010102020608080d
151c1c1e28211c271b0e12111213110e
0c0b0e10090505070704020101010205
0f1c130d1924221f252b272223222323
34312e2d2e2e2f313233353535363332
35323437383938332e2e353831303835
2a282622272e3030353938424948484e
54535255484b50535146362825282e37
3f3f3b39393f4852585754555c5f5456
586671655148474b50524f4c4f545951
52585f5d544c494336394340302d2511
1011171f1e1a1a191d1c1511151b1f20
1f20231c101324242431465a60646867
686c5e64616461606668665a4a44403e
3d3a322933445356545450505b625d57
58554d4c555b5b5a56514e4e545a5757
564f484a51514e534d43404444454b4f
504f4c4f5a60503a4c5d5f545a5d5b60
5f4d4f4d484c54524c4b52565554534e
4e59595f636463615d5b5c5f656e6452
565851554b3e3a3e444745413e474948
525e626562554c515650555746261105
01030403040912161e232628292b2a29
2a2a2b2b2c2c2d2e2f31323232323334
383838373b44505a626260626a737a80
868283858a9399989393978a817e7c77
6c5d4c3d302824201d1b1d1919191b1d
1f212021222221211f1e1c1b1a1a1917
151416191c212e3b3c38332f2d2c2c2b
2b2a292f34323131353a3a3529170806
03010000010100000000000000000000
01010101010101000104020101020201
01000000030706010000030102030409
141a181926221d261708090c10100c07
06080e11060202030402010303010204
0d160b08181e1e202a312b2324222222
38353332312f3034363537373837322f
32393a36312e2d2a282b333430313a3a
33313334373a3b3b4248484a4c49474a
4c4745484144413c372f28252e353334
36373c464a4f4a464a5255544f484847
46505c5a524f50504c494c555d594f53
505256565251534f4246504e46473b28
1c11131d2020201b1b151312181b1a19
18181d1d1a1d221b151b283d4e585b5b
606b6e625c5d5f63686a6660574b4142
494c413432404b4a4747484e595d5d5a
585959595b5b5c5b55504e4c53595758
554d4b50544f494f4d494b52504a4b50
53514e525a574a495a645f4f4d4d4d52
565248474b4d4a49514a4b5152514e4b
4e57595e6464625f5b5c606161666156
57564f514c423b3e464744413942494b
555e5b5755534f4f494249504434210e
04010204080c0f151e232526282a2928
2829292a2a2a2b2e2e2f2f2f2f2e2e2f
32333433363c464e54545359646d7378
7d7e7d7d81888f8f89868579716f6d67
5a493b322d2925201b191b1514141617
191918181919191a1918181719191815
121111131415202f393d3d38302c2c2e
2f2d2c3338363333373b3b3528170806
03010000010100000000000000000000
01010101010100000001020201020404
02020100010202000100010001010205
0b0d0c0e141a19150e0905080d0c0603
03050708020101020201010101010102
060907081f23212127281e1618191818
3937353432303135373738383938312d
313b3d362e2a2827262a32322f323b3c
3735393c3d3f3f3f474f4f4d4d494648
494340433f413b342d272324313a3633
32333c4b51554b42455056544a3f4341
3f485457535155524a464b59635c4b54
5050535351535754474b56544f514431
2012121c2022231c1a1312131a1b1817
15151a1e1e2122170f131d3248535757
5d6a74615a5a5e646a6b66625d4d4244
4e544739313e48454242454e585a5e5b
585b5e5e5e5c5c5b55504e4b52595759
554d4c52554f484d4e4b4f58554c4b51
54524f535b53474f5f66604d4948484c
535446454c4d46465449484f514f4d4b
4e57595e6464635f5a5c62625f636058
57554f504d443b3e4647434237404a4d
575e59515152504e443d454e443a2712
05000105090d0f151e24252627292827
27282829292a2a2e2e2e2e2e2d2d2d2d
303132323439424a4f4e4f56626b7175
7a7d7b7a7d848b8b86817e726b6a6861
5342352f2b2926211a181b1413131415
17161515161616171716161519191815
12100f1012111b2b3840413b322d2d2f
302e2e343a373434373c3c3528170806
03010000010100000000000000000000
01010101010101000000020201020505
03030200000000000100010001010204
0708080a0d16180e0a0903070c0a0502
03040505010101020101010101010002
040405082225222126251a1214161414
3030323636333233322f312f2b2c2a2a
2d31322d292b31384149434242464b4c
4b4c4a47484a4946494b484546444241
3f3b37363a3f3c353330313736353c44
45454a4d4544484d51504946463f3945
5865645f584f4d463b3b495d63523c50
4c4c4d4a494d505763575a6367635e64
4e2e1c1613151f1f221f181214121015
1a1717191a1a1815171b1d1a1c253750
574f5858585e6666625c544b4b585d52
45424c594a473f3026283647524e5453
51585e5e5a575c605c5b595253554c4f
4c4b5156524a484b4c484c5a5c5c615a
5455544f4e4e52696e685d4b46454851
57554c525b55443a4443444b50515054
595c5d6264605e5c56565c5d5654575a
58524b3d433d2f303c3e363640424d51
5356514c4745484c4b454039302a2b25
180b070807050c101820242627272625
252526272728282c2b2a292929282827
282a2c2d2e33383e3e3e444e585d5e63
6a7675716f717576736c625a55535049
3d2f2320201f1d1a17161712110f0f10
10100f0e0f0f0f0f0f0f0f0f11110f0e
0e0e0f10100f10131c2c3c4446424041
3f38353a403e3836393e3e3629170905
03010000010100000000000000000000
01010101010101000001010101010101
01050402010100010101010000000303
0202030504060703050d060407060302
02010100010303010101010101010104
06050814282c251e1e190e090c111919
2f2f313535333132312d312e2a2b2b2b
2d3334312d2f353b424a454344484b4b
4b4c4b48494a4946484946434343413f
3e3b36343a3f3b353331323838363e45
47464b4d4444494d514e474547413e4a
5d67635d574f4c463e414e5e60503e4f
4b4c4d4a484c4f5661585c6468655f66
52321f1813151e1e22221a1214121015
1917171819191615181b1c1719203047
4f475558585e64635e59524a4a575b53
47444d584c493f3026293749524e5352
51575d5c58565b5f5c5b595152534b4e
4b4a51555049494d4e494d5a5b5b615a
5354524d4e52576a6d655c4c48464951
56554d545b55453b4444444a50504f55
5c5d5e62645f5d5b5453595b5553575b
58524a3d443f2e2f3c3f373742424e52
5254514e4a46494d4e494238302c302c
1c0d070806040a0e161e232526262525
252526272728282b2b2a292828272727
27292c2d2e32373d3d3d424c55595a5f
687373706e6f71716f685e5652504c45
3a2d221e1e1d1b1916151512110f0f0f
100f0d0d0f0e0e0e0d0d0e0e10100f0e
0e0f0f100f0f0f101828384245454546
423b363c423f3836393e3e3629170906
03010000010100000000000000000000
01010101010100000001010101020101
01040402010100010101010000000303
0202030403040502050c050306050202
02010101010303010101020201010206
07070b192a2b241d1d190d080c101818
2c2a2c2f302e2b2b2a2a31302b2e3434
32424949484848454243484447494440
4144474a4947433f41423f36383d3d3c
3c3c37313d403934363434383d41464a
4744494c424b4f4c4a4540454e515e68
7369544e52524c4e5b686c62524b4e49
494e504a46494c494957656266685c58
58422e251b161a16192c211618171417
16141815151410151a181a1619150f18
2026505d5c5b574c464b51514d4b494d
585b4e424c4e463c3639465356585653
555854505053585a5555534a4a4b4b4e
4b4a50504949525558535258534d5252
4b474545546c6d6360565754544f4d51
5352545a544e4c45474948494b4b4d5a
66656164635854544c474c5252535b61
5c524946544a2e2a3e483f3e48425156
504e4f565c574d5160614c3b3b424f4c
30100306070201040b151e2222212223
242425252626262b2927252525252524
26282a2b2d30373c3b3b3d4347474853
61666b6d6b6764605c57514b48453e38
322a221c1612111213110e11100e0d0d
0d0c0a0b0e0d0c0b0a0a0b0c0f100f10
1011100f0e110e0a0c16253036485a58
50443c4146423a373a403f3729180a06
03010000010101000000000000000000
01010101010101000103010105070301
04020202010000010101010100000303
01030502030101010503010101010101
02010207000202010102050605050a0e
10121f2d31231a171c1c120a0b0e1414
29292b2e2f2e2d2d2d2d34332f34393a
3a3f3f3e3f4447423d3f454241403c3a
3c3e42464443403c3c3e3d393c3e3b39
3b3e3a343d3d363233373c4043454848
4342484841494a4a4d4a464b54555b5c
605c524e504f51575c61615a4e4d5044
474f4e46454b4e4b4954605f62655d59
584d413321181b181b2a1b151a191716
13121413141411141917191618151117
1d223f4c4f58544c4a4d52524e4b474a
545b54485253514943454d5354575151
555552505050535656544e494e4f4952
4f4f4f4b474a525758565554504d504d
49494a4e5a68675f554f5351524e4f54
56565458554f4a45494945494c4c5156
6162605c5f59534f49474c4f5254575d
584f4a49564a2c24343e3e4045454f52
4c4b4f565a544c4f5650403b424a4d46
2e130606090401060a121a1f22222324
23232425252425292826252425242423
2427292a2b2e333738393b3f43454751
5c5f676a67635f5955524d4945423b34
2d261f1a15121111110f0d100f0d0d0c
0c0b0a0a0c0b0b0a0a0a0a0b0d0e0d0e
0f0f0f0e0d0f0d0b0d141e262a394a4e
4f4c47494d453e393b403f3627160806
03010000010101010000000000000000
01010101010100000102010103050201
03020101000000010101010100000202
01020302020101010302000001010101
0101020501020302020407090c10141a
1c1a212a2a1e1a1a1c1a110a0a0d1212
25272a2c2f31323232343938363f4445
49392d282f3e463e3438403e382f2c2f
3335393d3b3b3b3733363b3e423f3734
3a41403a3d37322e2e3b4a4f4e4d4b45
3d3f454040464147525451575e5e5646
3d444e504d4a5c665e554e4c4652553b
434f4a3f4250544d494f565a5c5f5f5d
5961634e2c1c1d1c1e2611151d1e1c15
100f0e0f131412141615181816151415
181a1e2d3853514c53545555514b4645
4c5b5e525c5f64615b5b5a535057484e
565150534e4a4a50585445475558465b
575a4f41434c535a575c5a4c4a4e4c44
454d545f655f5c5941434d4d4e4e5359
5b5d5552565146464d4a41494e4e5750
585c5e4f595c514642484b4b53555255
504a4a4f5b4c2919212c3c44404a4a4b
46454f575750494a45312a3c4e5a4b3c
2a190b060c0a0209090e121921232625
21212426232224262524232424242221
23252829292a2c2f333637393c40464d
53536265615c564d49484644413d352c
241e18151413110f0e0c0c0d0d0c0c0b
0a0a0a0a09090909090909090a0a0b0b
0b0c0c0d0d0b0b0d0f111213141c2c3c
4e5c5c595949453c3c403e3324120507
05020101010101010101000000000100
00000000000000000000000000000000
00000101000000000000000000000001
01010101010101000000000000000000
010101000302040404070b101a242831
332b26231d171c201e170f0a090c0f0f
2e2f313234353637383c3e39353b3e3c
3e332c2a303b3f342a2c3c3736393833
31343b3d3a3839383636393a3d3c3735
3a3f3d3635353b3f40454d4e4b474543
3e3f44404549444951514d4d50515147
414447474a50585b575352534e575853
554f413b424b4f4d484e535960646663
5a5b5f574639322d3327111016181815
13110d0f131515171816151514141414
1516171c20333132414b5258564d4545
4a53534848525b605b595b52565b4d52
5a5350524f4e4f4f53524b4d524d4c51
4a4b494647494d4f4d51514b4d525350
515051585d5e6568484a545151535a5f
5d5a53525551494a51504a4c4c4d554e
5c5a5b4d51504944444a4e494a4e5254
5452515356493226272f41473b484845
444751555756504c4336384b53543a25
19120a070d0d050a07090c121c202323
21212425232224262524232323232322
2224262727282a2c303335373b3f454c
52545e605c58534a444443413f3a332a
221d18151413110f0d0c0c0d0c0c0c0b
0a0a0a090808080909090909090a0a0b
0b0c0c0c0d0b0b0c0d0e0f1010121826
35444a525e574c424145423524130705
03010101010101010101000000000000
00000000000000000000000000000000
00000000000000000000000000000000
00000000000000000000000000000000
0000000102020405080f161e26282629
2a2524221c1a1b1b17120f0c0d0f0e0e
3636373738393a3a3e42413a34383935
352f2c2c3139392c22233a3136414136
2f343c3e3936383a383637363a3a3736
3a3d3a332f34424d4e4e4f4e48424141
3e404341494c474a50504a4646474d48
44444241485455525152555a545c5a65
644f3a3942474b4d484d525963696b69
5b565c5f5b51433a4328100c10131616
16130c0f1316171a1a17131314141414
1413120f0d19171e34444f5a5b4e4645
484d4a40384855605c585c525a605155
5d5551524f51524e4f514f525044514a
3f3f444b4b46494745484b4b4f55585a
59534f53575d6c754d50595453575f64
5f58535154524c4d5455514f4b4d544d
6059594c4b474243464d5049434a5354
575a565752473a302d32464937474642
43495354585c554e423a445758502d14
0c0d0a070e10070b0505080d181d2022
21222425242324272524232323232323
222324252527292a2e313336393e444b
51555b5b585650474140413f3c383128
211d18151413110f0e0c0c0d0c0c0b0b
0a0a0a090808080909090909090a0a0b
0b0b0c0c0d0c0c0c0c0d0d0d0d090914
22323d4c636353474649453725140805
02010101020202010101000000000000
00000000000000000000000000000000
00000000000000000000000000000000
00000000000000000000000000000000
00000001020304060b161f2a302c2523
232022211b1c1c1712100f0e10120e0e
3737373838393a3a393a3d3b393c3d3b
3b36322e2b2c2d2b2d343a3d3a312f35
3b3e3a3435383d3e38312d3336343231
363a3b3b434249504c47494b4c494545
42403f3f4a4c49464748454040424141
44443f3c424d54535050545953585252
5343383c413e3a404948494e565c5d5d
5e5c5e64676054506037201614141615
141514181917141415141212100f0e0f
101213140c10090a19242a353b373a41
4546423c374a5b62605e5c575c524954
64615f6365635f5a544e4a4a4d4d473d
4344484c46424b4949494a51575a5e5d
5a5a5f64626066625e5f61544d4f5658
53504c4a4b4c4d535b58544d44474d48
5d515752504a494d4f52524a4551584b
4b534f4b45464335272837333546413a
3e49504f5255514f4c4b54584d4c2611
141e1a0c0806060b090a0b0b1010171e
21232424242422262524222121222223
22212020222426272a2c2f32353a4047
4c53534f4d4d49403a393a3937332d25
1f1b16141312100f0d0c0c0c0c0c0b0a
0a09090908080808080808080909090a
0a0a0b0b0c0d0c0b0b0909080705060a
101b283f606b64564d4b463a2a1a0f07
05020202020201010100000000000000
00000000000000000000000000000000
00000000000000000000000000000000
00000000000000000000000000000000
00000001020511171e272c303028211e
1e1e1f1d171c1a151313151513110f0f
37373838393a3a3a39383c3c3a3d3e3c
3d38342f2a292a2b31393a413c2d2a34
3f41393133383e3f382f2a3335323030
34393b3d49464c514b45474b4e4b4747
43403e3e4a4d4a454546433f3f413d3f
44443f3b404b5454504f545a5357504c
4e40373d413b363d4a47464b53585a5a
5f5e5f666a655a57693c241a16151614
1415171a1b171313141312110f0e0d0e
101113160c0d0404111a1f2a32303640
4444403b374b5c6362605c585c4e4754
666563696c69645e564e48484c504439
4445494d44414c4a4b494a53595c605e
5a5c636a6661645c636464544b4c5354
4f4e4b48484a4e565e58564d42454b46
5d4e5654514b4b505154534a46535948
47514d48424646372525332d35463f38
3d49504e5054504f4f515958494b2410
16241f0d0603060c0a0c0c0a0e0c141d
21232424242422262523222021212223
22211f1f21242526292b2d3135393f46
4b53504b494a473e3837393836322c24
1f1b16141312100f0e0c0c0c0c0c0b0a
0a09090908080808080808080909090a
0a0a0b0b0c0d0c0b0a08070605050507
0b14223b5f6d695a504c473b2b1c1108
06030202020201010101000000000000
00000000000000000000000000000000
00000000000000000000000000000000
00000000000000000000000000000000
000000010206151d242d30333027201d
1d1d1e1c171c19151314171714111010
3738393a3a3a393837383d3d38333234
3636383a3a393b3f444736433b262436
44423e403f3d39353335382f2d333a40
44464646484748494542444949444449
484747464b484a4340464944444d554c
4544474b515756504a484e5650544b3e
4244443e393c3f3e4344484f55585b5f
62656a69615b58576053402d211a1717
1a16111c221f1b161415100f10101112
111110121016100a0c0c0b10181d262d
313c4c54575e5c5251534b454847414f
5e5951515355585d62666254494c4c4c
5f5c5b554a4e5851544f4d555654585e
5f5d5f5d575a6356676360524c4d5457
5454534f4a45444647494e4c474a4f4e
5f545055514e555d636c65504c4c4841
46473b3a414b3d211521322c4d52453f
484b4949505146454d514d49443f2419
2029210e070610130c0b09070d0e1117
1f2323222423202322211f1d1d1e2021
201e1c1d2123262627282a2c2f33383d
4148423c3d3e3a3532323332302d2722
1d1a15131211100f0e0d0c0c0b0b0a0a
09090908070707070708080808080808
09090a0a0b0c0b0a0806060504040608
0a0f1a33566b7e7666594d402e190a06
05030303020101010000000000000000
00000000000000000000000000000000
00000000000000000000000000000000
00000000000000000000000000000000
00000001020f273234332c27241f1e1e
1d1c1c1c1b1c1a181a1d1f1d160f1313
353636373737363636383b3b36323335
3736383b3b3b3c3f4244373f38292836
42413e403f3e3a363435383231363d43
46474747464748484644464a4a47474c
4b4a4a484b484a4542484b45444c534a
4343474b5055544d48474d5550534a3f
4548463f3a3c3e3d42444a5054565a5f
616569675e5a58575e57473529201a17
1815111b1f1e1b171517121010111111
111111100e15100b0d0d0c0f151b2328
2a36474e545c564c4d514c464a49434f
5d584f4f515456595f6565574b4e4e4d
5b575652484b534f544f4d545452565c
5d5d5e5c565b645565605d514c4e555a
565555524d47454545484d4d4b4d5151
5f555256524f565e636b65524f4c4542
4a483a3a434a391d152233304b4d4340
484b48484f5046464d4e49443f3d2721
292f2411090810130c0c0a080d0e1016
1e2222222423202222211f1d1d1e2021
201d1c1d2124262627282a2c2e32363b
3f453f3a3b3c3834313132312f2c2622
1d1a151312110f0e0d0d0c0c0b0b0a0a
09090908070707070708080807080808
09090a0a0b0b0a0a0806060504040608
090e193051667d776a5d5043301b0b06
04030302020101010000000000000000
00000000000000000000000000000000
00000000000000000000000000000000
00000000000000000000000000000000
00000001020f273133322b26231f1e1d
1c1b1c1c1c1c1a181a1c1e1d17101414
2d2c2b2929292a2a2e3434322f2f373e
4135353c4243403e39353e2e2a343b39
383f403c3f413f3c3938383f4245494c
4d4c4c4c40454747494c4c4b5156565a
575559514a474e4c4c53544a43474840
3b3d44494b4b484341424b554e4f4445
53554f433a3b3c39414850545251555b
60646760565458565968625749392819
100f141715151a1a1b1f1c1815121010
1214150a09100f0d1012110e0c121513
111e2e3247503c363d4b534b544f4a52
5a5249484c514f494e5f6d655755564f
493f434441403d4a51504e524f4c5152
54595c5a565f67535a50504d4f535b63
60585c5e5a534d443e434b565b5a5c5e
5d5c5b5d56555e616064625c5d4a3a48
5a4b383c4846291114273b4141383742
4d4941444c4c47484c46392d28343543
4b46321d140e11140f110e0b0e0e0d11
191f202023221f1f20201e1c1a1b1e1f
1f1d1c1e232628282727292a2b2d3033
363934313232302f3031302e2c292420
1d1a141110100f0e0d0d0c0b0b0a0a09
09080808070808070707070706070707
07080909090a09090807060505040305
070a13253f55747e7b6e5d4d39231007
04020201020202010000000000000000
00000000000000000000000000000000
00000000000000000000000000000000
00000000000000000000000000000000
00000001020e262d2c2b262222211f1c
1a1a1b1d211f1c1a1918191d1b151717
2d2c2a29292a2d2f333836343232383c
3a33333a3f403e3c39353d2e2b353c3a
393f3f393a3938393c3e3f4647474849
48494b4d454a4a484a4e4d4b4f525051
4c4a504c45484f4d4b5152494345413f
4044494a4a484743404148514a4c4347
554c3f3835373b3c43494e4f4c4e545b
5e5e5e5a55575b5a5e65645b4f423021
1715181611131b1b191c1c1a16131010
1114150d0a0e0e0d1011100d0d131612
101a2423313828242c3a4340494a464d
55504c4f55534b474b58625e585a5651
4e494b4946453f4850514f514e4c5051
54575652505b6554574d4e4d50535a61
5e585c5f5d5a56514d4f555f645f5d5d
585956534843474846474a5361554249
54483d3f48442b1a1d26323b3e353948
534e45474e4f4b47443e39332f3a3d49
4a3d281915100e121015120d0d0c0b0f
161c1f2022211e1e1f201f1c1b1b1d1f
1f1e1e20232728282727282a2a2b2d30
3335302f302f2d2d2f302e2d2a27231f
1c191311100f0f0d0d0d0c0a0a0a0a09
09080808070807060607070606060707
07080808080908080807060505040304
06080f1e334767787c7261503e2b1c0f
0b050201010202010000000000000000
00000000000000000000000000000000
00000000000000000000000000000000
00000000000000000000000000000000
00000001020d242a2a2a252121201f1c
1a1b1b1b1d1d1b1b1a17181c1c171b1b
2d2b2828292d32373c3e393736373b39
302f31353a3b3a3a3a363b2f2d363d3c
3c3f3d36332f303541484a504f4b4643
42454a4f4c524e494c504f4c4d4c4643
3b3944443d49514e4c4f4f484443373e
474f504d484545434040454b4448414b
593f28292e323941474b4c47444a535a
5b565150545d605f676067625a4f3e2d
211d1e150b0f1c1c16171d1d19151211
121315110b0b0c0d10100d0b0f141612
0f15150c0f130a0913222c2f38413f45
4c4d505962554443474f525259635655
575957514e4c41474e5252504d4c4e50
54534c464854615554494a4c5254595e
5c585d61636465646462636d7168605d
50555045322926221f1d264567664e4b
4b44454447412f272a2524313a303c53
5d564c4d5253514537333a3d39444a52
472f1a1216130a10121b180f0c08080c
13191d1f21201e1d1f21201e1b1b1d1e
1f1f2022252828282727282929292a2c
2e2e2b2d2e2b292b2e2e2d2b2925211d
1a1812100f0f0f0e0d0d0c0a0a0a0909
08080808070707060607070606060707
07080708080808070707060606050304
05050913203455707e79685545382d1d
150b0201010203020000010000000000
00000000000000000000000000000000
00000000000000000000000000000000
00000000000000000000000000000000
00000001020c21262728252120201f1b
1a1d1c18181a1a1b1a16151b1e1a2020
282827282b2e33363633313336383d3c
343233383e3f3c3b3a373235383a3c3d
3b36333335373b41494a474343454544
44454749474e4e4c4e4e4a48453e393a
3737434948484c484445474545473c41
484b4a48454442403e3f424842494542
513b2c3338383d43474b49464a565c5d
5148464b535e615d62545a524d4c4946
433829221c242f22120f131517181817
141110100c0d0f1011120f0e0f100f0b
090d0e070a0b060409101315181e1e22
26262a3037363846565b575558584446
5b686158595b554f5257575351515051
54524b4748505a545b5355575d5f6062
5f5f626568696b6d6f727476746c5f59
50535d533d2f27262c2f2e3c616e5e4f
44414a4746443b3836241c293b334455
57504845474a4d4841424b4a4245474f
4834201718140e121219170e0c0a080a
0e141a1e1f1f1e1d202223211e1c1d1f
20212325252625252425272828282a2b
2d2c2a2c2c28272b2c2b2b2a27231e1b
1816110f0f0f0e0e0d0d0c0a0a090909
08080707060707070707070706050606
06070707070707060606050504030203
0404090f162746647a7c6e5843352e25
1e120803010102010101010000000000
00000000000000000000000000000000
00000000000000000000000000000000
00000000000000000000000000000000
00000001030b1c212529241d1a1b1c1a
1a1c1914151a1c1f1f19171c1e181f1f
252627292c2f3336332c2c3136383e3e
3634353b41423d3b3b372c393f3d3c3e
3b312d32373c43494e4b453a3c414445
45454545454c4e4d4f4d47463f353135
3536434d4f4849453f3f414346494043
484846444343413e3d3e4146414a483d
4c392f3a3e3c3f45484a47464f5d625f
4b3f4047525f625c604d5248444a5056
594a302a27323b26100b0d11151a1c1a
150f0c100c0e11121313100f100d0a07
04090a0406060301030403030308090b
0d0d11171c22304960645a575851393d
5d72675d61646355555a5a5553545252
54514b48494e565361595c5e64656564
616465686b6d7073777c7f7b766e5e56
5053655b44332829343b34365d736952
40404e49464643443d2417233d354956
534d45403f454a4a474d56524845464d
4837241a1a1610131218150e0d0c0908
0b12191d1e1e1e1d202425231f1e1e1f
2022252726252323232426272828292a
2c2a292b2b26262b2b2a2a2826221d19
1615110f0f0f0e0e0d0d0d0a0a090908
08070707060707070707070705050506
06060707070707060605040403020102
0304080d0f1f3d5d787f725a41332f2b
23170c05020101010101010000000000
00000000000000000000000000000000
00000000000000000000000000000000
00000000000000000000000000000000
00000001030b191e242a241b17181b1a
191b1712131a1d22221c181d1e171e1e
2b2e32343634323031363639362e333c
3c3e3c3d3f382e292a2b36363d444033
2a2a323e454a4a47443e38383d434543
42413f3e43474644443f3d423f363845
49434342423f403e3b393b3e42464744
434446443d37363a3e43474a4146434a
534a494c484951514b4d4b4b54594a35
373b3c3b3c4854565b585e53525c6265
63605d53484844260f1012110f0e0e10
14191a18171818110c0d0d1114121312
0c0807040308040a0c090a070606090b
0907070808090d1721272f4140241f14
324b464c5d636e686467696365676360
605e5b5d5f5f6467736e706f71706c65
60696b707574706e6f787e7066645650
5655576261584a4b59605c5d6370766a
564d49453f413e3a342726323a384e51
48494840404545484e534c3d364c484a
4a433427251e0f1417201d120c070707
080e171d1d1c1e1e2227282622202021
2125282925221f1f202225272828292b
2d2b292b2925262a29262927231f1b17
1413100e0e0e0e0d0d0d0d0a0a090808
07070707060606060606060605050506
06060607070707060403030202010102
04040909071027486c8280653f262021
1c140e08030101010101010000000000
00000000000000000000000000000000
00000000000000000000000000000000
00000000000000000000000000000000
0000000102050c101b26221814161917
141210121b242529271e1a1e1e151414
2d2f34373735322e3139393a352c313b
3c3f3d3d3e362a25272938353c454031
27293440484d4b46413b36383e444543
42403e3d43464442423c3b413f373b48
4d4543403f3d3f3d3a38393c40454844
424346433c3434393e44494b4145424d
544d4f504a4c55544c4e4c4c5457452c
333a3b38384351555a5b615656606668
6565685c504d4627111214120e0b0b0e
131a1d1a1a1a19120b0c0d1115141515
0e0806040309050d0e0a0c090707090b
080605040404060c131a243a3919190b
27413d475b626f6c66696b66686b6763
64625f626563676c7773757273726d65
606a6c727876706d6d767d6e6362534f
575553646860525362676565646e786f
5b5048443f403d38332829363a394f50
46494940404544484f534a39324d4849
4a45372a28200f1417211f130c060607
070d161d1d1c1e1e2327292723202021
2225292925211f1e202224262828292b
2d2b292a2925262a28252826221f1a16
1312100e0e0e0d0d0d0d0d0a0a090808
07070707060606060606060605050505
06060607070707060403020201010102
05050908050d22436882836840241d1e
1a140e08040101010101010000000000
00000000000000000000000000000000
00000000000000000000000000000000
00000000000000000000000000000000
000000010204090d1824211713161816
13100f121d26272a271e1a1e1e151212
242825252b30333a3d3b413d322e3430
28272e332e272830383a3d3c37302d32
3c464a4a4c4c483c3439434444424042
444544453d39393d3b36363d3f46514b
42404248484444433f3a383a3d3f413b
3e474a48423b41444242494d453e4456
45434748494846494c4e4d483c3e402f
2e2e2e37475048485869665f5a5c5f60
5e606362615e594e453e362920190d04
070d0b151d211f1d1a16151312141214
0d0306050c141412110e10151414100f
0e0b0c0f110e0c0d0d0a060301020103
08101f324147484d4d52606a6762696e
7678767e8377747e8081716362635e5a
5c5d5a6e6f6f6a6e6f69635d625a3c45
4629466d7e716b706e645f5a49424f67
6957473d494d4a463e322d3d373e4d4f
4d504e4d4c474142403e4735394d4c4d
4b4239332f2a0e0908111515110a0402
03080f14161a1f1f2123242422201d1d
22242525232120212223232324252626
2725262728282726262523201e1a1614
13130f0e0e0e0d0c0c0b0b0908080707
06060606060606060606060605050405
05050404040403020202010201010102
020305060708162b496a818268402216
130c0805030201010101010000000000
00000000000000000000000000000000
00000000000000000000000000000000
00000000000000000000000000000000
0000000102040505060c171e2225201d
1e1f1f242a29251e19191d201c151212
262825252b2f32393c393c3a33303432
2d2c3135322c2c32393a393734313238
404648474948443a353a434343424142
444443443e3b3b3f3e39393e40464d47
4142434745424241403e3b3b3d3f413d
404646443f3a40444243484a433e4455
44414344464746474a4d494640414236
2f2d2e37464e4a4b5b6664605d5f6363
61626462615f5b524a443e342c251a11
0f110e14191c1a181818161414141112
0d0307060d1515141311111613120f0f
0e0b0c0f100f0e0e0e0c090705050506
08101d2e3b3f3f4142465159595c6971
7575747d7f75767e8380726665635e5a
5c5e5a696c6a6b6c6d67615d645f464d
4d375070786e696b69625d5a4e454c5f
6454443d464a4842362b2839383e4a4a
484d4e4e4c464243403e49393e4c4b50
50463a3028230f0a0a111312100a0604
04080e1315191f1f2122242322201d1d
22242424232120202122232324252626
2625252627272726252423201d191614
13130f0e0e0d0c0c0c0b0b0908080707
06060606060606060606060605050404
05040404040403020202010101010102
02030506070812243f5e767b67442718
130b0705030201010101010000000000
00000000000000000000000000000000
00000000000000000000000000000000
00000000000000000000000000000000
0000000102040606080f1a202326211e
1f1f1f232927241d18191d201c151313
2d2a25262c2d2e363a312e3136383639
3d3a3b3d3e3d3c3c3b382d2a2b33414b
4c474341403c3834373e433e41424344
44413e4043424346464443424446423b
404947433b3d3c3f454946413f404243
45433c3837363e45454444443f3e4651
433d38383d434443444a40414d4b4a4d
352a2f37424b4e56635b5e6265696d6f
6d686565646261605c585656524a443c
2c1c18130c0c090714201d191b150d0d
0b050b0a111716171918171712100d0f
100e0f100f131613111113141210110d
0b1019232724201b1c1e22252d476b78
716b7079736f7c808c8074716e665d5a
5d615c5a63596d6766615d5d6a716565
6364727a6764645b595a595d5d4f4145
534d3d3c3e3f42372014192c3b3f4239
3a444b514e454546403d4f48514a4b59
5e523d27160f110e12140d080a0e0e0b
09090c0f12181e202121222120201f1f
20222323211f1f1f2122222323242525
25242426262626252423211f1d191613
12120f0e0d0d0d0c0c0b0b0908080707
06060505060606060606060604050504
04040404040303020201010101010101
0203040506070710213a56676451391e
150a0402030201010101010000000000
00000000000000000000000000000000
00000000000000000000000000000000
00000000000000000000000000000000
000000010304080b0e17212628292623
211f1e212524201a16181d1f1d191616
2b29262c333332383b3130333a3b3738
3a3c3c3b3a39373535343334363c4348
4845423f3e3a36373d43454546454343
43413f4146464748484847454445423e
4348413f3c444140444744403e3f4145
48433a383a3b4248484744433f3f484e
403a383a4147484d555344454f473e3d
2d2a343f484e5258605e5e636564676a
696562615d59585a58555759534b4643
392f2e241816100a17241d1619151218
1b191c1a1819151518181717130f0c0e
0f0f1113121618151314151514111614
14181f272c2d2c2927283139445b7877
6a677078716d7c827e6d6668645c585b
605d58565a5a6863615150595e5d5b5e
5554636c595f645a595c5c6062533f3e
4c4a3e3a37393c311b141c2b383f433b
3d46494d4b4647463e3b4d48514e4d57
594d3b2a1e19160e0f13100d0b0b0b08
07080b0e11151a1f2020202020202020
1f212222211f1e1e2022222222232424
24232324252525242322201e1c181513
12110f0d0d0d0c0c0b0b0a0908080707
06060505060606060606060604040504
04040404040303020201010101010101
010203040506080c16273d4d4f433320
160a0301020101010101010000000000
00000000000000000000000000000000
00000000000000000000000000000000
00000000000000000000000000000000
000000010202060b1017202526242321
1e1b1b1e2125211b18191c1d1b171313
282729333d3b373c3e3232373f403936
383e3e3a3734312e2d303b4045474644
4243403d3b37353a454a474d4e494342
43414042494c4d4b4c4e4d4945434342
484639393e4e47414345423e3d403f48
4b4239393d42474b4d4a45413f414a4a
3b37383c464c4f596a5e494b53413029
232a3b484f52575b5d615f64645f5f64
65615f5c554f4e5254525a5c544c4a4c
4a4749392723190d1a2a1f1316151825
2f31322e211b14131517181814100b0c
0f11151817191a171616181816131d1d
1e22272c32383c393535435261758876
63636f77706c7b846d58565d5850525e
62595352505b615f5c3e42534f454e57
4440505c495a655859605f6468573c35
43473f383031362b16151f29333f443e
4248464749484a473d384a4850535155
53473a2f28261c0f0c1215130e090705
05070b0d0f11151f1f1f1e1f20202121
1e202222201e1d1d2021212122222323
232122232424232222211f1d1b171412
11110f0d0d0d0c0c0b0b0a0908080707
06060505060606060606060604040404
04040404040303020201010101010101
0101020304050a0909101f2e36332c23
17090201020100000000010000000000
00000000000000000000000000000000
00000000000000000000000000000000
00000000000000000000000000000000
000000000201050d13192025221f201f
1b17181a1b26231d191a1b1a19161010
28292c343e3c36383934383938393b3b
38333130302f2e2f343b41444745413c
3b3e3e3d3b3b3c434b4b454b49423e3f
44464546484948433f3f3e3c3f403b38
3b38313944443f3d4043413e3c3d3c44
463d3b3e4345444545423d3c3b3c4042
3638414d5554515352433432281d2227
33414d53514f535655615e63625b5c63
66615b5a544f4e52524f4c4847474441
4548474a44474034383a29181310121f
2d3840423e382d272523211f1f221b16
1413151715161a1b1d1c1b1a1919202a
3337383b45525544464d62737d827e72
6f71716d676571805144525f5850545d
615d524f474c39302c292f362b27475e
45353d5655666f646366656765564540
413d363a3635362d21252b2c343c3f3b
404543474a4849473f3947454d504f54
5751483f38321f1010171a160d070606
07090b0c0d0d0e1b1c1d1d1e1f202120
1e202222201e1d1d1f20202021212121
211f202122222221201e1d1b18151311
10100e0d0c0c0c0b0b0a0a0908080707
06060505060606060606060604040404
04040404040303020201010101010101
010101020303070605080d151b1c1d1f
15090201020101000000000000000000
00000000000000000000000000000000
00000000000000000000000000000000
00000000000000000000000000000000
00000000010102080d141b1f1c1a1d1d
19171a1c1b26221c1919181614141111
282b2e363e3c363637353b3a35363d3e
382e2b2c2c2c2d303840454748453e38
373b3e3d3c3d40484f4c454a473f3b3e
444848494848453f393737363c3f3833
34312c39473e3b3b3f42413e3c3b3a42
433b3c4245464443423e3a39393a3b3e
343847565d59535046352a25110b1a25
3b4d5758524d515451615e6261595a63
67605959544f4e52514d453d4044413c
42494654535a554947432f1b120d0f1c
2d3b484d4e473b322d292524252c231b
1714161614151a1d20201e1b1b1c2231
3e4341434f60634a4f5972848d897970
7579726862616b7e423a50615950555d
6160524e43442518131e262618184362
452f34545b6c746b696a696a63554a46
4138323b3a37362e272e312e353b3d39
3f4341474b484947403946434b4f4e54
59564f4840392011131b1d170d060607
080a0b0c0c0b0b1a1b1c1d1e20202120
1e202222201e1d1d1e1f1f1f20202020
201e1f21212121201f1e1c1a18141210
100f0e0d0c0c0c0b0b0a0a0908080707
06060505060606060606060604040404
04040404040303020201010101010101
0101010202030605040405080d11151d
14090201020101000000000000000000
00000000000000000000000000000000
00000000000000000000000000000000
00000000000000000000000000000000
00000000010101050a11191d19171c1c
19171b1d1c26221b1818161312141212
31353130353836363632383935353937
31292b343b3e4145484a463c393c4142
3d37393d3c40474c4a44404445424145
494a4a4a47413b3b3a3836343d40342d
343a393b3732353b3e3f3f3f3d3b3a3c
37353d433e393b3b3734353839363136
3c4b58656d624c371f0f0a1824364b4c
494e55545050575b595c5a5e5c555458
59545357595756534b413c39424e4e48
494a424f4f463f3f3e393335352b2320
2124292d3a3d3f42464a4e52534a423c
37312c261e19181b1d1d1c1c1e202132
434a4d54616d70697a898e8a8c89736c
7476665558687782696576756053524e
45352621372d190a13131325353d4f54
484d4a5f7072726f68646869625c5d63
58453945473e3a3a3a3b353432302f2f
34333038434644423f343736424c4645
4139333234342019201c131116242119
16110c090809091315181c1f20201f1f
1f212323211f1e1e1e1e1d1d1d1d1d1d
1d1b1c1d1e1e1e1d1c1b191815120f0e
0e0e0d0c0c0b0b0b0a09090908080707
06060505060606060606060604040404
04040404040303020202020101010101
01010101010202020304040406090d11
0e090502010101010000000000000000
00000000000000000000000000000000
00000000000000000000000000000000
00000000000000000000000000000000
000000000101020307121b1d1815191b
1a1a1e1f1e1d18141313131112161616
3337322f333736373632373935353835
302a2d363d4244484a4a463b383c4242
3d37393e3d41484c4843404344434245
4949494a473f393a3a3936343c3f342d
353b3b3b3531363c3e3e3f403e3b3b3b
35343f433d373a3a3533353839362f35
3f4f59656c60472f190a07182b3f5251
4a4d53524f51585c5a5a595d5b545357
575352575a5957534a413c3a434f4f49
4a4a424d4d433c3e3d3734393a302823
2122242835393d42474c5155574c4641
3e38322b231c1a1d1e1e1d1d20222232
434b4f586570736e818f928a8b887069
72746453576b7a826d6c7c776154514b
3f2d1e193329170a151313293c444f52
4b544f617171716f6763686a635d6067
5d493d484a403b3d3e3d363634302f30
35322e35414543413e32343340494442
3d342e2e3132201a221c12111827251b
18120c090809091114181b1e201f1f1f
1f212323211f1e1e1e1d1d1d1d1d1d1d
1d1b1c1d1d1e1d1c1b1a181714120f0e
0e0e0c0c0c0b0b0a0a09090908080707
06060505060606060606060604040404
04040404040303020202020101010101
01010101010202020204040405080b0e
0c090502010102010000000000000000
00000000000000000000000000000000
00000000000000000000000000000000
00000000000000000000000000000000
000000000101020307121c1d1815191b
1a1a1e1f1e1b17131313121112161717
353b3630333837353739333339362b28
2c384044464849474039454141423f39
37393f4342444a4a433f42404444413e
3b3a3c41413732373f3f3a33353a3d40
45423e423c41494c474141434140443f
373d4a483d373c3c37373b3f413f3739
505b4d4446391a0914191d375f645444
3b43494645505d605f55565452525456
555659595b5c5b554f4a4747433f4146
4543463e42393a454034323536373c3e
3b3429291c1d23221e1f24282e353844
4e52524e463a312e2b2a2c2e2e2d3135
3c465669777b78778388847a7d7b5b54
585d615a5f7c88725e67776f615a5041
301908082224171c2a2f3d5561554448
5c736a5d636267685b59656d6d655f67
70695d574f444348453a34414e454c50
4c4034313a403d3a3a2d292b3b323139
3b3329221f211d1620201f221e1f1e1b
18140e0a0908050b0f14191d1f1f1e1e
1f212323211f1e1e1d1c1c1c1b1b1a1a
1a18191b1b1b1b1a19171614120f0d0c
0c0c0c0c0b0b0b0a0909090908080707
06060505060606060606060604040404
04040404040303020202020101010101
01010101010103010204060503020203
06080603010102020101000000000000
00000000000000000000000000000000
00000000000000000000000000000000
00000000000000000000000000000000
000000010102050307141e1f1a191a1b
1a1c1e1d1c1a18161413111114171a1a
34393530333734303439313136352d2c
323c4042434546443e39434041413d37
363b4143424549494441434346464340
3d3d3f433d3530353b3c373033393c40
443f3c454343494d4843434442404641
3a404b463b393d3b36373b3d3f403a43
575d493c3b2f170b1a272e425b574b43
40494d433e49575b5b4d4f4c4b4f5355
54545453545656524e4c4c4d48424347
46444741433b3d464137373a37383d3d
3a352a2b222428241e1d2123272b2e3b
464b4d4c473f3936343436373634383a
3f4a5b6d797b79788184827a7e7d5d56
595d635f6279826c61676f62524c4339
311f0f132a2e202b353c49575a534a53
616d695c606167665b59656e6e63595e
69665e595147474a463e384253495052
4c413631393f3b393a302e2f3c32323c
403a302823252b202420202622201c18
16130e0a0a08050b0e13181b1d1e1e1e
1f212222201f1e1e1c1b1b1b1a1a1919
1917181a1a1a1a1918171514110e0d0c
0c0c0c0c0b0b0a0a0909090908080707
06060505060606060606060604040404
04040404040303020202020101010101
01010101010102010103040403020202
05070503010102020100000000000000
00000000000000000000000000000000
00000000000000000000000000000000
00000000000000000000000000000000
000000010102040306111c1f1c1b1b1b
1b1d1e1d1c1a18171513111114161616
3236322f34342d272e382e2c30322f35
4244403c3c3e403e3c3a3f3f413f3833
36414744454648484645464c4e4b4745
4545474834312d2e31342f292e383b3f
3f37374c55494b4d4b49484743424946
424a4f4239403f3835383b3a3d42445e
6961412920180f122a48595d50393541
4a59563d2d384a4f51393d3a3b475051
514e474443464a4a4d525b5d544b494a
48464a4846424548444145453c3b3f3d
3a372e313336372c1e191a1817101523
313a4146474a4c4b4b4c4e4d4a464a46
495669777c7c7b797b7a7e798184635c
5b5d6a6c6a74735f6a685d402e282328
3530212f3e46384f525a665a4b4e5a6e
6e5d665c595f66645b5b667070604c49
5860605e5750504e4848454762555b57
4b433b34363b37353c3a3d3a3f343543
4d4c43372c304f382e2224302b251810
12110e0c0c09050a0c1014181b1d1e1e
1e2021211f1d1d1d1c1b1b1a19191818
171617181919181717151312100e0c0b
0b0b0b0b0b0b0a0a0908080908080707
06060505060606060606060604040404
04040404040303020202020201010101
01010101010102010101020201010101
01040402020101010101000000000000
00000000000000000000000000000000
00000000000000000000000000000000
00000000000000000000000000000000
0000000103030201040d181e21221e1c
1e201f1d1c1a1a1a1612101114140c0c
31322e2e34352f2c2e2f2e31373b3b3d
40413d3b3d4142404245463b373b3f40
41434341444545464747454a4a464343
44423f3d3034343234393b393e413c3c
4342404844494844403e404243444745
434a4937303c3d3533383a363841495a
594e341f16161d2d3b464f584e3e3e40
4355553a2a374c5153464b4645515750
4a48454242494c4b4c51524f4c4b4949
4c51514d4b4f514b44434746403c3e3c
3b3d393d44494b40312c2b262219181e
24272c33363b41454a4e4f4d4a484746
5063757b79787a7d81817f6f737e6962
5d5c646869707373706b5837231c1826
3b342f3e4f4542565556604d3b404450
595c595e5a5f66625f63676b6b5d4b45
4f575c5b5653534e4d5a594d61555d59
4c48443b393b35323c40453b37363640
494a44372825362d32241e231d191614
13100c0b0c0a070a0b0e1216191c1e1e
1d1f20201e1c1c1c1b1a1a1919181717
1615161718181817161513110f0d0b0a
0a0b0b0b0b0a0a090908080908080707
06060505060606060606060604040404
04040404040303020202010101010101
01010101010101010102010101010301
01020201020101010100000000000000
00000000000000000000000000000000
00000000000000000000000000000000
00000000000000000000000000000000
00000001080401010309151e22201b19
1c1d1c1a1915161613100f1114151212
302e2a2c343632312e252e373e444744
3f3f3b3a3f44444248514e382e36464e
4c453f3e434443454949454847423f42
444037312d373b36373f47494e4b3c39
474d4943334a463b3534383e44474645
444a442d27393a323238393233414e57
4a3a26150d132c484d4446534c454640
3d50533826374d5254535b53505c5d4f
43424440424b4f4c4c514941444a4a48
515c5853515b5d4e44454948433d3d3b
3d44434a565c605546403d342d211c19
1613181f242c363f494f514e4b494446
5770817f77757a808789816564787068
615b5f64696d7387776e542d190f0d25
40383e4d60454c5c575259412c332f32
445b4d5f5b606560636a6965655a4a42
454e57575557574e536d6d556055605a
4d4e4d433c3b34303d464e3d3039373d
45494537241b1e23362818160f0e1317
15100b090c0c0a0a0b0d1014181c1f1f
1c1e201f1d1b1b1b1a1a1a1919181716
1615161718181716161412110f0c0b0a
0a0b0b0b0a0a0a090908080908080707
06060505060606060606060604040404
04040404040303020201010101010202
01010101010000000103010000010401
01000101020101010100000001010000
00000000000000000000000000000000
00000000000000000000000000000000
00000000010001000000000000000000
000000010e0500010206121e231f1817
191b191717111112100e0e1114161919
2e29272c31302b2b2e343f403e44433e
40423f3d3d40454641362c2f3a434c4e
4744423f41414443444c4a4a4a45413f
3b332e2f2b3c3c363c41434647403d4b
4e373d3a363e2f1c1b2733393a352b2b
3c4032242d3b3223222e3b3e40444339
2f1a141f2f3f4c514f49504c4142493d
3a3f3d312f404c454e474244474b4f49
3b343b3a3f4b434a4c3c34303539383b
475051505450525350545a5b5a5a5352
585551545f66675e5249454443322c25
2220242624201b1d262d3b343f484f5b
6f7d7d746f6e7079766d6c696468686d
6d6564727c726a68597352382c292e42
5041414b60544f5f65543a2a241e1a21
385750575b5e5f5a5a5c5f63635c4f51
59555c5e5c5d5f58597889695d66615c
584d43413f3b38373e4247463a3e2f2a
3a4b52482e2135352b231a1517140f0e
0f0e0a080b0d0907080a0d11161a1e1f
1d1e1e1d1b1a1a1b1b1a1a1817161514
131315161819171513110f0f0e0d0b0b
0b0b0a0a0a0909080707070708070707
07070606060607070706050403040403
03030303030201010101010101010101
01000000000000000001000000000101
03020002020100010100010201010101
01000000000000000000000102030201
01000000010101010101010101010000
00000001010101010101010101010101
010101020b0d050202050f1720241d1a
1917151515151213181b181312171d1d
2d27262d302d29282e3a46433e44413c
4043413e3c3f45483e2b1e2b3f494f4e
4545443f40404442424d4c4b4b47413e
382f2b2f2b3e3c373e424145443b3e52
512e3937373a251011223238372d2021
393c2b21303c2f1d1c2a3c4446463e2d
240d0d233d515954504b544a3d414b3b
3a38332f33444b404c42393e43444947
382f37383e4b3f4a4c332c2a2f323036
434c4e4f564c4e55565a626363665d5c
635c5758636a6a63584d484b4d38332a
26262929241c110f181f32293a485464
79837b706c6b6c777061646b64616570
736966788475665b4d75523c34343c4e
5746424b605a51606b552d212016111a
335551535b5e5d5957575b62625e5157
62595e615f5f635c5c7d95715d6d625d
5d4d3f41403b3b393e41444a3f402c22
354c585033243f3d27211b141a170e0a
0d0e0a080b0e090507090c10151a1e1f
1e1e1e1d1a191a1b1b1a1a1817161413
121315171819171412100e0e0e0d0c0c
0b0b0a0a090909080707070708070707
07070706050708080706040303040403
03030303030201000001010102020101
01000000000000000000000000000001
04030002020100010201010301010101
01000000010000000000000203040201
01000000010201010101010101010000
00000001010101010101010202020202
020202030a11070303050e151f26201b
19151314141712141c201c1411171f1f
2e2826292d32373f4241443e3940413d
3f3d41484a46403b342c2e353f414748
413d4144423d3b373a4a4f503c303233
30353f444e373949473d404d504f514b
382624203d1c100c192b30271a0e0d2b
45210e172b2514132537352524323c22
2b30373c475d6757474948373b42412d
3c434345433e312c472a1822424c3721
1b27342f324a5052442f2331403a2d39
554f393646494c4e50565c5546414754
544a5051575853483c32313a474e4e50
52514e484131292f2e28405369617383
847d776e63636e726b626c75716d6a74
74645c6b7564554947554137535b5654
505358585852525956412b2d2a1e1d0a
244b434b555959524d4f555c615c6370
706b62696266666877796468656d6461
5e513f2c3343403c3d40474a3a322b2d
3c45484a423c3f2c1c16191b1816130f
0e0f0d090506080607080b0e13171a1c
1c1c1d1b1918191a1a1a191917171615
1513141618181613110f0e0e0d0d0c0c
0b0b0a0a090908080707070707070807
07070707080808080807060503040404
03030303030303030303020101000000
00000000000000000000000000000000
03010001010102020000010102020201
01020301010100000000000204040403
02050604020201010101010101010000
00000001010101010101010202020202
0202020313150a0605050e1b24241e1d
1e1813131513131b201e181412171c1c
2b28272b30343a414441433d3a40413d
3d3d41484a443d38342e323840414547
403c3f43423e3d393b4a4f4f392e3234
313641454b383d4b463e434e51515147
3225201b39190e0d1b2c2f24170c0f2d
431c0b15272113152635301f1f2e3927
30373d3f475b6351424747383e444332
3f4545474641322c462a1b24414b3620
1c293632354c504e4130283440392e3b
564e353244494c4e4f545950403b4252
53494f4f55544f44382f2f38474f5052
5555534e47393238362f46596e667685
857c776e63626c7069626e7672716e77
75635a697261534946503d36565e5956
52575b585551525954402f342f22200b
2549404a545858524d50565b60596372
706e626a6265676975766266666d6462
5e52422f3646433e3f42484b3b342e2e
3a414447423e412a1b15191c18171511
0f0f0f0a0606090607080b0e1216191b
1b1c1d1b191818191919191817171615
1513141617181613110f0e0e0d0d0c0c
0b0b0a0a090909070707070707070807
07070707080807070707060504040404
03030303030303030303020101000000
00000000000000000000000000000000
03010001010103020101010002020201
01020301010100000000000203040506
07090705030201010101010101010000
00000001010101010101010203020202
0202020415160b0705050e1b24241d1d
1e1813121413141c201d181514181c1c
1a23313f4747433e3e403f3e3d3f403c
353c3f3f3c342e30363a454847404144
413d3937404a524f4a4d4a422e2a373e
3a3b423f22405b4b3d4c5a515054472f
1a1f15081c141316242f2b1d14152d33
2d0f0a0c14121c272821130a1123294e
544f494444463c272438474453555a5e
5649454d595c4b3a493a40403e3a3531
3138464c4e55402d2c384e4537303549
52462b263b4c514e4b49413326232d46
544d49444c494239302b2e3b474c4748
4e53595e605f5d5e5f5e696a76767983
827c7b74645d60615f637473717e8588
7b5e526268554e4f4a432c31545d5961
67646151494e565a564d505a4e382d1c
374137484d525453556163595b4d5d71
6b71616c5a5a6d685562735b6c6b6563
5d57554e4e54504d4c4a5054464e412f
2a2a313a393a4e2c1f161a231c1e1f19
131417130b080e080708090c0f121517
18191a19171616171616161616161615
1513141516161412100f0e0d0d0c0c0b
0b0a0a0a090909080707070707070707
07070707080706050505050504040303
03030303030101010102020201010000
00000000000000000000000000000001
01000002030305050402000101010101
01010301000102030201020101040f1e
2a1e1008040201010101010100000000
00000001010101010101010202020202
020202041c1a0f0804040b1a25221a1a
1d18100f13151b211f19191c1f211b1b
272d363e43423f3b393a373737393c3c
373f3f3a35302d32393c4246453e3e42
41403e3d4349504d494a453b2e2c353a
38383f423144504037434f4f4d473a28
14170f09171a1b1c262d281e191c2e2e
2915130f161c23272821130c162c3649
4d433e4247453a2f343a43465a585756
4d474b545a574639493835383e3a302f
36414b4b494b362a2b33413b36393f46
483f3031404d524e4a473c2f292d3546
504643454b463d3735363b4045504848
4e545b616262606064676d687274797e
7d787672696362606067786f6a7b8685
74584e5f64504c4f493b252f57605a5d
61605b4d4c545654534c4a504b3c3129
49493547474d525658646a6464546172
6a6c5d655955646b6770785b686d6a69
6057575758595553514b4d5145453e32
2e2a2a33393d492f2623272c24242017
111114120a070c070707090b0d101314
16181918161515161514141414151514
14131314151513110f0e0d0d0d0c0b0b
0b0a0a0a090908080707070707070707
07070707070605040404040404040303
03030303030202010102020201010000
00000000000000000000000000000002
01000003030204030302000101010102
01010201000101020201010101030e20
30211007030301010101010100000000
00000001010101010101010102020202
020202041a190f0804040c1b26231b1b
1d18121316181c201d191b2023231e1e
42413f3d3b393734312d29292c2d363c
3b453e2f28272c373f413b42433b383d
4245484a48494c4a47433b2f2e2f3033
343239484e4b3c2d2c313a4c482f2019
0909050b0d272a282a2a231f242a3025
222226151930302a28201411203e5140
3e2d2a3f4c44383f533d3b4c695f5246
3b4459625b4d3e394a3321293f3a292b
3e51564a3d372325282a2929334b5240
34303c484a51534d494234272f424547
493a3847493f35353f4e544b42564b49
50555e65666867666e7975646a727b76
74716d6e726f655d617081695b748980
674d47595d484751462b182d5c685b55
575a4f465160564a4c4c3d3c46453b41
6d5932433e444e5b606a777a75626973
67625456584951738a8c825b62707575
67585b686b6360605b4d474a44353738
362a1e2638444036353c403e36322213
0e0c0e0f08040807070708090a0c0e10
13151717151414141110101111121313
13121314141312100e0d0d0d0c0c0b0b
0a0a0a0a090909080707070707070707
07070707050403020102020303030303
03030303030604020102020201010100
00000000000000000000000000000104
01000105040202010203010202020204
01010302010101000000000000010d25
3c271107020302000001000000000000
00000000010001000100000102020202
020202041517110805050e1d26231d1c
1e1a171b1f1d1e1c191921292a272626
46423c3837393a3937352f2f3333393c
3a3d362d2b31394144423f44443d383b
3f3f464a403b3c3e4240392b2f333130
33373e474938251b26353f4b3b1d171c
0d06051f262e3131322e2623282c2c26
232332282428231e1e20272f383e3f48
453a3c4b4d413b454b39405262554b3d
30384e574e4036364938232d42362630
43463e3a3b38232f322a293141494235
3440485048494b4849463b333c4b4e54
56433a4338404e54514f51504e5b5253
57575d64656465676d74716e75767d78
746f6b707774675c6071866b576d8070
5b4c47514f3e3c3c291b1920434c4a50
514e4643505d50454b462a29404b433c
6a583340343e4d60605e666b675d5f6a
69625c5c5a5761788a846850627a7971
685e63707064606462534b4d493a3e40
433827252d374444383e3c302c251814
14110f0d0806090807060707080a0c0d
1113151614131313100f0f1011121213
131212131212100e0d0c0c0c0c0b0b0a
09090a0a090908070707070707070707
07070706050403010101010203030303
03030303030403020102020202010100
00000000000000000000000000000103
0101010302010611150e060302020304
0301020101020202030101020100081a
291d0c04020303000000000000000000
00000000000000010000010102020202
020202030b110f07050a142127242020
201c1b1e1e1e1d1c1c21282c29242121
49433a3434393d3e3d3b353438383c3d
39362f2b2f39444a48424247453d3739
3c3b444b3a302f343e3e37283036312e
333b42474529110d223a434a300e101e
1004052f3a333839383228262c2e2928
24253c382d221914152036484c40304e
4b454a544f3f3e4a463544585c4e4636
262f454e44352f34483d253245332535
473c292d393a24373b2b29384c48352c
344d5257464245454849423d4653565f
624b3c402a41636e5f504f56595f585b
5d5a5d64656163686b706e767f797f7a
756d6a717b79695c60728a6c54677863
524c46494436342b110d1b162e353c4c
4b443f40505a4a414b411b193b524a38
6756343d2c384d646055585e5c595763
6a6263625c636f7d8b7d534763827d6e
68646a777465616869584e4f4e3f4448
4d442f24242b47503a403825251a1114
19160f0c09070b08070606060708090b
0f111415141212120f0e0e0f10111213
1312121211100f0d0c0b0c0c0c0b0b0a
09090a0a090909080707070707070707
07070706050403010101010203030303
03030303030202020202020202020100
00000000000000000000000000000103
010101010102091e25180b0403030404
05020101010304040501020402000510
1a150902010303000000000000000000
00000000000100010001010202020202
02020202030d0e06060e192428252323
221e1f211e1e1d1c1f272e2e29211c1c
3636383c4042403c362e2a2b31373c3e
3e2e2b333e474a4840373437383b3f46
4d4b463f3330333d453d322c323b3d38
3b4645362c0f14282d2c2a2e1d070c18
191a213c453842484740373334312b2a
231a251d17121927384a524b3d383d51
3b3d4a4b40363638323d5a533732423f
43484b4d493e343646353441442d2c43
43281f3045422a4350434651544b3c37
434a44483e444b4e4f4941424547586c
66575955585f645d504c565c585b5c67
675c5c63645c55545a6b686d777a727a
776f7279766b63605d647f6d59666d56
53584e433b383a261c1a1b0f1e374d50
413d424748484546534731313f443e35
4d4e4742293b536c635050585c605a61
695c5e5e5b73908f776a675c5c78654d
546d808276665f6970676263624c4439
3d45443f352f414b2a302c1e2b241518
231e110a090a0e080605050405060809
0d10121413111010100f101112121314
14121211100e0d0b0a0a0c0c0b0b0a09
09090a0a090909080707070707070707
07070706060504030202020303030303
03030303030101010102010201010000
00000000000000000000000101010101
00020201010d233d3f2e231d150d0504
08030302020202020201010101030507
08070300010202000000000000000000
00000000010101010101010202020202
02020202010809030510181c1e1f2226
252324231a1e1e1e2126272623201f1f
3032373f4445413c342a27282e373d3f
402c2935444c4c473e342f32343a414a
5250473c3130353f473d312e323d413c
3e494630240715313128222617060b17
1c212a40493a454d4c453b3737322c2a
23171d15100d192d43575b4c38354252
363b4b483b3333322b4061512c294142
4d504d4d4a41363746333947442b2e47
42221b3149452c47564b4f59574d3f3a
484a3f433c444d51514a414345445871
685b625c676964574b4c585e58595d6b
6a5c5c63645a504d5469676b757a6e7a
7770757b746661625c607b6d5a666953
535c5141383a3c251f1e1b0d19385251
3e3b434a46424448564a383940403a34
454b4d43283c556f654f4e575c625a60
695a5d5c5b789b9471646d645a755d43
4d70878576665f6a736c696a68504434
38464b483b313f4a252c291c2d271619
2621120a090b0f080605040405060708
0d0f1214131110101010101112131314
14121211100e0c0b0a0a0c0c0b0b0a09
09090a0a090909080707070707070707
07070707060605040303030303030303
03030303030101010102010201010100
00000000000000000000010101010100
0002020102112c4748352b251c100504
0a030403020101010101010001040504
03030200000202000000000000000000
00000000010101010101010202020202
02020202010608030510171a1b1d2227
27242623191e1f1e21252523221f2020
423f3c3a362f2d2f2d2836434a463120
1e2d38424846413b322b3938363d4042
454040453e3e3d3e4137303d38373a39
3a403b2717223a210e222d1e110f1018
2e404532293645473f3532363830272e
3a2e1e1021434e4945413d36323c514f
2d3543403d3c37353d464a2d22334840
333540443e33313e533d261e2a28293e
4f483b383230385b5950494850554e3b
32424b43475152545142383c464f6463
43487983655b59565151575955636d7f
7c6a625e524b47415073675f6b827277
6f686c6d645b5c615f5666625962594a
4f56514639343b30091b27292538453a
323845534b41474949454f4f3c2d3243
3252675337535e6c5f4f4b4c5c5f5d60
6059534e6c6c738b815e5f605e6c6151
5882a09277665e666962696b644f5348
413d3d4346413c4833413f2c2f251414
1c140807090504060604030303050607
0a0d1113131110101111111212131313
1312110f0e0c0a0909090b0b0b0a0a09
0808090a090909080707070707070707
07070706050606060504030203030303
03030303030302010102020202010100
00000000000000000000000000010101
00000303072045432f2d3b473b2a1d12
0508202a2a30332e2108050201010101
01010101010100000101010100000101
01010100010101010101010202020202
020202020103040206121616181a1f28
2e2e2d29221f201e1d1c1b1b1e1d2020
3f3d3b3a352e2b2e2d2a394346412d1f
21303a424745413c342c3b39383f4141
443f3f423c3d3b3c4038343f3936393a
3b3e392a21273a2111242b1c1214161f
3543463127334141382e2c31342d272b
342b221a29444a4543403d37343d514c
303945423f3e39373e4a4d312835453c
30343d413c3435404e39281f28272a3d
4c44393935343f5c554f48464c534d3c
33424b43474d4c4f4e42393f49505f5d
44517b7e6056565653545a5d59656c7c
78655e5a4d4746445270625d6a7f7476
6f686a6a61595a5c5d5664605962584a
4d535048382d332a0b19252926384238
3237424f4940484949434c4d3f343942
2b4d68553b5860685a4d4d52605e595b
5b59534e696b72867e6161615e686255
59809f9176645d65665f676a6350574c
44403f44443c384333423f2c2c231516
1b13090b0c0705060604030303050607
0a0d1113131110101011111212121212
1212110f0d0b0a0908090b0b0a0a0a09
0808090a090909080707070707070707
07070706050505060504030203030303
03030303030302010102030507040000
00000000000000000000000000010101
00000203072044402b293944392a231c
0c10262d2a2f332e220d0a0604020101
01010101010100000101010100000101
01010100010101010101010202020202
0202020202020302081418191a1c2029
2e2d2a26202022201e1e1c1d201e2121
2f32363a362c292e3335413d3025191e
373e3e3e3e3e42464034414040474440
42403932303533323c4148463d34343d
40383139503d312228322312182a3441
534b462d24252e27180e101b2220251a
151935494d3e302f363e43423c3f4b3d
3b50534a4643414245595f4947403629
282f3533343e4945362836282024313e
3b2c2b3e444b5a5b4147423c3c444941
3e454641413a2e354141424d554f4644
527a845d454048565e626a706e6b696c
604d4a473734435158614a54676d7e72
6b6b655d5856504856535d5c5962544c
48464b4e320d0a0f170c17232c353733
3234333e3f3e494d4b3c38424d585d3f
0b346b5b496d64594540556f73554744
445a55535665706e6c706e6659586666
5a73958c705e5b625b515e665f586559
504c4c493923222c303f3b271e18181e
1c120e1a1f130a060504030304040507
0a0d11131311100f1010101010101010
1012110f0d0b090808080b0b0a0a0909
0808090a090909080707070707070707
07070705020304050403010002030303
030303030302010101030b1720120100
00000000000000000000000000000104
00000103071d3d341a17273227273b47
2f32423623252c282321201c12050101
02010101010100000102010100000101
01010100010101010101010202020202
02020203080103040f1f23242625262b
2e291f1815222b2a2828282829242727
2f323b3b332d2e353a3b403b2d23232e
3c3c40413f4040403e35413c3c434443
433f37313138383b3a3e3d3935323740
3f3532383c32342b302d1e18222f353c
4a4640281d22271f120b0f171a192121
292c3742443c3431343f483f363b4a36
43514a4346474441415854463c3d3930
30363a38353a4343352b38302a2b333c
382e313f464e5958474b403a3b434440
454746423f392e3a414344494d494547
51767c573d4449505b6a75726d696b64
574143463e3744555966595a6169706b
6865615e58504a454956605c5958554d
4545483f250e0f0b110c15232f373834
3336343e444241424840404a545c5c41
1f307c705756504f4c4e5f716b534048
5454545c646d6f6e6f6d6d6f5e57695f
596f8c806c65636d5e4a61686159615c
5858524a402c28303140403029212528
1f1411191c120b060604030305050606
080b0f121312100f0f0f0f0f0f0f0f0f
0f100e0f0d0907080908090a0b0a0a0a
09080909080808070707060707080807
05050504020303040605020102020203
0302030302020101010a172122120302
00010202010301010000000101010103
00000102071f3f391d172b382d2f4045
393f3f291b22271e181917140f090a0b
07030202010100000104010100000101
01010100010201010304010101010202
01030605070402041422242627262729
2a25201b182429282826232528262a2a
3034423d302e364046454139281f3447
4339444642423d373b374135363e4548
443c3531333c3f49363a2c26292f3d45
3d3135381c2139383f25162133393635
3b403621131e1c1209080d100e0f1c2d
494b3c3736393b353240503b2c35482c
51533d38454e4b403b5643412a3a3e3b
3f41434038333b41352f3c3c3a363639
343039404b54575452533e3739403e3d
504b48453d372e4240474943403f444b
4f706f4f314b4c47557688756c666f59
492f3845483c475b5b6e706359655960
635b5c6058474342355b665d5948564f
404444280f0e1706090b1123343b3a36
3638363d4b48343044474c5861645c45
3f2a97916d312f41576470745e50344f
6f4b546b7b7c6f6d736a6b7e67556e55
586a7f6d6771707f6440656b665b5b61
666a5d4c4b3c3238334049403b313939
2517151817120e060704020407070606
06080c11131311100e0e0e0e0e0e0e0e
0e0c0a0e0e0704080c09060a0c0b0b0b
0b090907070707070807040708090906
03020302020201020909040301010203
020103030103010102162a3327110604
01020604020903020101010203010001
000101010823424021173342353c4742
49533c150d1e210f050d08080b10191a
10050304020101000207010101000101
01010101020401010809030000000202
00040e0a060902041c26272929272927
232122201c28272729241d1f252a2f2f
403b4240373338444d422b23272e3c46
443a41474441403d3b38393c3b35353e
423a323133383c4233372e282e33393c
3630302c17222d272c28222c383a3329
27323a2a151b17110f0f0c0c1425333b
3e3b41433a3b3739414b4e3e2e474a44
4e392d3c4e524a44525c4b4c3b413b3a
3c3d3a332727394842423a3635373c39
31374846495257555355403e423f434d
4a4144434b3e35474443484b4b50585c
5669644a4155524d596e7768655a5d4e
483343514d40495a6072706563605c59
57545c655f5452493f5558554f3e4b4d
424242270f1221131c1f263036383736
3435434e4e473f40494655615a4e4547
4f39768e6c46435562686e6c645b4370
804d5c7076706a6c6d676a877648675f
5e575e666669767e6c42626667635e5a
62696054534c4c564b4a49403d333c3d
2b1d1a1c19130c0a0905030406050303
04060a0e10100f0f0e0e0e0e0e0e0e0e
0e090b0b0806090c0b0a0a0b0b0a090a
0b0b0a08080807060709080605050504
040405050402030404090d0908040101
01000204010206020c252c2213090605
02020302010402010102020202020201
040903050e2a453d23233e493c38393a
394036201c25231511130b0706071016
12070303020203010106010100000101
01020101010205010304030102020102
040c120b050a040d2027292c2a272927
211d1d1f1e232122242422252a2b2a2a
4c4042423c373a4751401d1427394246
443a3f47464142413b3933413f2f2a38
413930323336393d31352f2a32363736
322f2d251323251c202a2b333c3b3220
1a293d311619141114130c0919344444
3630454b3d3b353c4d534e3f2f544c55
4c28233f54564b486160515446453938
3a3a35291d1f374d4b4f38333238403a
303c524a4850575554564243483f4758
463a424155433b4a47414850535d6668
5b655c474b5c56525b696c6061525246
47354a5950434a59647570666a5d5d55
4f505d68645e5d4e47524f504938454c
434241271015281c2a2d333938363536
33334c5a5147484b4d455c67563f3648
5b445f8c6c5551646a6b6d6768624e87
8c4e61747467666c6a65698e80406266
634b486165647b7d7144606368686055
5f6a635958575f6a5b5149403e353e40
30221e1f1b130b0e0c06040405030101
0204080c0e0f0e0e0e0e0e0e0e0e0e0e
0e070c0904060c0e0b0a0d0c0a090809
0b0d0a090a090705070a0c0503020203
05060707060205050009130c0d070200
0000020401010903132f2d1606030606
03020201010201010102020201030301
060e0408122e483a242c454e40362f34
2d343328262a241a19170d0603020a13
14090303020304010106010100010102
02020201010209020000030104030101
0611150c040b061324282a2e2b272a27
201a1a1e20201d1e2224262a2d2b2626
38444c4947484a4e45261f2636424a46
3a3b3b40413b3c3b3038383e403c3635
36332f3134363d372d272226333b3b35
2e2b2d271d332e2c2a372e29332e191b
303724171a1617120e13202e393d3735
464c443f352b323c434d4c4443443f3b
3d3f3d41444246524e413a3434383138
313136322b30434c4033303c2f2c3b3e
3b454f47474f51453d3c474345434449
3f3d3a495f4a40423f3a45545c626462
555e605e4d5b5f5c554e4946504a503c
3b3755645d5554565e665d5d74576f5d
4d4f5e665f58594d525b54493a2d313b
3b3b36211d334e4a4c4946413c3e464f
4e45494d545d5d5346353736353b3f51
55435d6f707a6a6d6f64667e856e6398
7d65726f615e6a756d5858715536615a
63503d53646065655e5b6a505658544c
5a615a59636f65776d5e554d4839393e
3d372d2119161412100c090706050403
01020306080a0b0c0c0c0c0c0c0c0c0c
0c060d09050a0c080406080a0c0e0c0a
090b0a09070604040507090706040101
020202020200020200060c0505030203
04030302010204010516110703030306
090c0e0b0a0e1e130602040606050405
0b16172a38423e312a333d3a2d1a0e19
2830393b373022130e0e080405020305
05050402020101000103020100010102
040504050b0a07080f110f080c090407
0e100a050204091c2b2b28252424231e
18141822291f1b1e212325292a262424
34454f4b494c4d4f4120202a3a454c46
383b393e403a3a3a2e383a3d403f3934
3331303135363e352c232025343c3c35
2d2a2d28203731302c3a2e26312b131a
353a1e111b1617120d13253741403432
4a53433c3327323c414b4c4648403c34
3a454341403d45544839342d2f342e37
2e2e36352f34464c3d2c2e3e2e293b40
3d464e46474f4f413735484344444345
3d3e384a624b41403d3845565e646361
535c60644d5b615e534740404c48503a
38385866605956555d62585a7656735f
4d4e5e655e57584c555d5647362b2c36
393a331f213b575655504b433d404b55
5449484a5562625544322f2a2d3a4052
53445e687182706f706265848b70689b
7a6b776e5d5c6a776e55546a4a346057
63523a50645f605f59616b4c5255524a
585f585966756679706158514a3b383e
403c302219171713100d0a0806050503
0101020507090b0c0c0c0c0c0c0c0c0c
0c060d09060b0c060306070a0e0f0d0b
090b0a09070504030406080807040201
010101010100010100050a0304020204
040403020102030101100a0303030406
0b0f120f0d1125180802050807050406
0c181c3342463c2f2c353c3628140613
262e3a3f3b3121110b0c070405020202
02040403020101000102030100010102
040505060e0c070a1315120a0d0b0408
1010080302020a1e2c2c28232223211b
161318222b1e1b1d2022252828252424
5c5d4b3c3f3d27111020344442404d53
4a3c3030373c3b352e3a483c373c382f
2f343a3f36282c21261f272a31383a31
2321313e37392b2c28281f20211e1e23
251a0d0a0e1f1c1a253842413d393032
4d4f322326303b3a2b30524e404b4b2d
4f4e44393038443d3034452c323d3436
333740423f4248422e3d34312c374b4a
3f30232f404f4f443d3c423b38403a2f
434a4658584f453e3f4d5d5b5356555a
575a555a5a666352403a3b36323a5d38
2b3c5c62656358545d5d5a5b77515a4b
3e455965615b574c525d512b263b3e33
374135253b575b57544b48464856646a
64575a5e62554746433f393d453e2f39
4e738e596a6b695f5c5556615f685d74
778c9f8a7473747267575a5e35586e48
5c5e3d394c5a5d5667714c5d67605e55
544f474b5b695b615653585b584e4b45
3629282f31230f13110f0d0702020505
010101010306080a0b0b0b0b0b0b0b0b
0b0b07090e0d0506131e1e2731343027
1e170f090505090c0903010104050302
030404020308050a1a11040906030201
01010101030401050902010208243d3f
4143423d393a433d352f281c0e040204
04070a23373f373b434341382d1b0f25
1e23292724292a1b0a0805020204080b
0a171e190f0602000101010000010204
090d131b1b100c223328160d05020309
101113151a0706121d2326231b16181b
2023221c18191e211f1c1b1d1f1e1f1f
605e4a3a3a3523151a2a37424240484c
443c34343a3f3e383238413b37393631
34373a3c33252920261f282a31383b34
2726353e363529292928232728242426
24170c0c111d23252b3741423e3a3538
4a4a372624313c382d344e4b3f4a5033
4e4e3f322f3840393034442b323e3637
363a41423f414641303a312f303c4742
392e2633424e4c423c3b3f3e3a3e3933
454a4a56534d433e404d5d5b53555358
585e5b616469604d3e3c3d342b355a38
2d3e5d62636158555b5b5a5a74515145
3c425562615b564f535b4c28253a3c32
353e34263c565956534c4c4a4b556164
5e53585b58494248443f3c464b3c3040
55778c5b686468635c57596162686372
708c9581706e6d685f565a5d38586947
58583a384a545756656a4f5a6a66665d
574f474b59645a5d5252595b58514d47
392c282b2d23141512100d0803020505
010101010305080a0b0b0b0b0b0b0b0b
0b0c07090d0b060d1e2a2b333a3c3931
281f160f0805070b0904040305050302
0203030203070409180e030a06030202
020202020403010407020309122f4543
4344423d393a3b38353026180b040304
0407081d303c3b3c3f40413b3120172b
25292d28242828190907070505060a0c
09161e1b110703020201010103050506
0b0f151d191013293222140c05040911
181b1e1d1e0a09141c2225221b18191c
2023211b17181c1f1d1a1a1c1e1d1f1f
6f6447342a1a13213e4d423e423f3732
303a42414349494441322b3a37302f3a
47443a342a1c211c251f2b2b3139403f
37374141312822202c293141423b3831
210d09121c17384b40343a46443d474e
3f3947301b333e32334141433b466448
494c2d1d2e3933302f33412a32423d3e
3f4246454140423f37312a263f4c3a28
252931404b49413d3a3837474237363f
4c4b5a4e43473a4042505b5a57534c52
5d6d6f798573533b3945452d16275038
344661605d5d5b5956535b596a543533
33384859605a545957563d1e2136382f
2e35322b40535153504d585953545550
4947544f3521334e4b4347645f373456
6f8484605f49646f5f5f65616a6b786a
578b7562605e544645575a5744575845
4a412f35414146575d545952757e847d
6451494b54575a50454f5c5c5a5a534b
433528202226261f16110f0904030402
01010101020507090909090909090909
090e05080a040b2644545a5b5a585754
483b31251407040607080e0808040201
01010101010202081306030c08050304
050504060801010101020c2138525e55
4c47413c3a3920293532200d04050502
0409030716334a3f313541463d313041
3d3c382e2526231304050c110f0f110e
09121f23190b0507060201030d12100f
12161e2312102a422c110c08050c1e2c
313b423c2d17161a1a1c1f1f1e1e1d1e
20221f1916161a1a171516181a1b1e1e
6b684a2e21191d31423f3c3d413f3b36
3439423f3b3c3d3e3d272432312f2f34
3f3e36332f29312f30232b272c313534
3235382e211f2222302d343e3e332823
1d100a142431414740363133373c4242
4042453122323f3d3c3c393b3c4f5e41
47422717233337363739443b40433735
3c444848423d3b393429343040443228
2a2e354148443e3f3f3d3e4844393843
50585c4b474d3f4c4b50585a59564e53
5e72798377634f444a554f3c292f4b3b
414c63625b5c5f5c534e56535e513436
3737414f57534f605e583d2a2c2e2b2c
2c303230414e4b514d49545145424343
43464c4635212a3e39384366653e3b59
6d7b785e5e4f596b64606361676c7262
597566585c60594d5063635a49505850
483d32374348505f615c5f61757a8c92
775c4d4c595e5d514955605c585b5b53
47392f2d2d2b2522160f0e0a06050402
02020101020406080808080808080808
080c070a09071838525b5d5751505353
4a403b3120110a0805060c0806030202
0405030304030711140f151f1c181515
17150f0b0a070b08040c1a2d4353554b
45413b38393824252823160a05050604
0307030b1932463f3339474d443a3b48
403b36312a272315060610140e0b0b09
070c161a140804060603010410161311
13151a1e151b34452e120a0606132731
343c3d302b1d21231d1a1b1b191a1d21
2525201916181a181514161718191a1a
656d4e2715192c47482e353c3f403f3c
3937423d302b2e3637191b27282e2e2e
35363232353b46483e282a2225272626
2c332d160d1322243733383a37281412
19130b172f534c434138261b273c3b32
424f43322b31404d47352e313d5c563a
43352011152c3d3d4242495253452f29
38464d4c443a3331301f403f433a2828
31353a43453e3b4346434748483d3a48
566a5f474c54455c565054595b585053
5f7a879266504a50626b5e4f42394540
52546565585b65604f48504b4f4e333b
3c3638434d4a4a6a675b3c3a3a241a29
2b2b34374347454f48445047332b2d31
3b46413a35211e29212a3d696d46435c
6b6f685b5c564c666a616161636e6b58
5c59524b566461565e726f5d5048595e
4539373a45525e6967666776767596ad
916a524f606860544e5d655c575e655e
4d3f3a3d3c322426160e0d0b09080502
04030201020406070707070707070707
070a0b0d070b29506465635245454e52
4d474842311e120b04030b0704020203
080a050507040e1c171a2d3736312d2d
2e291d110d101911091a2e3c51554840
3b39343437372920170e090605070806
020404111d31423e373f50574d454a51
443a3434312a22170a0916180e050202
0404090f0d05030607040107151c1714
151514171b29414a30140805071e3337
373e37222826302e2018151514161d26
2c2b2119161b1a151213151615151515
4b4b2d171d334342362f3f47413b3f43
433e3e362b272d38392536312c37382f
3238332d313a3f4332212630332e241d
202a2a17151d28303b34322e23171212
131a2e3d3a4840332e2e2c292b32352a
454b2b24343e3e3e3d3b3f444f453d3e
332a170d1b2f3a3c3d403f564f3e363b
42494a42362e2c2c2d3445342a292c33
3638434847403e454743484042413d44
59745d3f49554c5f5b5153535258585a
5b6c6d6b5956626e7569515057524a46
645f65645a575f5e504d514a43463740
403b3a424e524f59514c2c3237181118
1c232b36555a4a574b414b4435323941
474339384123152e4047424c55535f71
7668605e5a5a4452635f5e6b6c666c58
5d595a57575e5851565d5c4d3c39575c
4e5c60575052658265656469847a98aa
916a514e5f6b6058535b5f59575e605c
58534e48413a352f1d14120e08060401
04030202020303040506060606060606
06080e0a081b3e5b65635c4a434b524e
4b4f494640372f23120709060a0d1015
1d201c160e0b1b2c2834494b3d39383a
3f3f393537313d3b3440433b3d44413a
36322a2a31352c1d1317232928242423
181616293541464444484e4f4a464748
44372b2a2924201b110b161d1b150903
04050b100d060303030302020c120f0e
1111121a28384141351e090612272f2c
2f342b212c2a2f271b1715151515181d
22221e1c1d1e1b161214151412141b1b
3c381b0e21424f402c2f444d42394047
4a413b3228262d393b2b45372e3d3e30
313a342a2f393b402c1e24373b322418
192528181b232c373e352f27170e1112
101d41524042392b242830322d2d3226
47491d1d39453d37383f4a4f5a392f40
2b23120c1e31383b3a4039594c3b3a45
484a483c2f28282a2b3f482d1c202e39
383a484c494240474844483b3f443e42
5a7a5b3a485651615d52534f4c585c5d
5a655f555259707e80684a5164604d4a
6e6565635b555b5d515152493d423943
433d3b42505651504644232e36110c0e
141f26365f654d5b4d40484336363f4a
4e413538482410315057453d475a6f7d
7c655c605a5d40475e5d5d7271626d58
5d595e5e585a534d525252443131555b
5370786757526a90646562628c7d99a9
916a514e5f6d605a565a5c57575f5e5b
5e5e594f443e3e342218150f08060401
05040302020202020506060606060606
06070f0908244a6265615846414e544b
4a534a4848453f31190909060e131820
292c291f120e223531425956413d3e42
494b48494e4351524d56503b323a3d37
332e25252e342d1b111d313d3b353333
25202137434a49484b4d4d4b49474543
4536262424211e1d160c161f231d0c04
04060c100d07030101030300080d0b0b
0f10101c3040413c37240a06182c2d26
2a2e25212f2d2f231916151616151518
1c1e1d1e22201c161314161310141e1e
1511112c4546404245403a3c48483a39
474631292d3236362d3130332c353c3f
443c2b23262f29321d1b2a353a3d3a2e
232934302d2b233a34271913110f1427
3c414549454e4332282b323532333c52
53392e232032352b293b514e2d212c2c
292d261f242c2a2a405546613b252d3f
4240392a232b3b444442332d343f3b33
3a484c4c48423f4143433c4343434342
4b5051444c5e645d5c5858524c514b42
3d52584f494e5c5d5848374b6969524c
7974655a5d524a4b434744453d48454b
4a48474a57635d4a3b5031323d1b1a20
373b1e21586436464838434b4b4f504b
4640383d513e33454550544d5c75726e
6946366f5c5b725f5d6a6e6c67647053
68576c76624c44423f3d3c463b2f4139
46766f585350536a58676a5282969478
5f51535a585c4e54595b5d5a514d5457
54545857514a464d3f362f1e0e080806
05050402010101010305050505050505
05080d030732565e625f443b445b563b
35454d504d4a4b47362b2f2d3e494841
3b352e2e312f39454a504e3f33384148
484136364142414e525352473e45473b
2f22121527343a353a4a50422e2a333a
3f49454a484a494548483b3640433932
3e3a2f313a3c372f26231f1b2123130a
0d161916100a0503040a0e040406060b
151820312f373c322517090b1f2a2420
26201827322a271b1a1f1c1714121011
171c1b18181919171617161211151a1a
100d13334c463d414843383a494a3837
46452f272e3437352b312c332c343c42
453a2922252c252f1d1c2c363b3e3c30
252834332f2d2138312415101011182c
42474647454e43322a2c323533353f59
533731241c2d3228283c524c261f2d2a
2a2f2b23262c282842594a6137222c3e
403e3628232e3f4847412f2e38433e33
3b4b4c4b46413f414241394344454642
4a4a50464c5f685c5c5958524c4e473e
3a50564e474a59585245364b6869534c
787464595e524749434742453d49474c
4b4b494b58655e493a5234323d1e1d24
3c3f1e1f566130404637414a4b504f48
433e383e5241394a434f5852627a736d
664230705f5f7b645c6b706b65667253
6b586d79634a413f3c3a36453c334335
42736b545351506258696a5180979271
574d545b56584a535a5b5d59514c5356
52525758534c4951443c3422110b0a07
05050402010101010305050505050505
05080c020735585d615c3e37445b5538
33444d4f4c4a4d4b3c32353445514f45
3e37303137353d474d524c3b32394349
483f34333d413d4b50504f474046483c
3021121528353e3b415153402c29343c
434e4b4e494a4944474639343e423730
3d3b32353e413c342a29221c2225150c
10191b16110c0703050b11060507080e
171a23332e34392f2215090c212b231f
251e1627332a251a1a211d1714110f10
151b1a17161718171617171211151919
32313d4b4c42393635363e4745373037
402c232a3236342c2e2d2d2e373b403d
2c1818221c121525392c2e4643312322
221c181e2528191a1f181415192f4c49
3638413c3936262a3639343237445647
32413521251c131f3a4d4b352e3e4047
3d2f352e282a324150595b4d302b3636
3c3a3435404c4a3d321f273735353e40
434d4a35333f464d422a2c3a4c645e46
5459594447526d5d5850555341393539
505c49533d365559565d5b5448515151
5b54565c645a4b4d5b5b48534543453d
44504744575d4c4f464b39321f2e222a
332b26314043181b2e432e2422261f18
212734444e39435b40566e767c7c737a
6f512f55909d796a534f646d6c779363
75685b5d5d4e362e3b3a213a326d9549
2e30424250645348787d556f7c6a818d
674f55544b454258585c51515d65625b
554f4d505353564d463d3b3d3a301e0d
0b0905070a0602040201010205050709
010902050e394c555a43212236373c3b
475441322a354b4e46462e313532392c
4140393d3d3b3f3b413c403e42575b54
4c4035322e3422202d2824303d404348
433f3e3e434050514a402e1f253a453c
3e394d564c4b4a473f3c45473a39403a
3e3d42484846474643423b3230302924
2622140d18241c0a060f241e2029312e
261e1d21211e1b1d160e0d0f222e2a24
221e1b233129201f1a181c19100d1114
110d0f13111314151618191714131414
39383f4849403634363a424844373337
3a2b242b3437352f3232312e383f4037
241619211c1114263c2d2c403d2b1e1d
1d18161f252a1a161915161a25394640
373c3f373735282e3b3d3a3a3e475240
2f3e331f221b1a293c443f31313f3e43
3c303730292d36424f56564a322f3a39
3d3e3c3c424946382c272b3735363d3f
42494637353e43473f2f3b444f625d4b
575d5b494650685950464c4c3d36383c
515a4d54433a5558565c58544d52514f
5851555d66594a52625e4b5347454340
444c4444565c4f4e474d3c3420261f2e
3a36374047431d1f2838231b1b201c17
23303b47493a4a5d455971777d7f7478
7056325d94966f60504e637171758b63
6c5a555f62543d394b4c2f3a296a964a
2e2c3d404c615c53726a4a69796e7e84
634e54554841425b645e4e515e676059
554f4d505353574e463a373a3c372a1b
19171413100804050301020305040508
010703060f3b4f55564021202c313b40
434e4033293345463e3f2d3137363e38
4942393f413e4442433f433e3f54574e
45393133343b26232b221c293435383f
3c38393c43414d49433c2d21293e443c
403d50564b4a47423d4048473d3e423b
414043474645464542403b3331332f2c
2e2a1f19212a2416141b2e292a313633
2b27252725201a19140f0f0f202c2822
211e1d262d2820201c1a1e1911101214
120f1013111416171717181714131515
4c4d454242392e313c434b4b40393c37
2a282930373a39363e413b2e3a494126
10101b201b0f1329453328322c1c110f
0f0e1421232f1c0c080e1d284752362a
39483a2b33332d38464b4d4f5151482e
26392f19181a2f44412d21293a443a38
38333b382b3241434c4d4942363b4743
4049535048413a2a1e3b363536393b3d
40413c3c3a3b3c36363e635d565c5d59
5f686356434b5b503b2d333a312e3f45
5454565954475655555952565c55524c
4f4751606e57455e756755524d4a3f48
44433e43535c574b4d52443a2111173a
4b5464675b452b2b1a19080409121214
2b474f4e3d3f5d635361797c81867671
736539769e835445484d5f7b80707564
563745656f635156747c553d1264974d
2f24313c445b726f60382d5a737a776a
5a4d53584037446284654750626b5d53
55514d505355585345312c34414c4a41
413d3b33201009090403050706010103
0301070a124358544e39201e1322384f
3a3d3e33292e36312a2e2c333f424c59
604839444b48535749494c3e3a4b4b3f
32272737434f312a281008161c181d28
28282d384543443632352d283747413b
454a59564b484032394b4f47474c493f
4948464543434443403d3b37353c4043
45413c3a3b3a37383b3c49444446453f
3b3d3c3630251810101316101c26221e
1e1d212d212422232020221a14161415
1613121310161b1c1916161614121717
50484646413835393f45453c2d2b3332
282c2e353a3b39363d3c37343e40321e
12172023211b202f3e261b2721130d11
16171c26201f141219202c3749503f35
393f38303334323f494c4c4e4b473923
253a34241e1f34413624243540434339
3e3b413d2c3448474d4b443f3a3e453e
4049483c33373c33233938373e433e3c
3d3e40433f3f443c3f536f6354535659
5a594c4b3c45473c2a293d4a413c4847
514a515d584b565455584d4c54514d4a
514a515d6c56455a6a58515256544950
413e42484a474843454f4a422f1c2d4f
53494e51493921202021120d090d1527
44565350444f625c59687b7e7f7d6e66
5d5a3f677e6c57565e5a596a6f5d6571
5e3339566566595263796f4b0c486842
39393d424c5f6c685d3f3b5666736a5a
504a50533e3d56678a654f5a66675a54
56545051525152544a382f3038434847
4a433b37322922231d18151310070305
050106060c3f575249351d1b16254452
3f3f433830353a3631353c4d4f484652
57443a454c474d453934413b424f4a3f
362d2b353c48322c2810091419171d23
1d171b243536433832322c2c3a464143
4c4d534b43443d2f3749463d43494441
434442403e3f3f3d3a373836353d4447
48474747443e3a3e444447444447453f
3c3c3c37332d22181b23261e24292524
272628301f2524221f21231c16171415
1715131312161a1b1814141615121616
5544464c3f383e4344473f2d1a1b2a2e
2730343a3e3d3a363b38323a43362215
141f272628282f3636170c1c150a0914
1e20242b1e0f0b1a2c343d474d4d4841
39363736333537454e4c4c4c463c2917
253b39302525393f2a1a284347424c39
454548442e364f4d4f493e3d3e434539
42493c261d2c403c29363a38484d423c
3a3b454c45434d43486b7d69524a4f58
5648333f343d33261925475c534a5348
4f3f4d625d505653565748434c4e4949
534c505a6a5644565e494d535f5e5358
3e3a474d3f30383b3d4d504a3f274366
5b3e373a372c1615272a1e160a09193b
606658524c60675460707d817d73645a
454e46585d545b69766751575c49557f
67302e475a6a624d51778a5b062a3636
444e4a48556465625a474a52586b5b49
44464d4d3d436a6c916657666b635754
58575453524d4c56503e322c2e3a464d
554a3b3b46443d40382e27201a0e0407
07010602073c575043301a181a295257
4540483e373c3e3b383c4d69604f404a
4e403c474d474732291d36394c534940
3b3530343441342f28100a1315161d1d
1006070e2529433b312f2c303e46404a
53514d403b413a2b36473e333f474043
3c403f3b3a3b3a3734313635353e484b
4c4f53544e433e454d4c454345474640
3c3c3b3737372d202734382d2d2c292c
32302e331e2727221f22251d18191416
1918141415161a1b1712121616121616
5654483f3a312a3038362e231d20292e
303f403e3b3837363c392a3a402a1614
1a2226262c343c362b171d1513151b23
241c17191414243739333c4e503f3030
3834292c372e324045403c3a352d1d16
313d3e42352c313b3a30334649382c2f
464c514d34304345413c343a413f3b31
282f342a2026343832303f4154574743
454549484046584d4a62676051484e5c
5f442939322f2528303c4d50474a504d
574442645e52524c4b50494240494449
544b494c595145494c495f69665f5466
4b393a433d303a4037444845423b5555
423a3d414b2f21272e2b221c19233346
56574e4c4d61604c5669837f73746f68
605e4f50535655535856515a62575371
5c3b34425754434b6a7b713c081c201f
39474a41495d5e565144403f464a4b45
474e51453546695d775b6063635e5653
545353514a424149514e45362c334651
4c4f43383a2f2d3f49443936372f211a
130b0b040b3a524b3d302723313d4f49
4c4d43373e4a4b473c2c364b40332b2c
302b27364e50422c1d111e32424b4a45
3c312e3b40333a30251b1517191b1f22
1b130d0e18152c3737363c4345434247
4d4e4d43434b43363e4942404c4a3c41
394143414245423e382e35383b454c4c
4d4d4840382f292f3c46383332353734
2d292420252d28191e2b2c28241e1f2c
39372d2b242c2c2520202019181c1819
1b18151515131515110f1012100c0d0d
565c4a39372e2227332f27201e23282e
354646403a3636363d39263a3f241114
1d2426262e3a433626172411121a242a
271b111110172f443f333c5252392529
38332328392b2f3d413b35322d261815
363e404b3c302e39413a39474a331e2a
474f5551372d3d423b363039433e362d
1d24312c21243037372e41455a5b4947
4a494c463d475d524b5e5d5c50484e5e
64422437312a20293a464f4b434a4f4f
5b463d655f525149474c4a423b474249
554b4646514e4544454967736a5f546d
5138353f3c303b433540444244445d4d
36393f4454312630312c241f212f3f4b
52504a494e625d495266857f6f75746e
6b66534d4f5753494a4e515b655d526b
58403741564a364b757c672f09161615
33444b3e445a5b514c423c373e3c4344
48525342324868566b5664615f5c5753
52515250473e3d4351564d3b2c304653
4852473735262640524e423f443e2e23
18100e050d394f493b312c283c464e44
4f5340344250514d3e252c3e3126231e
23231e2f4e55402a180c142f3d474a47
3d2f2e3e462d3d3023201b181b1d2024
2019100e120c22363939434b48424346
4b4d4d44464f483c414a4546524b3b40
3841454447494641392d35393e494d4d
4d4c43382f2720253544322c2a2e312e
27201a161e2926161a27272620181b2c
3d3b2d27272f2e2620201e18191d191a
1c181515151313120f0e0f100e0a0909
312832392e262829282e2e2d30383737
3b45464849453e322d252c3038342d2a
292c31353d423d2519101f2831322715
0a09111e2a454d362934434837222235
4844393d443e3f4845382a211d253d37
4c3b2f3c37344443363a41382725322f
494b4f4e3f2c2e3e3a38333c3f2e211d
202d3a403d3833333629404a5a554343
453e3932394d594f4645535d5e514d5b
57482d1d2c241f1d2f374246454b4d5a
5959446e675754504a494c453543464a
43353d40445c67534650646b54525d6f
502d2f5368594a3e34332e3e353d4147
4842372f2c1a1322151518111b384a43
3a465f5e555c6f71586570675b585d61
4f6558545250352625314e635f54415b
5b4f303e413e3f44494e512021382520
2649532e152c433530383f41364e604e
463e3b372a3e4145534b5c4850656457
4f4a4943352f354c5d64604d342a3746
4a40383a3a332f34484a3e404a4b4544
40392c2836474a453b343a4048543f43
403618112533373f3f2d36322d243e36
2c190c101c24221b2b1c334a38292020
2425272a2936433020201e1d20211c16
12120e0e1c20182a33343e4947434747
45464c4948493f48504a46484b454044
474843404448443b3a4346474b4b433c
3b392f262422180e0f15120a06070c0e
0b0705060b161407091414100b070a1a
282417121c252c2f302f2c282a2e2a26
211c19130a0d0b090c10120f0b080606
2d26313a2f272829282e3030323a3b3a
3d45454849443b2f2a222b2d35332e2c
2a2c31373f423c241c14212c33312412
080b1523314a4d332835444635242637
46413a3f443f404846392b221f2a433b
4d392a36363746423439403526283732
4a4a4d4d412c2a3b3837333c402e221f
26313b403f3a34323429404b58524241
433c37313a4f584f4844515a5d4f4b57
51462d1d2b201e1c30374147484d4f5d
595c446b665754524b494c453541474a
3f323d41435c68544752626952535c6b
4f3033576b5b4a3e3430283b30393b45
473f33292517122016181b121c3a4b42
36415f5f575c72775b636b6258565a5d
4d645c58524e3226232e4b615e554058
5950313d3d3a3c4142464c21273d2b28
2d4c552e12273e2f2c363f40334d5f4c
433b39382d3e3c444f495a454d656558
4f4a4841332e364f60656250372a3340
453934393731313446483e40494a4547
454032303d4a49443c373f43464f3b44
3f331611232f323a3c2e38322d22413a
2e180c11191e1e1b2c1e354935251d1f
2324262a2837422f201f1d1d20201b14
11120f0f1e251a2932323a4545424645
42434a4948473e48504a474849444042
4847413d4145423a394547484b4a423b
3a382e24221f150b0a0e0e0602020709
07040204081212050712120d08050816
231f130f1820282c2f302c292c2f2b27
221e1c150a0d0b090c11120f0a070606
3343413b3d34262730353d38303c4a4a
4647403b362c22191d201e1f201b1c26
282327343e3d322b3c3633372d1b0d0b
15283b454d4a35232d43463e3f494e42
281d2f403737394246423d3b3f4c5743
3c24121b3045443833332d2c3d4d4e44
50494645422d1c25272f303b473c3940
4e493934393c342c2a303e4b4e433b3a
35343a3a4c5a504e56554d424b3f3a42
2634293525070e1f3d3f45545a596174
5663434b5d555056534b4a473b36454b
362c464d474f57504c57565d5263504b
494c5d6659443b3b36200c2716212634
2f231d11100f201b353e442c293c4841
2e2847555f6476886e55534c4f5e5649
4f62716f534334423b2d35495b60474d
454a413d3323202b302d35333e464f5c
6e615b371d28281623343833223d4033
2f303c4d4c483a4a4744503f4a5f635a
4f48463f3535465f65605d58462e201d
1e112432191b374144434041433b3744
4e574a4b584f4345494c554c2c1a2c4a
4935292d30251a1f2931423b33153d44
371c1b2e2e1e1926221d292824232b32
2c2328373d3a32282115131c1b1c1b12
131916152a36312c2c26202531383735
3335404645413d3d3d434a4a423e382b
43362a282c343834333d3e3f4547403e
42423726150802020301040201000101
0101010204090c060911120804050609
0906050804040a111b23252728242323
23272c241516100c1117150d08070505
353b3934312a252930333d38313c4a49
45403632302b231a1d1f1d1f1f181824
2723263238352a2538322d2a21171419
25323d4245433529313c3c3e44453d32
24212b373337383f423f3b393b464c3a
301e101a32454134323736353d474e44
4f4a45403d2b191e2a34333a463e3b41
46423a3636342b26293b424e4b413c3d
3b3c4343515b4e4e595845363e37373f
252f242d22080d1d383b45575a555b6c
4f60444959544b4d4e4a4b493f343f48
3a32464a454b5658585e58584c56504c
4f4d5656493f3c363327182b16181c27
262220150d10252a34373d2b31464f45
3533495766696f776355545158615549
485a747b5f4e3f453b2f3e585e5c4950
484a414132232631333033303d4a576c
785a4f38232427202b2c2d312b434134
2e2e3a484b483d4340414b404a5b5f58
4d4746443d3c4959615b58564b392a25
26131e2915182e34393d3f44463c353e
45524949544b41454c4f53472b1b344c
4c372c3232251b1e252e3c3d36153338
2c161526261a1e302e22312e26222930
2b242c3a3e3d332d281a172122211d16
171d17152935322c2d271f222e353639
393a40443f3a383c3e424848413e392e
3e3028292d343a3a3940414245453e3c
3f3b2f20120702020301030202010101
0102030303070907090f100703040507
0704050804050a0d17202224221b1c1e
22262b261a1b15111418150d08060404
392c2a251815222f30313c39323e4a47
4331221f2428261c1d1e1a1f1d101020
2823252e2c241b192f2921100a0f2138
4648423b34363636382d283d4f3c190f
1d2925252e38373a3a38383534393529
18120d193844392c303f49473d3a4d45
4e4c43363027131031403a3844414043
36343b3a3224191b28524a53473b4046
474e56575e5b4b505e61351c2327313a
23251b1c1b090b192c33475c5a4f515a
415a47465152413c424a4e4d48303341
433d48433f455569736e5d4e3f3a4e50
5c51483627343f2b2e3732331407070c
141f271e06142f4b33272d2a435b5c4f
474a4e5c74755f524d56585d6b69554a
3a4b7a937866564c3d34527965554c58
504b434a3123333f3b362e293a54688c
8c4d383b2e1e24353b1b152c3f4e4338
2b2b343e4a484234333c40434a535854
4b46494f4e4c514f58514c52564f4038
391810160d101a1923303c494d3e2f32
344848464d433e4652564e3d281d4651
543c323c38261d1c1d2731423c141f21
16080a1515122a45482d423a2b21252c
2a293440414337363727222d302a231e
21261a152934332b2e291e1d282f3341
47464240352c2d3a41414242403f3c34
3224252d303540474647494845423b37
372c20160b0402030501020404020101
0204060503020509090a0d0503030302
01010309060809060e191c1e15090d15
1f24292a2524201d1c1a130c08060202
211e1e1d1a1d2a393d3a3f3830353733
342d1f1c24303227231f1513191d2124
25272c2f2b28241d241a15131624363e
3a363c41313939353a322c3d4739251e
252e2f32393632312e2b2b262026322e
1c1917233a342c30393e3d3d38364b4e
524d3c28222a221433443a323d3e3a38
323336312a24242b365448594d41494e
51585b5b5c574f565e5d34212229353a
2c1c10181a0b07192e3848585853555b
4e624c494e584438404d4f423b362a39
4a443e30324a6371715f524744385460
6548474f473a2e2e2a4248351d111a1b
1d1e1d180b192f4e42363f3a4b545151
54525461707767504d585f656b624b44
373765816d6a664d3f436178584a4c55
4e4f4a5a4b343239382d1f2e3d585d6f
84513e3b2a213c635a201d313a494c45
3a3937333a4237202e3e3a424d5d6057
4d464a5353494152615748474c4f4a43
3b241212141010161c232f3e4741373b
3b3b413d444140454e534c392f3d4b4d
4c3c2b332d1f1c1d1a21263131131111
0b07080c0e152e48421d2b2e2928343b
3122242b2a322c292b231e2a33353232
3636261c2c34312f312a202029343d3d
46403535302f3c423f3b3c42443d3635
2f272f3a36323942403c434543423f3b
3a27150d080402020301010202020207
0f1719130c060a1314161c0e06030202
01010205040708050b171918120a0f19
1e1a1616161b1c1c1b19151212100404
0c1214161c243142494242382f2e2521
26291d1925363d312920100916293029
222a332f2a2b2e221b0d0b1521374944
2f2636472e3c3c353c382f3d4035302b
2b32383e44352e2a23201f190f152f34
1f1f212d3c252133413e333434334a56
564f361c162d2f1834483b2c373b352e
2f33312a24252d384357475d52465156
5961605f5b54535c5f5a3326222b383a
351407151a0d0519303d4a555757595c
5a69514c4c5e47333d514f38313b2232
514a351f264e6f78705248414836596d
6d3f476663401e31274b5b37261a2b29
251f1412101d2f5150434f49524f4854
605959676c786e4e4d5a666c6c5c413f
34265271636e744f40516f784d414c52
4d53516961423134362512323f5c5256
7c55443b2623518c7525253535455551
48443a2b2c3c2d0f2a4034425067675a
4f474b5759473455695c463d444f544c
3d2f140e1a1108131518243442433f43
412f3b353d3f42454a514b3536595049
463c252a24181b1d171c1b2227110402
020706030817324b3d0f1724282e4149
371d16181722221d211f1c27373f4043
494630222f342f32342a21232b38453b
443a2a2b2b33494a3e373741483c3036
2e2938453b2f343e3b343f4341434340
3e220c0504040201010201010102030c
1a282b1f130a0f1c1e21291609040202
02020101020708040a1617130f0b121c
1e1106050913191b1b1917181b190606
2221273131313b4a47383a30241f1b19
18161218272f261b1c160d0c1019262d
2c292c2f2b21190e0c1723323c43433f
3d3a323036393b37383c40413b38372e
3645473e2c29251c1c1f160b0b142726
202c30333f3e413b2f28262a3a4c5159
4c402b120d212c2a40473f2a2b373a3b
35313233313236393f494e5e4c4d575c
5c5a5d68614d3e66624d29313a3d3d3e
4539241e26211a20263848545d5c5b59
5b463f4d6056443d40403b32262b1e2f
555c3a2d4c615c565044434f4f46424e
4e4353604f3024353c415352433e433f
39392e1617354b5456525f564d495059
58575c6a5962574e4c616a68665a4946
2a2a334079896749475464644d494842
3d6354544f3f3935281e1d3f2f4d5339
3c3e463d2a27406d8d53364069544643
433927233847452221353b536c786c5a
4e4a544f43524d585b554a424551595a
5038201a1e1d0c0c13100f21383d3e42
4531272a333431364046474246503a2d
332b171c201b1e251d131c1d1a1a1c10
0b171d18120b121f25090e221a213a44
36231e1f141d0f0b0d0e162732353537
393b3833312e26272a2c2b2b313b423f
443c2e363f404c483e3f43433a313138
393e423a251615212d3136333a3a3333
2a1c0e06050401010103020202040c22
353c392d1f1917191f252a20140f0c06
0406081206040605060b11171b1e1d1a
0f080b0805090e1718120e131919110e
2a262e3a39353f4c4735372d211a1816
130f0e17282c1e1417120c0d0e13222f
2f29292f2c1e1208071b2c3c4548413d
4241312839383b38363e464339393a30
394c4c3e232523171a1e13070a142522
2131363540474c3e282122273d55545a
493b270f0a1d2b304546402a27353b40
383032363636393a3e44515e4a505a5f
5d575b6c634b37696448263443433f3f
4a462e212a282223233747555f5e5d59
5b3a394e68534341413b343023251c2e
57633c325a68564a46404154524c3a43
4445575f482b2637443e505b4e4b4c47
40423717193d55565957655b4c47535c
55575d6b535b504e4c646c67645a4c49
272c2830819262474955605d4d4c473d
3869554d493e3c36231c22442948532f
2637473e2b283a6295643c447b5a413f
413621213c4b4d291e313d59757f6e5a
4e4c574c3c56565a56534b4446515b5e
563b241f20220d09130e081b353b3e41
463121262f312b313d4246464c4d3224
2d2513181f1c1f271f101d1b161d2415
0e1d2420150607101d070b21151d3843
36252022131b08040608142630313233
33373b39322c2323262c2e2e333c4241
443d2f3b47454d473f424744352d3239
3d4645361e0d0b172831332e38372d2e
231a0e07050401010104020302050f29
3e433e32231f1a1820262b2418140f08
05080a1808030605040710182025221a
0a050d0905050b1517100c1219181511
33363a39383e443e332e261c1614100d
0c0f0e0f16170d080b0b0e232d28201f
23262b2815090d1b2b3b3f424b555144
3b37353d492412202f3129201c273439
444c423521313927150b080c1514101e
21222b3a443c2a1f20282d3040545432
32373425191a2535464440353941362c
35383839383a41464e5e61524b63635d
5f6061646557304f513c3833303f4c48
463f27070f242a271725425452464f60
6331274855403a3b32272e3c2e233645
44565a767c5d40424a43504645341d2f
3e47463d353a463a3f4b514f4f4f5054
4e4e4c3a3b4c4c43544c523f45526873
655647473a4d4f55585862655e55566b
463d2e49978648374b584e3e434f4d3e
315745586c512f222b3d30466147341e
21304045301f356390725787955b4039
352c23304e554643454241566b6b6a6c
635553483c505043414144494c4e5054
594d403f372d1510211e0d09121e303b
423c28262421212d38373434383c2c26
27140913222b32382d1d210d0b193238
38424742341c0c0a15080b17100b1622
1f16141c1513050405040817241f1514
141c272f3232363634312e323a414342
392a202e373439424444454136333c44
2c2d291e1007070e16171d1d2a281a18
0d08040205080704020102060b161e2d
36363128232827222525272628302b19
131c2b402a211f2021262d2f30322f2b
1e1a25221c0f0d11110d09090a0a0a09
34363938373e443c302a221915140f0c
0c10101014140c080c0c13272f29211f
22252722130b1322303e41454b514d42
3a37373f411e0e1c2c2e271f202c383c
44493f3524313927140a080f17140e1e
21212a3a42372720252f33344253532d
2f37362a1b19233547413b313740362b
34373838373a4247505d5f515069655d
5e5f60606357324e51403e36303f4d46
413a24070c1f2626192640504d434c5b
5f362a48503d393b3228314032253847
43545a797b583e434d49534742311e2d
3c46443a323a46393c4b4f4b4d4d4f54
4e4e4f3f404b473e4c454b3841506570
62544443394d4d52555560635c545a71
4f4534458980473b4c554c40454f4c3c
2f5445566c512f223048394a6a4b3825
29354146321f34658d7156838a58403a
352c25304b5045464b4541546665676d
675752483e5050454342464c4f4f4f52
584e43443b311b172826160f141c2d38
433e2825221d1d2a34322e2f34372b27
26120812222b31342a1a1d0c09162e35
374147433621110f1c11141e150b131d
1b13121a1511070a0d0a09141f1c1310
1017232c2f2f363735312e32393e3f41
37292130373338414443433e34323b42
2a2a271e120b0a1016161c1b28241715
0c07040205090806040202070d19212e
35343029242826212322242629302a1b
17212e402b221f2021272e2f31322f2c
201c25221d110f11110f0b0a0a0a0b0b
33313432343f4236261b110f13130c09
0f1a1c15110e0b0a10162b3532292223
231f13090e1b324040464953473a3331
343a40421604050d1d202226384d5048
423b3237342e3527130a0e181e13071c
25232b383621212f404f50494b504b1b
2839413c251117354b34201a2a39372f
32333535343842495254524f68816c5d
5b59595257563e50595b564236444c39
2a24140f0304131d262d353a38393d3c
4c4f3f463d34393e3b36405044333f4a
434d4e746a4337495a62635038282a29
353d3d302a363c312e4844394343464e
494a55514e43302728262c1a2f425055
4d4c3a383c4f47423e48555c55536c88
7669562a3a61475050424856544f4130
264b494b624e322a48765f5e8b62574f
534f49493d25316f8066485e4e473f3e
3a322c2f37334353604d42454a46546e
725e4f4c49515353514c525d5e544949
504f4b524b413338484c4033281d1e29
4c422922170d0f1c2019181a22282629
230c08111e2625201408090a02051521
27333f403a362e2b414242452d10080b
0a060612150b102735271209070d0f07
0407121c1f1f2f3739332e30312c2b3a
31282b3c3e36383f413e3b332a292e32
22202122211f1e1f1e1619151c170b0c
0b0b070406090d0f0e09020c17272c31
312e2f2e2524201a1a1515222627221d
27373939261c17171b242c2e30302d2d
2620231f1d1c1511151714110f0f1213
362f3537393d3a2f2318111116140c09
0e191c15100f0e0f151b2c302c252120
1e1812131e2b383a353c424c41373334
3635322f10070a1320262b303b464841
3b32282c29282b20130f13191a110c1f
2a2b31383321212e3f4d4e494a4d4920
2b3d433b261419354c311d19293a3a34
32343739373c454952544a4f63705c55
585556545755464f4e504c49464a4329
1c1a1212030411263b413d3635383830
4155423f39383a3c3f41464f44333c47
4348425c52383747545d5d4e3b332a25
2d3d3f35333b3a2b2a3f3e373d3d4145
3f44504d4738262321262d1e33434c51
4c483a3b44544d4c4a494f5251556a80
6c675a23336953534a3f49544f463e32
27454547574a3931456c595571595a4c
4742444e4527285a6f593b5d50463e3d
3a3634383d363a46564a474547464e63
6c5a4b4c494b4f55564f515d5f554a48
4f4e49514d443a40494941383123191f
45492e291d1110181812161921272425
1e0b0a111b2220170e06060702030f19
1e262f323337343143403c3c2e160d0d
0a05050e11090e26352712090a0f0f06
030610191917242d33302d2d2c252435
322c314040393b3d3d3b38322a292c2e
26222020201c1815130f120e1310070b
0e0f0c0908090c10110d09131b272b30
2f2d2c281f1e1d1e221e1e2828262220
2c38322c20181310121923292d2d2a2c
2721211d1d1c16121519181512121c1f
3b2d3741413a2d241e1310171d160b07
0e191d160f1014171f252e29211f1e1b
160d11253946422f222b37413731353a
3a2e1a0f060c141c25303b423f3b3b35
3024181a151e1b1413181c1a140f1425
32393d382d21212e3f4a4b4a4b49452a
3244473b291a1c364d2d1817293b403d
34343c3e3d42494b51533d4f5b524049
545051575653544d3b3f3c546156330f
060a0d1904050d365e634a323037301a
2e614732333f3c394652504e43323642
433f2f34292738454a55544b42452a20
223d443f424337212431353333323835
2f3948463b24161b15262e243a46474b
49423c41515d585d604c44424a5a6673
5a65611929776757413a4b5246383a35
293b3f414544453d415b4f4744496149
332d3c57532b19355245245d52443c3b
3a3c4247493c2b3045454f4644474352
6354444c4941495a5e53515d62584c48
4d4d444f504a444d4b464241402d130d
3a543734291912120b06131721252120
16090c10181d160a040302020202070c
0e0f151c28393f3a473d332f321f1611
0903030709040b23332611090e140f04
01040c130e09111c292c2a2923191a2e
34333c47433e403a3537352f2b2a2a27
2e25201f1d160d050304050205040209
141614110d0a0c12151314202328292e
2e2b271e14151a25302d2e322d262226
3439271715120c05030815212828252a
29231e191d1d1713161c1f1d19192d33
462c2c2e2a241b1c221a182021160d08
0a1218140f11181e25261c1610100f0f
1b292c2e393b2f252a3843423b3b3b33
291d12111d2124293440433f3d3c3429
2015111b1d1f161012181b160e0e1b28
34393b362f2c2d384547423d39333027
283b3929201d1c293d2c273442453b2f
2f38414442474c4b50583c4f44312e46
5857595f5846454031324769684b2f22
1f130915080409225665543c2a2b2a1c
2a54302a35433b323e4a47433a324650
474143362323313c40474f4150563028
364c4939393f2f1f2826343e312d342e
2834433f311b121d273c382c363a3538
464f4f525f5f5b62644d4046586e786c
555f4c143a73654a3632435041394a4d
3b3e414d4c51584e4247464d4a44553e
3436373a3d2813314b44314a52574c44
3d3e4447473e3534494855453c3c394b
5f52424b463542535b4f49535a554b46
4b4a3e4e544d454a4f483b3943402712
3143272f30282322180e14152124211e
120c0e10181f190b040502010304060d
1110111826373b3237251715201b1e19
0b030204040305101b13080b1a1c0d02
0102090f070408111f262827221d2434
3e393b413e41443a353836302c2c2923
1e140f0e0d0b0805020306050c0c070f
1d1f20211f1b1a1d1f1d242f2926242a
2a2625231a1c222e352d2b3030313130
3230231a1a19120603060f1c2423222a
2e292421271e1917171b20201a19353c
4f2b24211b140f1724201e2723160e08
080d15130f121c2329280f0904050407
203e40353a33221e30424c433f433f2f
1c110c132e3130333f4c4a3d3d3d2f20
160b0c1c2320120e12191a130a0d212b
353a3b353034374049453b342c242225
22352f1d1b201c20322c3349554c3824
2c3a4648464a4e4b4f5c3b4f34192243
5b5d6066593d3b372a284f796d432c2f
311b05120b04061350665d432722261e
284b202337463b2e3845403c3331515a
4a4352381f1f2d36393d4c3b5a62352e
45574d35333d2a1d2b1e3447302a3128
233240392b150f1f344d40323331272b
44595d5e69605c65684e3e49637d8568
525c3e11477063402f2d3d503f39575e
48414357515b675a433a40534e404c36
353d33262d250f2e47433b3c5265584b
4040464746403d374c4a5a4336353246
5d50404b432c3d4d594d444c55544b45
49483b4d574f4648524a3734464e3516
2b381c2b36332f2e221315152024221c
100f101119211b0c050603010406060e
14120f152536392c2b1304021419241f
0d030202010301020a04020c22230d00
0001070d030102081822272722212c39
453d3b3d3b42463a343937312e2e2921
13080402020305050203060811120b13
2425282d2d282525262530392e242127
282323261f222935392d292e33393c38
3129201d1e1f170803040c19211f202b
322e28262f1e1b1a181a20211c1a3a43
492b2923201e1718262722282014120a
070a121413171f292e27140a050a0606
1d3b40383d35201c3241463f3d443f2c
19100d142f30323b4548423b3c392e24
1809091a201a1214141417140b0c1c2c
37333333313437434e493c342a232b26
1d352f191f2c231e342e32464b43382a
2d3a464742464b484c5641522a172e4c
5b595560634235373626437872432729
29191116060b0b194d605b401f1d2922
2245162636413c343435383e31325353
43435d361d1f2b3539444b3b5c633032
465e4e3438402b1d2f18365334293026
23323d372a151021344d382f31322931
484d595b6e616169654337486683866b
4e5a47104068694a382e3c553c365b5f
483d46524f5c645b47313b5d483d523b
30332d2f3022152343433f444f605346
3c40494845413838564b5c4a3c343349
5f53424e45263e4b5a4f45484f514941
4745324a5c534a49504c3b333e4b3d19
2239182b39352e2a1b0e13101a1f2421
11151412181f1a090303010203020308
141612172736352a2e1505060c172921
0c020202010401010503020b21251101
00000309010102061623292821223441
4b3e3b3c3c46483a373c362c292a251c
15090302010103040102060912140a0d
1f20252d2d2824232326364030221e26
27201d1f1f252c36372d2c2e30353a3a
322823241f231a0904050c171c1a1c2a
332f2929341d1f201b1b2227211d3643
482b2a2421211919262923292013130a
070a11141418202a3027150a050c0706
1d3a40393e361f1c3341453e3d443f2b
18100d143030333d4747403b3c382e25
1808091a20191215141417150b0c1b2d
383131333135374450493d3529232d26
1c352f18202f251e352e32454941392b
2d3a474641454a474b5542532817314e
5b58525f664334373a26407873432627
27191418050d0c1b4c5e5a401e1c2a23
2144142736403c363331363e31325351
414360351c1f2b3539464b3b5d632f34
46604f3439412c1d3016375735292f26
23333d362b151021344e362f31322a32
494a585b6f61626a654036486784876c
4e594a103f666a4d3b2e3b563c355c60
483c47514e5d645c482f3960473c543c
2f302c3130211720424440464e5f5245
3c41494945413739594c5d4b3d34334a
6054424f45253f4b5a5045474e504940
474430495d544b4a504c3c333c4b401a
203a182b3a352e291a0d130f191d2523
12171513181f1a090203010203010206
141712182836342a2f1606080a162b22
0b020203010401010402020b21261201
000003090101020516242a2821233744
4d3e3b3c3c48493a373d362b2829241b
1609030201010304010206091214090c
1e1f242d2e2824222226384131221d26
271f1b1e1f262d37372d2d2e30343a3b
332823251f241b0a04050c161b191b2a
34302a2a351d20221c1b2329231e3543